timestamp,fenomena,penerangan
2022-01-03 02:33:00,Bulan Baru,Bulan memasuki fasa Bulan Baru pada jam 02:33
2022-01-04 06:20:00,Hujan Meteor Quadratinids,Hujan Meteor Quadrantids boleh dilihat mulai 26 Disember hingga 16 Januari setiap tahun. Kemuncak Hujan Meteor Quadrantids dijangka berlaku pada awal pagi 4 Januari 2022 dengan bilangan meteor sekitar 60 hingga 200 meteor per jam. Kenampakan hujan meteor tersebut adalah agak baik kerana tiada gangguan cahaya Bulan pada waktu semasa kemuncak berlaku.
2022-01-10 02:11:00,Bulan Suku Pertama,Bulan memasuki fasa Bulan Suku Pertama pada jam 02:11
2022-01-18 07:48:00,Bulan Penuh/Purnama,Bulan memasuki fasa Bulan Penuh pada jam 07:48
2022-01-25 21:40:00,Bulan Suku Akhir/Ketiga,Bulan memasuki fasa Bulan Suku Akhir pada jam 21:40
2022-02-01 13:49:00,Bulan Baru,Bulan memasuki fasa Bulan Baru pada jam 13:49
2022-02-08 21:51:00,Bulan Suku Pertama,Bulan memasuki fasa Bulan Suku Pertama pada jam 21:51
2022-02-17 01:00:00,Bulan Penuh/Purnama,Bulan memasuki fasa Bulan Penuh pada jam 01:00
2022-02-17 07:58:00,Utarid Pada Elongasi Paling Barat,Utarid pada Elongasi Paling Barat iaitu 26.3 darjah, Utarid boleh kelihatan di langit timur sebelum Matahari terbit.
2022-02-24 06:34:00,Bulan Suku Akhir/Ketiga,Bulan memasuki fasa Bulan Suku Akhir pada jam 06:34
2022-03-03 01:34:00,Bulan Baru,Bulan memasuki fasa Bulan Baru pada jam 01:34.
2022-03-10 18:45:00,Bulan Suku Pertama,Bulan memasuki fasa Bulan Suku Pertama pada jam 18:45
2022-03-18 15:17:00,Bulan Penuh/Purnama,Bulan memasuki fasa Bulan Penuh pada jam 15:17
2022-03-20 23:33:00,Ekuinoks Bulan Mac,Matahari berada di atas garisan Khatulistiwa dan akan terbit tepat di timur dan terbenam tepat di barat. Di Hemisfera Utara, ekuinoks pada bulan Mac dikenali sebagai ekuinoks musim bunga manakala di Hemisfera Selatan ia dikenali sebagai ekuinoks musim luruh.
2022-03-21 07:00:00,Zuhrah pada Elongasi Paling Barat,Zuhrah pada Elongasi Paling Barat iaitu 46.6 darjah, Zuhrah boleh kelihatan di langit timur sebelum Matahari terbit. Planet Zuhrah akan terbit pada jam 04:21 manakala Matahari akan terbit pada jam 07:16
2022-03-25 13:37:00,Bulan Suku Akhir/Ketiga,Bulan memasuki fasa Bulan Suku Akhir pada jam 13:37
2022-04-01 14:24:00,Bulan Baru,Bulan memasuki fasa Bulan Baru pada jam 14:24.
2022-04-09 14:47:00,Bulan Suku Pertama,Bulan memasuki fasa Bulan Suku Pertama pada jam 14:47
2022-04-17 02:55:00,Bulan Penuh/Purnama,Bulan memasuki fasa Bulan Penuh pada jam 02:55
2022-04-23 00:00:00,Kemuncak Hujan Meteor Lyrids,Hujan Meteor Lyrids boleh dilihat mulai 18 hingga 25 April. Kemuncak Hujan Meteor Lyrids pada awal pagi 23 April 2022 dengan purata 18 meteor per jam. Fasa Bulan Suku Akhir akan mengganggu kenampakan hujan meteor tersebut.
2022-04-23 19:56:00,Bulan Suku Akhir/Ketiga,Bulan memasuki fasa Bulan Suku Akhir pada jam 19:56
2022-04-29 19:11:00,Utarid Pada Elongasi Timur,Utarid pada Elongasi Paling Timur iaitu 20.6 darjah, Utarid boleh kelihatan di langit barat selepas Matahari terbenam. Planet Utarid akan terbenam pada jam 20:38 manakala Matahari akan terbenam pada jam 19:17
2022-05-01 04:28:00,Bulan Baru,Bulan memasuki fasa Bulan Baru pada jam 04:28.
2022-05-01 04:41:00,Gerhana Matahari Separa,Gerhana Matahari Separa berlaku mulai pada jam 02:45 dan berakhir pada jam 06:37 waktu Malaysia. Fenomena tersebut tidak dapat dilihat di Malaysia tetapi boleh dilihat di kebanyakan bahagian tenggara Lautan Pasifik dan bahagian selatan Amerika Selatan. Liputan sebanyak 53% dapat dilihat dari Argentina.
2022-05-01 05:30:00,Konjungsi Zuhrah dan Musytari,Planet Zuhrah dan Musytari akan kelihatan berdekatan antara satu sama lain di langit dan hampir sejajar dari Bumi dengan jarak sudut 14 arka-minit pada ufuk timur.
2022-05-07 03:00:00,Kemuncak Hujan Meteor Eta Aquarids,Hujan Meteor Eta Aquarids boleh dilihat mulai 19 April hingga 28 Mei. Kemuncak Hujan Meteor Eta Aquarids berlaku pada awal pagi 7 Mei 2022 dengan purata 50 meteor per jam. Hujan Meteor Eta Aquarids merujuk kepada titik kemunculan hujan meteor di langit iaitu di kawasan buruj Aquarius, tetapi kemunculannya masih boleh berlaku dari pelbagai arah. Kenampakan hujan meteor tersebut adalah bagus kerana tiada gangguan Bulan semasa kemuncak berlaku.
2022-05-09 08:21:00,Bulan Suku Pertama,Bulan memasuki fasa Bulan Suku Pertama pada jam 08:21.
2022-05-16 12:11:00,Gerhana Bulan Penuh,Gerhana Bulan Penuh berlaku mulai jam 09:32 dan berakhir pada jam 14:50 waktu Malaysia. Fenomena tersebut tidak dapat dilihat di Malaysia kerana berlaku pada waktu siang. Gerhana tersebut boleh dilihat di Amerika Utara, Greenland, Lautan Atlantik dan sebahagian Eropah Barat dan Afrika.
2022-05-16 12:14:00,Bulan Penuh/Purnama,Bulan memasuki fasa Bulan Penuh pada jam 12:14.
2022-05-18 04:00:00,Konjungsi Marikh dan Neptun,Planet Marikh dan Neptun akan kelihatan berdekatan antara satu sama lain di langit dan hampir sejajar dari Bumi dengan jarak sudut 34 arka-minit pada ufuk timur.
2022-05-23 02:43:00,Bulan Suku Akhir/Ketiga,Bulan memasuki fasa Bulan Suku Akhir pada jam 02:43.
2022-05-27 10:20:00,Penghijaban Zuhrah oleh Bulan,Penghijaban Zuhrah oleh Bulan, iaitu Bulan kelihatan melintas di hadapan Zuhrah dan melindungi Zuhrah dari pandangan kita. Penghijaban bermula dengan kehilangan kenampakan Zuhrah di belakang Bulan sekitar 10:20 pagi dan ia akan kelihatan semula sekitar 12:10 tengah hari.
2022-05-29 03:30:00,Konjungsi Marikh dan Musytari,Planet Marikh dan Musytari akan kelihatan berdekatan antara satu sama lain di langit dan hampir sejajar dari Bumi dengan jarak sudut 39 arka-minit pada ufuk timur.
2022-05-30 02:43:00,Bulan Baru,Bulan memasuki fasa Bulan Baru pada jam 19:30.
2022-06-07 22:48:00,Bulan Suku Pertama,Bulan memasuki fasa Bulan Suku Pertama pada jam 22:48
2022-06-14 19:51:00,Bulan Penuh/Purnama,Bulan memasuki fasa Bulan Penuh pada jam 19:51
2022-06-17 06:50:00,Utarid Pada Elongasi Paling Barat,Utarid berada pada Elongasi Paling Barat iaitu 23.2 darjah, Utarid boleh kelihatan di langit timur sebelum Matahari terbit. Planet Utarid akan terbit pada jam 05:32 manakala Matahari akan terbit pada jam 07:04
2022-06-21 11:10:00,Bulan Suku Akhir/Ketiga,Bulan memasuki fasa Bulan Suku Akhir pada jam 11:10
2022-06-21 17:13:00,Solstis Jun,Matahari akan berada pada kedudukan paling jauh ke utara dari khatulistiwa iaitu di atas Garisan Sartan (23.5º Utara) pada jam 17:13. Ia menandakan bermulanya musim panas di Hemisfera Utara dan bermulanya musim sejuk di Hemisfera Selatan. Waktu siang menjadi lebih panjang dan waktu malam menjadi lebih pendek di Hemisfera Utara sementara waktu siang menjadi lebih pendek dan waktu malam menjadi lebih panjang di Hemisfera Selatan.
2022-06-29 10:53:00,Bulan Baru,Bulan memasuki fasa Bulan Baru pada jam 10:53
2022-07-04 15:10:00,Bumi Pada Kedudukan Aphelion,Bumi berada pada jarak yang paling jauh dengan Matahari, iaitu sejauh 152,098,455km. Kedudukan ini dikenali sebagai aphelion.
2022-07-07 10:14:00,Bulan Suku Pertama,Bulan memasuki fasa Bulan Suku Pertama pada jam 10:14.
2022-07-13 17:09:00,Bulan Perigee,Bulan berada pada jarak yang paling dekat dengan Bumi, iaitu sejauh 357,263km. Kedudukan ini dikenali sebagai perigee.
2022-07-14 02:37:00, Bulan Penuh/Purnama,Bulan memasuki fasa Bulan Penuh pada jam 02:37. Bulan Penuh Perigee, iaitu bulan purnama yang berada paling dekat dekat dengan Bumi, kelihatan terbesar dan tercerah untuk tahun 2022 yang juga dikenali sebagai Supermoon.
2022-07-20 22:18:00,Bulan Suku Akhir / Ketiga,Bulan memasuki fasa Bulan Suku Akhir pada jam 22:18.
2022-07-29 00:00:00,Kemuncak Hujan Meteor Delta Aquarids,Hujan Meteor Delta Aquarids boleh dilihat mulai 12 Julai hingga 23 Ogos. Kemuncak Hujan Meteor Delta Aquarids dijangka berlaku pada awal pagi 29 Julai 2022 dengan purata 20 meteor per jam. Hujan Meteor Delta Aquarids merujuk kepada titik kemunculan hujan meteor di langit iaitu di kawasan buruj Aquarius, tetapi kemunculannya masih boleh berlaku dari pelbagai arah. Kenampakan hujan meteor tersebut adalah bagus kerana tiada gangguan bulan semasa kemuncak berlaku.
2022-07-29 01:54:00,Bulan Baru,Bulan memasuki fasa Bulan Baru pada jam 01:54.
2022-08-05 19:06:00,Bulan Suku Pertama,Bulan memasuki fasa Bulan Suku Pertama pada jam 19:06.
2022-08-12 09:35:00,Bulan Penuh/Purnama,Bulan memasuki fasa Bulan Penuh pada jam 09:35.
2022-08-13 00:00:00,Kemuncak Hujan Meteor Perseids,Hujan Meteor Perseids boleh dilihat mulai 17Julai hingga 24 Ogos. Kemuncak Hujan Meteor Perseids dijangka berlaku pada awal pagi 13 Ogos 2022 dengan purata 60 meteor per jam. Hujan Meteor Perseids merujuk kepada titik kemunculan hujan meteor di langit iaitu di kawasan buruj Perseus, tetapi kemunculannya masih boleh berlaku dari pelbagai arah. Kenampakan hujan meteor tersebut adalah kurang bagus kerana terdapat gangguan bulan hampir purnama semasa kemuncak berlaku.
2022-08-15 01:02:00,Oposisi Zuhal,Planet Zuhal akan berada pada kedudukan oposisi, iaitu kedudukan bertentangan dengan Matahari merujuk kepada Bumi. Semasa oposisi, Zuhal akan disinari sepenuhnya oleh Matahari dan boleh dilihat dengan lebih terang berbanding ketika ia berada pada kedudukan lain. Planet Zuhal akan kelihatan di langit malam sepanjang Ogos hingga Disember.
2022-08-19 12:36:00,Bulan Suku Akhir/Ketiga,Bulan memasuki fasa Bulan Suku Akhir pada jam 12:36.
2022-08-27 16:17:00,Bulan Baru,Bulan memasuki fasa Bulan Baru pada jam 16:17.
2022-08-27 19:15:00,Utarid Pada Elongasi Timur,Utarid berada pada Elongasi Paling Timur iaitu 27.3 darjah, Utarid boleh kelihatan di langit barat selepas Matahari terbenam. Planet Utarid akan terbenam pada jam 20:53 manakala Matahari akan terbenam pada jam 19:20
2022-09-04 02:07:00,Bulan Suku Pertama,Bulan memasuki fasa Bulan Suku Pertama pada jam 02:07
2022-09-10 17:59:00,Bulan Penuh/Purnama,Bulan memasuki fasa Bulan Penuh pada jam 17:59
2022-09-18 05:52:00,Bulan Suku Akhir/Ketiga,Bulan memasuki fasa Bulan Suku Akhir pada jam 05:52.
2022-09-23 09:03:00,Ekuinoks September,Matahari berada di atas garisan Khatulistiwa dan akan terbit tepat di timur dan terbenam tepat di barat. Bermulanya perubahan musim panas di hemisfera utara kepada musim luruh dan perubahan musim sejuk di hemisfera selatan kepada musim bunga.
2022-09-26 05:54:00,Bulan Baru,Bulan memasuki fasa Bulan Baru pada jam 05:54
2022-09-27 03:17:00,Oposisi Musytari,Planet Musytari akan berada pada kedudukan oposisi, iaitu kedudukan bertentangan dengan Matahari merujuk kepada Bumi. Semasa oposisi, Musytari akan disinari sepenuhnya oleh cahaya Matahari dan boleh dilihat dengan lebih terang berbanding ketika ia berada pada kedudukan lain. Planet Musytari akan kelihatan di langit malam sepanjang Ogos hingga Disember.
2022-10-03 08:14:00,Bulan Suku Pertama,Bulan memasuki fasa Bulan Suku Pertama pada jam 08:14
2022-10-09 06:58:00,Utarid Pada Elongasi Paling Barat,Utarid berada pada Elongasi Paling Barat iaitu 18 darjah dari Matahari, Utarid boleh kelihatan di langit timur sebelum Matahari terbit. Planet Utarid akan terbit pada jam 05:54 manakala Matahari akan terbit pada jam 06:58
2022-10-10 04:54:00,Bulan Penuh/Purnama,Bulan memasuki fasa Bulan Penuh pada jam 04:54
2022-10-18 01:15:00,Bulan Suku Akhir/Ketiga,Bulan memasuki fasa Bulan Suku Akhir pada jam 01:15
2022-10-22 00:00:00,Kemuncak Hujan Meteor Orionids,Hujan Meteor Orionids boleh dilihat mulai 2 Oktober hingga 7 November. Kemuncak Pancuran Meteor Orionids berlaku pada malam antara 21 dan 22 Oktober 2021 dengan purata 20 meteor per jam. Kenampakan hujan meteor tersebut adalah agak bagus kerana hanya sedikit gangguan bulan sabit tua semasa kemuncak berlaku.
2022-10-25 16:58:00,Gerhana Matahari Separa,Gerhana Matahari Separa berlaku mulai jam 16:58 dan berakhir pada jam 21:02 waktu Malaysia. Fenomena tersebut tidak dapat dilihat di Malaysia tetapi boleh dilihat di sebahagian besar Eropah, bahagian utara Afrika, Timur Tengah dan Asia Barat. Liputan sebanyak 80% dapat dilihat dari bahagian tengah Rusia.
2022-10-25 18:48:00,Bulan Baru,Bulan memasuki fasa Bulan Baru pada jam 18:48
2022-11-01 14:37:00,Bulan Suku Pertama,Bulan memasuki fasa Bulan Suku Pertama pada jam 14:37
2022-11-08 19:00:00,Gerhana Bulan Penuh,Gerhana Bulan Penuh berlaku mulai jam 16:02 dan berakhir pada jam 21:56 waktu Malaysia dan dapat dilihat dari tenggara Eropah, Asia, Australia, Pasifik dan Amerika. Di Malaysia, fenomena tersebut tidak dapat kelihatan secara keseluruhan kerana fenomena ini mula berlaku semasa hari masih siang dan Bulan masih berada di bawah ufuk. Ia dapat dilihat apabila Bulan mulai terbit di ufuk timur, ketika fasa gerhana maksimum sehingga fasa gerhana penumbra berakhir pada jam 21:56.
2022-11-08 19:02:00,Bulan Penuh/Purnama,Bulan memasuki fasa Bulan Penuh pada jam 19:02
2022-11-16 21:27:00,Bulan Suku Akhir/Ketiga,Bulan memasuki fasa Bulan Suku Akhir pada jam 21:27
2022-11-18 02:00:00,Kemuncak Hujan Meteor Leonids,Hujan Meteor Leonids boleh dilihat mulai 6 hingga 30 November. Kemuncak Hujan Meteor Leonids berlaku pada awal pagi 18 November 2022 dengan purata 10 meteor per jam dalam keadaan langit gelap. Kenampakan hujan meteor tersebut adalah kurang bagus kerana gangguan fasa bulan suku ketiga semasa kemuncak berlaku.
2022-11-24 06:57:00,Bulan Baru,Bulan memasuki fasa Bulan Baru pada jam 06:57
2022-11-30 22:36:00,Bulan Suku Pertama,Bulan memasuki fasa Bulan Suku Pertama pada jam 22:36
2022-12-08 12:09:00,Bulan Penuh/Purnama,Bulan memasuki fasa Bulan Penuh pada jam 12:09
2022-12-14 21:00:00,Kemuncak Meteor Geminids,Kemuncak Meteor Geminids berlaku pada 14 Disember 2022 jam 9 malam dengan ZHR=150. Prospek kurang bagus kerana cahaya Bulan akan mengganggu.
2022-12-16 16:59:00,Bulan Suku Akhir/Ketiga,Bulan memasuki fasa Bulan Suku Akhir pada jam 16:59
2022-12-23 18:17:00,Bulan Baru,Bulan memasuki fasa Bulan Baru pada jam 18:17
2022-12-30 09:22:00,Bulan Suku Pertama,Bulan memasuki fasa Bulan Suku Pertama pada jam 09:22
2023-01-04 03:00:00,Hujan Meteor Quadrantids,Hujan Meteor Quadrantids boleh dilihat mulai 26 Disember hingga 16 Januari setiap tahun. Kemuncak Hujan Meteor Quadrantids dijangka berlaku pada awal pagi 4 Januari 2023 dengan purata 80 meteor per jam. Kenampakan hujan meteor tersebut adalah kurang bagus kerana terdapat gangguan bulan hampir purnama semasa kemuncak berlaku.
2023-01-04 03:36:00,Konjungsi Bulan dan Marikh,Bulan dan Marikh akan kelihatan menghampiri antara satu sama lain di langit dengan jarak sudut kelihatan Bulan dan Marikh dari Bumi adalah sejauh 0.5 darjah di langit barat.
2023-01-05 00:17:00,Bumi Pada Kedudukan Perihelion,Bumi berada pada jarak yang paling dekat dengan Matahari, iaitu sejauh 147,098,925 km.
2023-01-07 07:07:00,Bulan Penuh/Purnama,Bulan memasuki fasa Bulan Penuh pada jam 07:07.
2023-01-08 17:19:00,Bulan Pada Apogee,Bulan berada pada kedudukan yang paling jauh dengan Bumi iaitu pada jarak 406,458 km.
2023-01-15 10:10:00,Buka Suku Akhir/Ketiga,Bulan memasuki fasa Bulan Suku Akhir pada 10:10
2023-01-22 04:53:00,Bulan Baru,Bulan memasuki fasa Bulan Baru pada jam 04:53.
2023-01-22 04:56:00,Bulan Pada Perigee,Bulan berada pada kedudukan yang paling dekat dengan Bumi, iaitu pada jarak 356,569 km.
2023-01-22 19:30:00,Konjungsi Zuhrah dan Zuhal,Konjungsi (Conjunction) merupakan fenomena nyata yang disebabkan oleh perspektif pemerhati dari Bumi iaitu dua objek cakerawala dilihat berdekatan jika dilihat dari Bumi, namun sebenarnya kedua-duanya adalah berjauhan dari satu sama lain di angkasa. Zuhrah dan Zuhal akan kelihatan menghampiri antara satu sama lain di langit dengan jarak sudut kelihatan Zuhrah dan Zuhal dari Bumi adalah sejauh 0.6 darjah di langit barat.
2023-01-28 23:18:00,Bulan Suku Pertama,Bulan memasuki fasa Bulan Suku Pertama pada jam 23:18.
2023-01-30 18:00:00,Utarid Pada Elongasi Paling Barat,Utarid berada di posisi elongasi paling barat iaitu 25.0 darjah dari Matahari. Utarid boleh kelihatan di langit timur sebelum Matahari terbit.
2023-02-02 01:55:00,Komet C/2022 E3 (ZTF),Komet C/2022 E3 (ZTF) sedang menuju ke arah Bumi dan ia akan berada pada kedudukan paling hampir dengan Bumi sekitar jarak 0.28 AU pada 2 Februari 2023.
2023-02-04 16:54:00,Bulan Pada Apogee,Bulan berada pada kedudukan yang paling jauh dengan Bumi iaitu pada jarak 406,476 km.
2023-02-06 02:28:00,Bulan Penuh/Purnama,Bulan memasuki fasa Bulan Penuh pada 02:28.
2023-02-14 00:00:00,Bulan Suku Akhir/Ketiga,Bulan memasuki fasa Bulan Suku Akhir pada 00:00.
2023-02-19 17:05:00,Bulan Pada Perigee,Bulan berada pada kedudukan yang paling dekat dengan Bumi iaitu pada jarak 358,267 km.
2023-02-20 15:05:00,Bulan Baru,Bulan memasuki fasa Bulan Baru pada 15:05.
2023-02-27 16:05:00,Bulan Suku Pertama,Bulan memasuki fasa Bulan Suku Pertama pada 16:05.
2023-03-02 18:40:00,Konjungsi Zuhrah dan Musytari,Zuhrah dan Musytari akan kelihatan menghampiri antara satu sama lain di langit dengan jarak sudut kelihatan Zuhrah dan Musytari dari Bumi adalah sejauh 0.5 darjah (32 arka minit) di langit barat.
2023-03-04 02:00:00,Bulan Pada Apogee,Bulan berada pada kedudukan yang paling jauh dengan Bumi iaitu pada jarak 405,889 km.
2023-03-07 20:40:00,Bulan Penuh/Purnama,Bulan memasuki fasa Bulan Penuh pada 20:40.
2023-03-15 10:08:00,Bulan Suku Akhir/Ketiga,Bulan memasuki fasa Bulan Suku Akhir pada 10:08.
2023-03-19 23:12:00,Bulan Pada Perigee,Bulan berada pada kedudukan yang paling dekat dengan Bumi iaitu pada jarak 362,696 km.
2023-03-21 05:25:00,Ekuinoks Bulan Mac,Matahari berada di atas garisan Khatulistiwa dan akan terbit tepat di timur dan terbenam tepat di barat. Di Hemisfera Utara, ekuinoks pada bulan Mac dikenali sebagai ekuinoks musim bunga manakala di Hemisfera Selatan ia dikenali sebagai ekuinoks musim luruh.
2023-03-22 01:23:00,Bulan Baru,Bulan memasuki fasa Bulan Baru pada 01:23.
2023-03-24 19:50:00,Konjungsi Bulan dan Zuhrah,Bulan dan Zuhrah akan kelihatan menghampiri antara satu sama lain di langit dengan jarak sudut kelihatan Bulan dan Zuhrah dari Bumi adalah sejauh 0.03 darjah (2 arka minit) di langit barat.
2023-03-29 10:32:00,Bulan Suku Pertama,Bulan memasuki fasa Bulan Suku Pertama pada 10:32.
2023-03-31 19:16:00,Bulan Pada Apogee,Bulan berada pada kedudukan yang paling jauh dengan Bumi iaitu pada jarak 404,919 km.
2023-04-06 12:34:00,Bulan Penuh/Purnama,Bulan memasuki fasa Bulan Penuh pada 12:34.
2023-04-11 19:00:00,Utarid Pada Elongasi Paling Timur,Utarid pada elongasi paling timur iaitu pada 19.5 darjah, Utarid boleh kelihatan di langit barat selepas Matahari terbenam.
2023-04-13 17:11:00,Bulan Suku Akhir/Ketiga,Bulan memasuki fasa Bulan Suku Akhir pada 17:11.
2023-04-16 10:23:00,Bulan Pada Perigee,Bulan berada pada kedudukan yang paling dekat dengan Bumi iaitu pada 367,968 km.
2023-04-20 11:05:00,Gerhana Bulan Separa,Gerhana Matahari Hibrid berlaku di Australia, Timor-Leste dan Indonesia (Papua). Di Malaysia, kita hanya dapat menyaksikan Gerhana Matahari Separa yang berlaku mulai jam 11:05 dan berakhir pada 12:47 waktu Malaysia (Lokasi: Kuala Lumpur) dengan magnitud gerhana sebanyak 0.173 ketika fasa maksimum pada jam 11:55. *Waktu dan magnitud gerhana adalah berbeza mengikut lokasi.
2023-04-20 12:12:00,Bulan Baru,Bulan memasuki fasa Bulan Baru pada 12:12.
2023-04-23 00:00:00,Hujan Meteor Lyrids,Hujan Meteor Lyrids boleh dilihat mulai 16 hingga 25 April setiap tahun. Kemuncak Hujan Meteor Lyrids dijangka berlaku pada awal pagi 23 April 2023 dengan purata 18 meteor per jam. Kenampakan hujan meteor tersebut adalah bagus kerana tiada gangguan cahaya Bulan semasa kemuncak berlaku.
2023-04-28 05:19:00,Bulan Suku Pertama,Bulan memasuki fasa Bulan Suku Pertama pada 05:19.
2023-04-28 14:43:00,Bulan Pada Apogee,Bulan berada pada kedudukan yang paling jauh dengan Bumi iaitu pada jarak 404,299 km.
2023-05-06 01:23:00,Gerhana Bulan Penumbra,Gerhana Bulan Penumbra berlaku mulai jam 23.14 pada 5 Mei 2023 dan berakhir pada jam 03:31 waktu Malaysia pada 6 Mei 2023 dan dapat dilihat di Afrika, Asia (termasuk Malaysia) dan Australia.
2023-05-06 00:00:00,Fasa-fasa Gerhana Bulan Penumbra,Penumbral bermula: 23:14, Maksimum: 01:23, Penumbral berakhir: 03:31
2023-05-06 01:34:00,Bulan Penuh/Purnama,Bulan memasuki fasa Bulan Penuh pada 01:34.
2023-05-07 04:00:00,Hujan Meteor Eta Aquarids,Hujan Meteor Eta Aquarids boleh dilihat mulai 19 April sehingga 28 Mei setiap tahun. Kemuncak Hujan Meteor Eta Aquarids dijangka berlaku pada awal pagi 7 Mei 2023, dengan purata 20 meteor per jam. Kenampakan hujan meteor tersebut adalah kurang bagus kerana terdapat gangguan Bulan Purnama semasa kemuncak berlaku.
2023-05-11 13:05:00,Bulan Pada Perigee,Bulan berada pada kedudukan yang paling dekat dengan Bumi iaitu pada 369,343 km.
2023-05-12 22:28:00,Bulan Suku Akhir/Ketiga,Bulan memasuki fasa Bulan Suku Akhir pada 22:28.
2023-05-19 23:53:00,Bulan Baru,Bulan memasuki fasa Bulan Baru pada 23:53.
2023-05-26 09:39:00,Bulan Pada Apogee,Bulan berada pada kedudukan yang paling jauh dengan Bumi iaitu pada jarak 404,509 km.
2023-05-27 23:22:00,Bulan Suku Pertama,Bulan memasuki fasa Bulan Suku Pertama pada 23:22
2023-05-29 06:00:00,Utarid Pada Elongasi Paling Barat,Utarid pada elongasi Paling Barat iaitu 24.9 darjah, Utarid boleh kelihatan di langit timur sebelum Matahari terbit.
2023-06-04 11:41:00,Bulan Penuh/Purnama,Bulan memasuki fasa Bulan Penuh pada 11:41.
2023-06-04 19:00:00,zuhrah Pada Elongasi Paling Timur,Zuhrah pada elongasi paling timur iaitu pada 45.4 darjah, Zuhrah boleh kelihatan di langit barat selepas Matahari terbenam.
2023-06-07 07:06:00,Bulan Pada Perigee,Bulan berada pada kedudukan yang paling dekat dengan Bumi iaitu pada jarak 364,861 km.
2023-06-11 03:31:00,Bulan Suku Akhir/Ketiga,Bulan memasuki fasa Bulan Suku Akhir pada 03:31.
2023-06-18 12:37:00,Bulan Baru,Bulan memasuki fasa Bulan Baru pada 12:37.
2023-06-21 22:57:00,Solstis Musim Panas,Matahari akan berada pada kedudukan paling jauh ke utara dari Garisan Khatulistiwa iaitu di atas Garisan Sartan (23.5º Utara) pada jam 22:58. Ia menandakan bermulanya musim panas di Hemisfera Utara dan musim sejuk di Hemisfera Selatan. Waktu siang menjadi lebih panjang dan waktu malam menjadi lebih pendek di Hemisfera Utara sementara waktu siang menjadi lebih pendek dan waktu malam menjadi lebih panjang di Hemisfera Selatan.
2023-06-23 02:30:00,Bulan Pada Apogee,Bulan berada pada kedudukan yang paling jauh dengan Bumi iaitu pada jarak 405,385 km.
2023-06-26 15:49:00,Bulan Suku Pertama,Bulan memasuki fasa Bulan Suku Pertama pada 15:49.
2023-07-03 19:38:00,Bulan Penuh/Purnama,Bulan memasuki fasa Bulan Penuh pada 19:38.
2023-07-05 06:24:00,Bulan Pada Perigee,Bulan berada pada kedudukan yang paling dekat dengan Bumi iaitu pada 360,149 km.
2023-07-07 04:06:00,Bumi Pada Kedudukan Aphelion,Bumi berada pada kedudukan paling jauh dengan Matahari, iaitu sejauh 152,093,251 km.
2023-07-10 09:47:00,Bulan Suku Akhir/Ketiga,Bulan memasuki fasa Bulan Suku Akhir pada 09:47.
2023-07-18 02:31:00,Bulan Baru,Bulan memasuki fasa Bulan Baru pada 02:31.
2023-07-20 14:56:00,Bulan Pada Apogee,Bulan berada pada kedudukan yang paling jauh dengan Bumi iaitu pada jarak 406,289 km.
2023-07-26 06:06:00,Bulan Suku Pertama,Bulan memasuki fasa Bulan Suku Pertama pada 06:06.
2023-07-29 00:00:00,Hujan Meteor Delta Aquariids,Hujan Meteor Delta Aquarids boleh dilihat mulai 12 Julai sehingga 23 Ogos setiap tahun. Kemuncak Hujan Meteor Delta Aquarids dijangka berlaku pada malam 29 Julai sehingga awal pagi 30 Julai dengan purata 20 meteor per jam. Kenampakan hujan meteor tersebut adalah kurang bagus kerana terdapat gangguan bulan hampir purnama semasa kemuncak berlaku.
2023-07-30 00:00:00,Hujan Meteor Delta Aquariids,Hujan Meteor Delta Aquarids boleh dilihat mulai 12 Julai sehingga 23 Ogos setiap tahun. Kemuncak Hujan Meteor Delta Aquarids dijangka berlaku pada malam 29 Julai sehingga awal pagi 30 Julai dengan purata 20 meteor per jam. Kenampakan hujan meteor tersebut adalah kurang bagus kerana terdapat gangguan bulan hampir purnama semasa kemuncak berlaku.
2023-08-02 02:31:00,Bulan Penuh/Purnama,Bulan memasuki fasa Bulan Penuh pada 02:31. Supermoon pertama untuk tahun 2023 iaitu Bulan kelihatan lebih besar dan cerah berbanding Bulan Penuh yang lain.
2023-08-02 13:52:00,Bulan Pada Perigee,Bulan berada pada kedudukan yang paling dekat dengan Bumi iaitu pada 357,311 km.
2023-08-08 18:28:00,Bulan Suku Akhir/Ketiga,Bulan memasuki fasa Bulan Suku Akhir pada 18:28
2023-08-10 19:00:00,Utarid Pada Elongasi Paling Timur,Utarid pada elongasi paling timur iaitu 27.4 darjah. Utarid boleh kelihatan di langit barat selepas Matahari terbenam.
2023-08-13 00:00:00,Hujan Meteor Perseids ,Hujan Meteor Perseids boleh dilihat mulai 17 Julai sehingga 24 Ogos setiap tahun. Kemuncak Hujan Meteor Perseids dijangka akan berlaku pada malam 13 Ogos 2023 hingga awal pagi 14 Ogos 2023 dengan purata 60 meteor per jam. Kenampakan hujan meteor tersebut adalah bagus kerana Bulan berada dalam fasa Sabit Tua (5.4%) semasa kemuncak berlaku.
2023-08-14 00:00:00,Hujan Meteor Perseids ,Hujan Meteor Perseids boleh dilihat mulai 17 Julai sehingga 24 Ogos setiap tahun. Kemuncak Hujan Meteor Perseids dijangka akan berlaku pada malam 13 Ogos 2023 hingga awal pagi 14 Ogos 2023 dengan purata 60 meteor per jam. Kenampakan hujan meteor tersebut adalah bagus kerana Bulan berada dalam fasa Sabit Tua (5.4%) semasa kemuncak berlaku.
2023-08-16 17:38:00,Bulan Baru,Bulan memasuki fasa Bulan Baru pada 17:38.
2023-08-16 19:54:00,Bulan Pada Apogee,Bulan berada pada kedudukan yang paling jauh dengan Bumi iaitu pada jarak 406,634 km.
2023-08-24 17:57:00,Bulan Suku Pertama,Bulan memasuki fasa Bulan Suku Pertama pada 17:57.
2023-08-27 20:00:00,Oposisi Zuhal,Planet Zuhal akan berada pada kedudukan oposisi, iaitu kedudukan bertentangan dengan Matahari merujuk kepada Bumi. Semasa oposisi, Zuhal akan disinari sepenuhnya oleh Matahari dan boleh dilihat dengan lebih terang berbanding ketika ia berada pada kedudukan lain. Ia juga akan kelihatan sepanjang malam di buruj Aquarius pada jarak sekitar 10 AU dari Matahari dan hampir 9AU dari Bumi. Diameter ketara Zuhal sebanyak 19 saat arka dengan magnitud ketara (kecerahan) dijangka sekitar 0.4.
2023-08-30 23:52:00,Bulan Pada Perigee,Hujan Meteor Delta Aquarids boleh dilihat mulai 12 Julai sehingga 23 Ogos setiap tahun. Kemuncak Bulan berada pada kedudukan yang paling dekat dengan Bumi iaitu pada 357,181 km.
2023-08-31 09:38:00,Bulan Penuh/Purnama,Bulan memasuki fasa Bulan Penuh pada 09:38. Bulan Penuh Perigee, iaitu bulan purnama yang berada paling dekat dengan Bumi, kelihatan terbesar dan tercerah untuk tahun 2023 yang juga dikenali sebagai Supermoon.
2023-09-07 06:21:00,Bulan Suku Akhir/Ketiga,Bulan memasuki fasa Bulan Suku Akhir pada 06:21
2023-09-12 23:42:00,Bulan Pada Apogee,Bulan berada pada kedudukan yang paling jauh dengan Bumi iaitu pada 406,291 km.
2023-09-13 00:00:00,Komet C/2023 P1 (Nishimura),Komet C/2023 P1 (Nishimura) akan berada pada kedudukan yang paling hampir dengan Bumi pada jarak sekitar 0.85 AU pada 13 September 2023. Selepas 5 hari, iaitu 18 September 2023, Komet C/2023 P1 (Nishimura) akan berada pada kedudukan yang paling hampir dengan Matahari (perihelion) dengan jarak sekitar 0.23 AU.
2023-09-15 09:39:00,Bulan Baru,Bulan memasuki fasa Bulan Baru pada 09:39
2023-09-17 00:00:00,Komet C/2020 V2 (ZTF),Komet C/2020 V2 (ZTF) akan berada pada kedudukan paling hampir dengan Bumi sekitar jarak 1.85 AU pada 17 September 2023.
2023-09-19 20:39:00,Oposisi Neptun',Planet Neptun akan berada pada kedudukan terdekat dengan Bumi dan seluruh permukaannya akan disinari sepenuhnya oleh Matahari dan boleh dilihat dengan lebih terang berbanding pada kedudukan lain dan akan kelihatan pada keseluruhan waktu malam. Disebabkan oleh jaraknya yang jauh dari Bumi, ia akan kelihatan seperti bintik biru terang di langit malam.
2023-09-22 07:00:00,Utarid Pada Elongasi Paling Barat,Utarid pada elongasi paling barat iaitu pada 17.9 darjah. Utarid boleh kelihatan di langit timur sebelum Matahari terbit.
2023-09-23 03:31:00,Bulan Suku Pertama,Bulan memasuki fasa Bulan Suku Pertama pada 03:31.
2023-09-23 14:51:00,Ekuinoks September,Matahari berada di atas garisan Khatulistiwa dan akan terbit tepat di timur dan terbenam tepat di barat. Bermulanya perubahan musim panas di hemisfera utara kepada musim luruh dan perubahan musim sejuk di hemisfera selatan kepada musim bunga.
2023-09-28 08:59:00,Bulan Pada Perigee,Bulan berada pada kedudukan yang paling dekat dengan Bumi iaitu pada jarak 359,911 km.
2023-09-29 17:57:00,Bulan Penuh/Purnama,Bulan memasuki fasa Bulan Penuh pada 17:57.
2023-10-06 21:47:00,Bulan Suku Akhir/Ketiga,Bulan memasuki fasa Bulan Suku Akhir pada 21:47.
2023-10-09 20:00:00,Hujan Meteor Draconids,Hujan Meteor Draconids boleh dilihat mulai 6 hingga 10 Oktober setiap tahun. Kemuncak Hujan Meteor Draconids dijangka berlaku pada malam 9 Oktober 2023 dengan purata 10 meteor per jam. Kenampakan hujan meteor tersebut adalah bagus kerana tiada gangguan cahaya Bulan semasa kemuncak berlaku.
2023-10-10 11:41:00,Bulan Pada Apogee,Bulan berada pada kedudukan yang paling jauh dengan Bumi iaitu pada 405,426 km.
2023-10-15 01:55:00,Bulan Baru,Bulan memasuki fasa Bulan Baru pada 01:55.
2023-10-22 11:29:00,Bulan Suku Pertama,Bulan memasuki fasa Bulan Suku Pertama pada 11:29.
2023-10-21 00:00:00,Hujan Meteor Orionids,Hujan Meteor Orionids boleh dilihat mulai 2 Oktober hingga 7 November setiap tahun. Kemuncak Hujan Meteor Orionids dijangka berlaku pada malam 21 Oktober 2023 hingga awal pagi 22 Oktober 2023 dengan purata 20 meteor per jam. Kenampakan hujan meteor tersebut adalah bagus kerana tiada gangguan cahaya Bulan semasa kemuncak berlaku.
2023-10-22 00:00:00,Hujan Meteor Orionids,Hujan Meteor Orionids boleh dilihat mulai 2 Oktober hingga 7 November setiap tahun. Kemuncak Hujan Meteor Orionids dijangka berlaku pada malam 21 Oktober 2023 hingga awal pagi 22 Oktober 2023 dengan purata 20 meteor per jam. Kenampakan hujan meteor tersebut adalah bagus kerana tiada gangguan cahaya Bulan semasa kemuncak berlaku.
2023-10-24 07:00:00,Zuhrah Pada Elongasi Paling Barat,Zuhrah pada elongasi paling Barat iaitu pada 46.4 darjah, Zuhrah boleh kelihatan di langit timur sebelum Matahari terbit.
2023-10-26 11:02:00,Bulan Pada Perigee,Bulan berada pada kedudukan yang paling dekat dengan Bumi iaitu pada jarak 364,872 km.
2023-10-29 04:14:00,Gerhana Bulan Separa,Gerhana Bulan Separa bermula dengan fasa penumbra pada jam 02:01, diikuti dengan fasa separa apabila Bulan mula memasuki bayang umbra Bumi pada jam 03:34, kemuncak pada jam 04:14 dan fasa separa berakhir pada jam 04:52. Gerhana masih terus berlaku sehingga jam 06:26 apabila Bulan keluar sepenuhnya dari bayang penumbra Bumi. Gerhana Bulan Separa ini dapat dilihat dari sebahagian timur Amerika Syarikat, Eropah, Afrika, Asia (termasuk Malaysia) dan Australia. Fasa-fasa Gerhana Bulan Separa: -Penumbra bermula: 02:01:18.5 -Separa bermula: 03:34:43.3 -Maksimum: 04:14:07.8 -Separa berakhir: 04:52:52.2 -Penumbra berakhir: 06:26:34.9
2023-10-29 04:24:00,Bulan Penuh/Purnama,Bulan memasuki fasa Bulan Penuh pada 04:24.
2023-11-03 13:12:00,Oposisi Musytari,Planet Musytari akan berada pada kedudukan oposisi, iaitu kedudukan bertentangan dengan Matahari merujuk kepada Bumi. Semasa oposisi, Musytari akan disinari sepenuhnya oleh Matahari dan boleh dilihat dengan lebih terang berbanding ketika ia berada pada kedudukan lain. Planet Musytari akan kelihatan di langit malam sepanjang Oktober 2023 hingga Mac 2024.
2023-11-04 22:00:00,Hujan Meteor Southern Taurids,Hujan Meteor Southern Taurids boleh dilihat mulai 28 September hingga 2 Disember setiap tahun. Kemuncak Hujan Meteor Southern Taurids dijangka berlaku pada malam 4 November 2023 hingga awal pagi 5 November 2023 dengan purata 5 ke 10 meteor per jam. Kenampakan hujan meteor tersebut adalah kurang bagus kerana terdapat gangguan Bulan Suku Akhir semasa kemuncak berlaku.
2023-11-05 22:00:00,Hujan Meteor Southern Taurids,Hujan Meteor Southern Taurids boleh dilihat mulai 28 September hingga 2 Disember setiap tahun. Kemuncak Hujan Meteor Southern Taurids dijangka berlaku pada malam 4 November 2023 hingga awal pagi 5 November 2023 dengan purata 5 ke 10 meteor per jam. Kenampakan hujan meteor tersebut adalah kurang bagus kerana terdapat gangguan Bulan Suku Akhir semasa kemuncak berlaku.
2023-11-05 16:38:00,Bulan Suku Akhir/Ketiga,Bulan memasuki fasa Bulan Suku Akhir pada 16:38.
2023-11-07 05:51:00,Bulan Pada Apogee,Bulan berada pada kedudukan yang paling jauh dengan Bumi iaitu pada 404,568 km.
2023-11-13 17:29:00,Bulan Baru,Bulan memasuki fasa Bulan Baru pada 17:29.
2023-11-14 01:20:00,Oposisi Uranus,Planet Uranus akan berada pada kedudukan oposisi, iaitu kedudukan bertentangan dengan Matahari merujuk kepada Bumi. Semasa oposisi, Uranus akan disinari sepenuhnya oleh Matahari dan boleh dilihat dengan lebih terang berbanding ketika ia berada pada kedudukan lain. Planet Uranus akan kelihatan di langit malam sepanjang Oktober 2023 hingga Mac 2024.
2023-11-18 00:00:00,Hujan Meteor Leonids,Hujan Meteor Leonids boleh dilihat mulai 6 November hingga 30 November setiap tahun. Kemuncak Hujan Meteor Geminids dijangka berlaku pada malam 18 November hingga awal pagi 19 November dengan purata 10 meteor per jam. Kenampakan hujan meteor tersebut adalah kurang bagus kerana hanya terdapat gangguan Bulan Suku Pertama semasa kemuncak berlaku.
2023-11-19 00:00:00,Hujan Meteor Leonids,Hujan Meteor Leonids boleh dilihat mulai 6 November hingga 30 November setiap tahun. Kemuncak Hujan Meteor Geminids dijangka berlaku pada malam 18 November hingga awal pagi 19 November dengan purata 10 meteor per jam. Kenampakan hujan meteor tersebut adalah kurang bagus kerana hanya terdapat gangguan Bulan Suku Pertama semasa kemuncak berlaku.
2023-11-20 18:51:00,Bulan Suku Pertama,Bulan memasuki fasa Bulan Suku Pertama pada 18:51.
2023-11-22 05:04:00,Bulan Pada Perigee,Bulan berada pada kedudukan yang paling dekat dengan Bumi iaitu pada jarak 369,823 km.
2023-11-27 17:16:00,Bulan Penuh/Purnama,Bulan memasuki fasa Bulan Penuh pada 17:16.
2023-12-04 19:00:00,Utarid Pada Elongasi Paling Timur,Utarid pada elongasi paling timur iaitu pada 21.3 darjah. Utarid boleh kelihatan di langit barat selepas Matahari terbenam.
2023-12-05 02:44:00,Bulan Pada Apogee,Bulan berada pada kedudukan yang paling jauh dengan Bumi iaitu pada 404,347 km
2023-12-05 13:51:00,Bulan Suku Akhir/Ketiga,Bulan memasuki fasa Bulan Suku Akhir pada 13:51.
2023-12-13 07:33:00,Bulan Baru,Bulan memasuki fasa Bulan Baru pada 07:33.
2023-12-14 22:00:00,Hujan Meteor Geminids,Hujan Meteor Geminids boleh dilihat mulai 19 November hingga 24 Disember setiap tahun. Kemuncak Hujan Meteor Geminids dijangka berlaku pada malam 14 Disember 2023 hingga awal pagi 15 Disember 2023 dengan purata 120 meteor per jam. Hujan Meteor Geminids merujuk kepada titik kemunculan hujan meteor di langit iaitu di kawasan buruj Gemini, tetapi kemunculannya masih boleh berlaku dari pelbagai arah. Kenampakan hujan meteor tersebut adalah bagus kerana tiada gangguan cahaya Bulan semasa kemuncak berlaku.
2023-12-17 02:54:00,Bulan Pada Perigee,Bulan berada pada kedudukan yang paling dekat dengan Bumi iaitu pada jarak 367,899 km.
2023-12-20 02:41:00,Bulan Suku Pertama,Bulan memasuki fasa Bulan Suku Pertama pada 02:41.
2023-12-23 20:00:00,Hujan Meteor Ursids,Hujan Meteor Ursids boleh dilihat mulai 17 hingga 26 Disember setiap tahun. Kemuncak Hujan Meteor Ursids dijangka berlaku pada awal pagi 23 Disember 2023 dengan purata 10 meteor per jam. Hujan Meteor Ursids merujuk kepada titik kemunculan hujan meteor di langit iaitu di kawasan buruj Ursa Minor, tetapi kemunculannya masih boleh berlaku dari pelbagai arah. Kenampakan hujan meteor tersebut adalah bagus kerana tiada gangguan cahaya Bulan semasa kemuncak berlaku.
2023-12-22 11:28:00,Solstis Musim Sejuk,Matahari akan berada pada kedudukan paling jauh ke selatan dari Garisan Khatulistiwa iaitu di atas Garisan Jadi (23.5º Selatan) pada jam 11:28. Ia menandakan bermulanya musim panas di Hemisfera Selatan dan bermulanya musim sejuk di Hemisfera Utara. Waktu siang menjadi lebih panjang dan waktu malam menjadi lebih pendek di Hemisfera Selatan sementara waktu siang menjadi lebih pendek dan waktu malam menjadi lebih panjang di Hemisfera Utara.
2023-12-27 08:34:00,Bulan Penuh/Purnama,Bulan memasuki fasa Bulan Penuh pada 08:34.
2024-01-01 23:28:00,Bulan pada Apogee,Bulan berada pada kedudukan yang paling jauh dengan Bumi iaitu pada jarak 404,909 km.
2024-01-03 08:38:00,Bumi Pada Kedudukan Perihelion,Bumi berada pada jarak yang paling dekat dengan Matahari, iaitu sejauh 147,100,632 km. 
2024-01-04 11:30:00,Bulan Suku Akhir/Ketiga,Bulan memasuki fasa Bulan Suku Akhir pada 11:30.
2024-01-05 03:30:00,Hujan Meteor Quadrantids,Fenomena Hujan Meteor Quadrantids mula aktif dan boleh dilihat pada 26 Disember 2023 hingga 16 Januari 2024. Kemuncak fenomena ini akan dapat disaksikan pada awal pagi 5 Januari 2024 dengan purata 100 meteor setiap jam. Kenampakan hujan meteor tersebut adalah kurang baik kerana terdapat gangguan Bulan suku akhir semasa kemuncak berlaku. 
2024-01-11 19:57:00,Bulan Baru,Bulan memasuki fasa Bulan Baru pada jam 19:57.
2024-01-12 22:24:00,Utarid Pada Elongasi Paling Barat,Utarid berada di posisi elongasi paling barat iaitu 23.5 darjah dari Matahari.  Utarid boleh kelihatan di langit timur sebelum Matahari terbit.
2024-01-13 18:34:00,Bulan pada Perigee,Bulan berada pada kedudukan yang paling dekat dengan Bumi, iaitu pada jarak 362,267 km. 
2024-01-18 11:52:00,Bulan Suku Pertama,Bulan memasuki fasa Bulan Suku Pertama pada jam 11:52.
2024-01-20 21:25:00,Konjungsi Bulan dengan Pleiades,Bulan dan Pleiades akan kelihatan menghampiri antara satu sama lain di langit dengan jarak sudut tampak Bulan dan Pleiades dari Bumi adalah sejauh 0.9 darjah di langit.
2024-01-26 01:54:00,Bulan Penuh/ Bulan Purnama,Bulan memasuki fasa Bulan Penuh pada jam 01:54.
2024-01-28 06:16:00,Konjungsi Utarid dengan Marikh,Utarid dan Marikh akan kelihatan menghampiri antara satu sama lain di langit dengan jarak sudut tampak Utarid dan Marikh dari Bumi adalah sejauh 0.2 darjah di langit timur.
2024-01-29 16:14:00,Bulan pada Apogee,Bulan berada pada kedudukan yang paling jauh dengan Bumi iaitu pada jarak 405,777 km.
2024-02-03 07:18:00,Bulan Suku Akhir/Ketiga,Bulan memasuki fasa Bulan Suku Akhir pada 07:18.
2024-02-10 06:59:00,Bulan Baru,Bulan memasuki fasa Bulan Baru pada jam 06:59.
2024-02-11 02:52:00,Bulan pada Perigee,Bulan berada pada kedudukan yang paling dekat dengan Bumi iaitu pada jarak 358,088 km.
2024-02-16 23:00:00,Bulan Suku Pertama,Bulan memasuki fasa Bulan Suku Pertama pada jam 23:00.
2024-02-18 23:00:00,Konjungsi Bulan dengan Elnath,Bulan dan bintang Elnath (Beta Tauri) akan kelihatan menghampiri antara satu sama lain di langit dengan jarak sudut tampak Bulan dan Elnath dari Bumi adalah sejauh 0.3 darjah di langit barat.
2024-02-22 06:00:00,Konjungsi Marikh dengan Zuhrah,Marikh dan Zuhrah akan kelihatan menghampiri antara satu sama lain di langit dengan jarak sudut tampak Marikh dan Zuhrah dari Bumi adalah sejauh 0.6 darjah di langit timur.
2024-02-24 20:30:00,Bulan Penuh/Bulan Purnama,Bulan memasuki fasa Bulan Penuh pada 20:30.
2024-02-25 22:59:00,Bulan pada Apogee,Bulan berada pada kedudukan yang paling jauh dengan Bumi iaitu pada jarak 406,312 km.
2024-03-03 23:23:00,Bulan Suku Akhir/Ketiga,Bulan memasuki fasa Bulan Suku Akhir pada 23:23.
2024-03-10 17:00:00,Bulan Baru,Bulan memasuki fasa Bulan Baru pada 17:00.
2024-03-10 15:04:00,Bulan pada Perigee,Bulan berada pada kedudukan yang paling dekat dengan Bumi iaitu pada jarak 356,895 km.
2024-03-17 12:10:00,Bulan Suku Pertama,Bulan memasuki fasa Bulan Suku Pertama pada 12:10.
2024-03-20 11:06:00,Equinoks Bulan Mac,Matahari berada di atas garisan Khatulistiwa dan akan terbit tepat di timur dan terbenam tepat di barat. Di Hemisfera Utara, ekuinoks pada bulan Mac dikenali sebagai ekuinoks musim bunga manakala di Hemisfera Selatan ia dikenali sebagai ekuinoks musim luruh.
2024-03-22 06:30:00,Konjungsi Zuhrah dengan Zuhal,Zuhrah dan Zuhal akan kelihatan menghampiri antara satu sama lain di langit dengan jarak sudut tampak Zuhrah dan Zuhal dari Bumi adalah sejauh 0.2 darjah di langit timur.
2024-03-23 23:45:00,Bulan pada Apogee,Bulan berada pada kedudukan yang paling jauh dengan Bumi iaitu pada jarak 406,294 km.
2024-03-24 19:00:00,Utarid Pada Elongasi Paling Timur,Utarid pada elongasi paling timur iaitu pada 18.7 darjah, Utarid boleh kelihatan di langit barat selepas Matahari terbenam. 
2024-03-25 15:00:00,Bulan Penuh/Bulan Purnama,Bulan memasuki fasa Bulan Penuh pada 15.00.
2024-04-02 11:14:00,Bulan Suku Akhir/Ketiga,Bulan memasuki fasa Bulan Suku Akhir pada 11:14.
2024-04-08 01:50:00,Bulan pada Perigee,Bulan berada pada kedudukan yang paling dekat dengan Bumi iaitu pada 358,850 km. 
2024-04-09 02:20:00,Bulan Baru,Bulan memasuki fasa Bulan Baru pada 02:20.
2024-04-11 05:30:00,Konjungsi Marikh dengan Zuhal,Marikh dan Zuhal akan kelihatan menghampiri antara satu sama lain di langit dengan jarak sudut tampak Marikh dan Zuhal dari Bumi adalah sejauh 0.45 darjah di langit timur.
2024-04-11 20:00:00,Konjungsi Bulan dengan Pleiades,Bulan dan Pleiades akan kelihatan menghampiri antara satu sama lain di langit dengan jarak sudut tampak Bulan dan Pleiades dari Bumi adalah sejauh 0.4 darjah di langit barat.
2024-04-16 03:13:00,Bulan Suku Pertama,Bulan memasuki fasa Bulan Suku Pertama pada 03:13. 
2024-04-20 10:10:00,Bulan pada Apogee,Bulan berada pada kedudukan yang paling jauh dengan Bumi iaitu pada jarak 405,623 km.
2024-04-22 23:00:00,Hujan Meteor Lyrids,Hujan Meteor Lyrids boleh dilihat mulai 15 hingga 29 April setiap tahun. Kemuncak Hujan Meteor Lyrids dijangka berlaku pada lewat malam 22 April 2024 hingga awal pagi 23 April 2024 dengan purata 18 meteor per jam. Kenampakan hujan meteor tersebut adalah kurang bagus kerana gangguan cahaya Bulan Hampir Purnama semasa kemuncak berlaku.
2024-04-24 07:48:00,Bulan Penuh/Bulan Purnama,Bulan memasuki fasa Bulan Penuh pada 07:48.
2024-04-27 05:00:00,Penghijaban Antares oleh Bulan,Bulan kelihatan melintas di hadapan Antares dari pandangan Bumi. Antares akan kelihatan terselindung di sebalik Bulan buat sementara waktu sebelum muncul semula. Di Kuala Lumpur, penghijaban diramalkan bermula dengan kehilangan Antares di belakang Bulan sekitar jam 05:00 pagi di langit barat daya dan ia akan kelihatan semula sekitar 06:00 pagi.
2024-05-01 19:27:00,Bulan Suku Akhir/Ketiga,Bulan memasuki fasa Bulan Suku Akhir pada 19:27.
2024-05-04 06:00:00,Konjungsi Bulan dengan Zuhal,Bulan dan Zuhal akan kelihatan menghampiri antara satu sama lain di langit dengan jarak sudut tampak Bulan dan Zuhal dari Bumi adalah sejauh 0.9 darjah di langit timur.
2024-05-06 04:00:00,Hujan Meteor Eta Aquarids,Hujan Meteor Eta Aquarids boleh dilihat mulai 15 April  sehingga 27 Mei 2024. Kemuncak Hujan Meteor Eta Aquarids dijangka berlaku sebelum subuh pada 6 Mei 2024, dengan purata 50 meteor per jam. Kenampakan hujan meteor tersebut adalah baik kerana terdapat sedikit gangguan Bulan sabit tua semasa kemuncak berlaku. 
2024-05-06 06:04:00,Bulan pada Perigee,Bulan berada pada kedudukan yang paling dekat dengan Bumi iaitu pada 363,163 km. 
2024-05-08 11:21:00,Bulan Baru,Bulan memasuki fasa Bulan Baru pada 11:21.
2024-05-10 05:20:00,Utarid Pada Elongasi Paling Barat,Utarid pada elongasi Paling Barat iaitu 26.4 darjah, Utarid boleh kelihatan di langit timur sebelum Matahari terbit. 
2024-05-15 19:48:00,Bulan Suku Pertama,Bulan memasuki fasa Bulan Suku Pertama pada 19:48.
2024-05-18 02:58:00,Bulan pada Apogee,Bulan berada pada kedudukan yang paling jauh dengan Bumi iaitu pada jarak 404,640 km.
2024-05-23 21:53:00,Bulan Penuh/Bulan Purnama,Bulan memasuki fasa Bulan Penuh pada 21:53.
2024-05-31 01:12:00,Bulan Suku Akhir/Ketiga,Bulan memasuki fasa Bulan Suku Akhir pada 01:12.
2024-06-02 15:24:00,Bulan pada Perigee,Bulan berada pada kedudukan yang paling dekat dengan Bumi iaitu pada jarak 368,107 km. 
2024-06-06 20:39:00,Bulan Baru,Bulan memasuki fasa Bulan Baru pada 20:39.
2024-06-14 13:20:00,Bulan Suku Pertama,Bulan memasuki fasa Bulan Suku Pertama pada 13:20.
2024-06-14 21:37:00,Bulan pada Apogee,Bulan berada pada kedudukan yang paling jauh dengan Bumi iaitu pada jarak 404,077 km.
2024-06-21 04:50:00,Solstis Musim Panas,Matahari akan berada pada kedudukan paling jauh ke utara dari Garisan Khatulistiwa iaitu di atas Garisan Sartan (23.5º Utara) pada jam 04:50.  Ia menandakan bermulanya musim panas di Hemisfera Utara dan musim sejuk di Hemisfera Selatan.  Waktu siang menjadi lebih panjang dan waktu malam menjadi lebih pendek di Hemisfera Utara sementara waktu siang menjadi lebih pendek dan waktu malam menjadi lebih panjang di Hemisfera Selatan.
2024-06-22 09:10:00,Bulan Penuh/Bulan Purnama,Bulan memasuki fasa Bulan Penuh pada 09:10.
2024-06-27 19:46:00,Bulan pada Perigee,Bulan berada pada kedudukan yang paling dekat dengan Bumi iaitu pada jarak 369,291 km. 
2024-06-29 05:55:00,Bulan Suku Akhir/Ketiga,Bulan memasuki fasa Bulan Suku Akhir pada 05:55.
2024-07-05 13:06:00,Bumi Berada Pada Kedudukan Aphelion,Bumi berada pada kedudukan paling jauh dengan Matahari, iaitu sejauh 152,099,968 km.
2024-07-06 06:59:00,Bulan Baru,Bulan memasuki fasa Bulan Baru pada 06:59.
2024-07-12 16:13:00,Bulan pada Apogee,Bulan berada pada kedudukan yang paling jauh dengan Bumi iaitu pada jarak 404,362 km.
2024-07-14 06:50:00,Bulan Suku Pertama,Bulan memasuki fasa Bulan Suku Pertama pada 06:50.
2024-07-21 18:19:00,Bulan Penuh/Bulan Purnama,Bulan memasuki fasa Bulan Penuh pada 18:19.
2024-07-22 14:34:00,Utarid Pada Elongasi Paling Timur,Utarid pada elongasi paling timur iaitu pada 26.9 darjah, Utarid boleh kelihatan di langit barat selepas Matahari terbenam. 
2024-07-24 13:41:00,Bulan pada Perigee,Bulan berada pada kedudukan yang paling dekat dengan Bumi iaitu pada 364,917 km. 
2024-07-25 04:00:00,Penghijaban Zuhal oleh Bulan,Fenomena apabila Bulan kelihatan melintas di hadapan planet Zuhal dari pandangan Bumi, iaitu planet Zuhal akan kelihatan terselindung di sebalik Bulan, dan kemudian akan muncul semula. 
2024-07-28 10:53:00,Bulan Suku Akhir/Ketiga,Bulan memasuki fasa Bulan Suku Akhir pada 10:53.
2024-07-30 03:00:00,Penghijaban sebahagian Pleiades oleh Bulan,Fenomena apabila Bulan kelihatan melintas di hadapan sebahagian Pleiades dari pandangan Bumi, iaitu sebahagian Pleiades akan kelihatan terselindung di sebalik Bulan, dan kemudian akan muncul semula. 
2024-07-30 23:00:00,Hujan Meteor Delta Aquariids,Hujan Meteor Delta Aquariids boleh dilihat mulai 12 Julai sehingga 23 Ogos setiap tahun. Kemuncak Hujan Meteor Delta Aquariids dijangka berlaku pada malam 30 Julai sehingga awal pagi 31 Julai dengan purata 20 meteor per jam. Kenampakan hujan meteor tersebut adalah kurang bagus kerana terdapat gangguan Bulan Sabit Tua semasa kemuncak berlaku.
2024-07-31 23:00:00,Hujan Meteor Delta Aquariids,Hujan Meteor Delta Aquariids boleh dilihat mulai 12 Julai sehingga 23 Ogos setiap tahun. Kemuncak Hujan Meteor Delta Aquariids dijangka berlaku pada malam 30 Julai sehingga awal pagi 31 Julai dengan purata 20 meteor per jam. Kenampakan hujan meteor tersebut adalah kurang bagus kerana terdapat gangguan Bulan Sabit Tua semasa kemuncak berlaku.
2024-08-04 19:14:00,Bulan Baru,Bulan memasuki fasa Bulan Baru pada 19:14.
2024-08-09 09:33:00,Bulan pada Apogee,Bulan berada pada kedudukan yang paling jauh dengan Bumi iaitu pada jarak 405,297 km.
2024-08-12 23:20:00,Bulan Suku Pertama,Bulan memasuki fasa Bulan Suku Pertama pada 23:20.
2024-08-12 00:00:00,Hujan Meteor Perseids,Hujan Meteor Perseids boleh dilihat mulai 14 Julai sehingga 1 September setiap tahun. Kemuncak Hujan Meteor Perseids dijangka akan berlaku pada malam 12 Ogos hingga awal pagi 13 Ogos 2024 dengan purata 100 meteor per jam. Kenampakan hujan meteor tersebut adalah bagus kerana Bulan Suku Pertama terbenam pada tengah malam semasa kemuncak berlaku.
2024-08-13 00:00:00,Hujan Meteor Perseids,Hujan Meteor Perseids boleh dilihat mulai 14 Julai sehingga 1 September setiap tahun. Kemuncak Hujan Meteor Perseids dijangka akan berlaku pada malam 12 Ogos hingga awal pagi 13 Ogos 2024 dengan purata 100 meteor per jam. Kenampakan hujan meteor tersebut adalah bagus kerana Bulan Suku Pertama terbenam pada tengah malam semasa kemuncak berlaku.
2024-08-15 03:00:00,Konjungsi Musytari dengan Marikh,Musytari dan Marikh akan kelihatan menghampiri antara satu sama lain di langit dengan jarak sudut tampak Musytari dan Marikh dari Bumi adalah sejauh 0.3 darjah di langit timur.
2024-08-20 02:26:00,Bulan Penuh/Bulan Purnama,Bulan memasuki fasa Bulan Penuh pada 02:26. Supermoon pertama untuk tahun 2024 iaitu Bulan kelihatan lebih besar dan cerah berbanding Bulan Penuh yang lain.
2024-08-21 13:06:00,Bulan pada Perigee,Bulan berada pada kedudukan yang paling dekat dengan Bumi iaitu pada 360,198 km. 
2024-08-26 17:27:00,Bulan Suku Akhir/Ketiga,Bulan memasuki fasa Bulan Suku Akhir pada 17:27.
2024-09-03 09:57:00,Bulan Baru,Bulan memasuki fasa Bulan Baru pada 09:57.
2024-09-05 10:38:00,Utarid Pada Elongasi Paling Barat,Utarid pada elongasi Paling Barat iaitu 18.1 darjah, Utarid boleh kelihatan di langit timur sebelum Matahari terbit. 
2024-09-05 22:56:00,Bulan pada Apogee,Bulan berada pada kedudukan yang paling jauh dengan Bumi iaitu pada 406,214 km. 
2024-09-08 20:00:00,Istiqbal Zuhal,Planet Zuhal akan berada pada kedudukan opposition atau dikenali sebagai istiqbal, iaitu kedudukan bertentangan dengan Matahari merujuk kepada Bumi. Semasa istiqbal, Zuhal akan disinari sepenuhnya oleh Matahari dan boleh dilihat dengan lebih terang berbanding ketika ia berada pada kedudukan lain. Ia juga akan kelihatan sepanjang malam di buruj Aquarius pada jarak sekitar 10 AU dari Matahari dan hampir 9AU dari Bumi. Diameter ketara Zuhal sebanyak 19.2 saat arka dengan magnitud ketara (kecerahan) dijangka sekitar 0.6. 
2024-09-11 14:07:00,Bulan Suku Pertama,Bulan memasuki fasa Bulan Suku Pertama pada 14:07.
2024-09-18 10:35:00,Bulan Penuh/Bulan Purnama,Bulan memasuki fasa Bulan Penuh pada 10:35. Supermoon kedua untuk tahun 2024 iaitu Bulan kelihatan lebih besar dan cerah berbanding Bulan Penuh yang lain.
2024-09-18 21:23:00,Bulan pada Perigee,Bulan berada pada kedudukan yang paling dekat dengan Bumi iaitu pada jarak 357,286 km.
2024-09-22 20:43:00,Equinoks September,Matahari berada di atas garisan Khatulistiwa dan akan terbit tepat di timur dan terbenam tepat di barat. Bermulanya perubahan musim panas ke musim luruh di hemisfera utara dan perubahan musim sejuk ke musim bunga di hemisfera selatan. 
2024-09-25 02:51:00,Bulan Suku Akhir/Ketiga,Bulan memasuki fasa Bulan Suku Akhir pada 02:51.
2024-10-03 02:51:00,Bulan Baru,Bulan memasuki fasa Bulan Baru pada 02:51.
2024-10-03 03:41:00,Bulan pada Apogee,Bulan berada pada kedudukan yang paling jauh dengan Bumi iaitu pada 406,516 km. 
2024-10-11 02:57:00,Bulan Sukuan Pertama,Bulan memasuki fasa Bulan Sukuan Pertama pada 02:57.
2024-10-17 08:47:00,Bulan pada Perigee,Bulan berada pada kedudukan yang paling dekat dengan Bumi iaitu pada jarak 357,172 km.
2024-10-17 19:29:00,Bulan Penuh/Bulan Purnama,Bulan memasuki fasa Bulan Penuh pada 19:29.
2024-10-21 23:45:00,Hujan Meteor Orionids,Hujan Meteor Orionids boleh dilihat mulai 2 Oktober hingga 7 November setiap tahun. Kemuncak Hujan Meteor Orionids dijangka berlaku pada malam 21 Oktober 2024 hingga awal pagi 22 Oktober 2024 dengan purata 10-20 meteor per jam. Kenampakan hujan meteor tersebut adalah kurang bagus kerana terdapat gangguan cahaya Bulan semasa kemuncak berlaku.
2024-10-22 23:45:00,Hujan Meteor Orionids,Hujan Meteor Orionids boleh dilihat mulai 2 Oktober hingga 7 November setiap tahun. Kemuncak Hujan Meteor Orionids dijangka berlaku pada malam 21 Oktober 2024 hingga awal pagi 22 Oktober 2024 dengan purata 10-20 meteor per jam. Kenampakan hujan meteor tersebut adalah kurang bagus kerana terdapat gangguan cahaya Bulan semasa kemuncak berlaku.
2024-10-24 16:04:00,Bulan Sukuan Akhir/Ketiga,Bulan memasuki fasa Bulan Sukuan Akhir pada 16:04.
2024-10-30 06:51:00,Bulan pada Apogee,Bulan berada pada kedudukan yang paling jauh dari Bumi iaitu pada 406,163 km. 
2024-11-01 20:49:00,Bulan Baru,Bulan memasuki fasa Bulan Baru pada 20:49.
2024-11-04 21:00:00,Hujan Meteor Southern Taurids,Hujan Meteor Southern Taurids boleh dilihat mulai sekitar 23 September hingga 8 Disember setiap tahun. Kemuncak Hujan Meteor Southern Taurids dijangka berlaku pada malam 4 November 2024 hingga awal pagi 5 November 2024 dengan purata 5 meteor per jam. Kenampakan hujan meteor tersebut adalah bagus kerana tiada gangguan dari Bulan Sabit Baru semasa kemuncak berlaku. 
2024-11-09 13:57:00,Bulan Sukuan Pertama,Bulan memasuki fasa Bulan Sukuan Pertama pada 13:57.
2024-11-13 21:00:00,Hujan Meteor Northern Taurids,Hujan Meteor Northern Taurids boleh dilihat mulai sekitar 13 Oktober hingga 2 Disember setiap tahun. Kemuncak Hujan Meteor Northern Taurids dijangka berlaku pada malam 11 November 2024 hingga awal pagi 12 November 2024 dengan purata 5 meteor per jam. Kenampakan hujan meteor tersebut adalah kurang bagus kerana terdapat gangguan Bulan Hampir Purnama (79%) semasa kemuncak berlaku. 
2024-11-14 19:14:00,Bulan pada Perigee,Bulan berada pada kedudukan yang paling dekat dengan Bumi iaitu pada jarak 360,109 km.
2024-11-16 05:31:00,Bulan Penuh/Bulan Purnama,Bulan memasuki fasa Bulan Penuh pada 05:31.
2024-11-16 18:00:00,Utarid Pada Elongasi Paling Timur,Utarid pada elongasi paling timur iaitu pada 22.5 darjah, Utarid boleh kelihatan di langit barat selepas Matahari terbenam. 
2024-11-17 21:00:00,Istiqbal Uranus,Planet Uranus akan berada pada kedudukan opposition atau dikenali sebagai istiqbal, iaitu kedudukan bertentangan dengan Matahari merujuk kepada Bumi.  Semasa istiqbal, Uranus akan disinari sepenuhnya oleh Matahari dan boleh dilihat dengan lebih terang berbanding ketika ia berada pada kedudukan lain. Planet Uranus akan kelihatan di langit malam sepanjang Oktober 2024 hingga Mac 2024. Uranus sukar dilihat dengan jelas kerana kedudukannya yang jauh dari Bumi. Namun begitu, ia boleh dicerap menggunakan teleskop berkuasa tinggi. 
2024-11-17 23:00:00,Hujan Meteor Leonids,Hujan Meteor Leonids boleh dilihat mulai sekitar 3 November hingga 2 Disember setiap tahun. Kemuncak Hujan Meteor Leonids dijangka berlaku pada malam 17 November hingga awal pagi 18 November 2024 dengan purata 15 meteor per jam. Kenampakan hujan meteor tersebut adalah kurang bagus kerana terdapat gangguan Bulan Hampir Purnama (98.8%) semasa kemuncak berlaku. 
2024-11-18 05:00:00,Penghijaban Bintang Elnath oleh Bulan,Fenomena apabila Bulan kelihatan melintas di hadapan bintang Elnath dari pandangan Bumi, iaitu bintang Elnath akan kelihatan terselindung di sebalik Bulan, dan kemudian akan muncul semula. 
2024-11-23 09:29:00,Bulan Sukuan Akhir/Ketiga,Bulan memasuki fasa Bulan Sukuan Akhir pada 09:29.
2024-11-26 19:55:00,Bulan pada Apogee,Bulan berada pada kedudukan yang paling jauh dari Bumi iaitu pada 405,314 km. 
2024-12-01 14:23:00,Bulan Baru,Bulan memasuki fasa Bulan Baru pada 14:23.
2024-12-08 04:19:00,Istiqbal Musytari ,Planet Musytari akan berada pada kedudukan opposition atau dikenali sebagai istiqbal, iaitu kedudukan bertentangan dengan Matahari merujuk kepada Bumi.  Semasa istiqbal, Musytari akan disinari sepenuhnya oleh Matahari dan boleh dilihat dengan lebih terang berbanding ketika ia berada pada kedudukan lain. Planet Musytari akan kelihatan di langit malam sepanjang November 2024 hingga Mac 2025. 
2024-12-08 20:00:00,Konjungsi Bulan dengan Zuhal,Bulan dan Zuhal akan kelihatan menghampiri antara satu sama lain di langit dengan jarak sudut tampak Bulan dan Zuhal dari Bumi adalah sejauh 0.4 darjah di langit barat.
2024-12-08 23:28:00,Bulan Sukuan Pertama,Bulan memasuki fasa Bulan Sukuan Pertama pada 23:28.
2024-12-12 21:20:00,Bulan pada Perigee,Bulan berada pada kedudukan yang paling dekat dengan Bumi iaitu pada jarak 365,358 km.
2024-12-13 23:00:00,Hujan Meteor Geminids,Hujan Meteor Geminids boleh dilihat mulai 19 November hingga 24 Disember setiap tahun. Kemuncak Hujan Meteor Geminids dijangka berlaku pada malam 13 Disember 2024 hingga awal pagi 14 Disember 2024 dengan purata 150 meteor per jam. Kenampakan hujan meteor tersebut adalah kurang baik kerana ada gangguan Bulan hampir purnama semasa kemuncak berlaku. 
2024-12-14 23:00:00,Hujan Meteor Geminids,Hujan Meteor Geminids boleh dilihat mulai 19 November hingga 24 Disember setiap tahun. Kemuncak Hujan Meteor Geminids dijangka berlaku pada malam 13 Disember 2024 hingga awal pagi 14 Disember 2024 dengan purata 150 meteor per jam. Kenampakan hujan meteor tersebut adalah kurang baik kerana ada gangguan Bulan hampir purnama semasa kemuncak berlaku. 
2024-12-14 01:00:00,Penghijaban sebahagian Pleiades oleh Bulan,Fenomena apabila Bulan kelihatan melintas di hadapan sebahagian Pleiades dari pandangan Bumi, iaitu sebahagian Pleiades akan kelihatan terselindung di sebalik Bulan, dan kemudian akan muncul semula. 
2024-12-15 17:02:00,Bulan Penuh/Bulan Purnama,Bulan memasuki fasa Bulan Penuh pada 17:02.
2024-12-21 17:20:00,Solstis Musim Sejuk,Matahari akan berada pada kedudukan paling jauh ke selatan dari Garisan Khatulistiwa  iaitu di atas Garisan Jadi (23.5º Selatan) pada jam 11:28.  Ia menandakan bermulanya musim panas di Hemisfera Selatan dan bermulanya musim sejuk di Hemisfera Utara. Waktu siang menjadi lebih panjang dan waktu malam menjadi lebih pendek di Hemisfera Selatan sementara waktu siang menjadi lebih pendek dan waktu malam menjadi lebih panjang di Hemisfera Utara.
2024-12-23 01:00:00,Hujan Meteor Ursids,Hujan Meteor Ursids boleh dilihat mulai 13 hingga 24 Disember setiap tahun. Kemuncak Hujan Meteor Ursids dijangka berlaku pada awal pagi 23 Disember 2024 dengan purata 10 meteor per jam. Kenampakan hujan meteor tersebut adalah kurang baik kerana ada gangguan cahaya Bulan sukuan akhir semasa kemuncak berlaku. 
2024-12-23 06:19:00,Bulan Sukuan Akhir/Ketiga,Bulan memasuki fasa Bulan Sukuan Akhir pada 06:19.
2024-12-24 15:26:00,Bulan pada Apogee,Bulan berada pada kedudukan yang paling jauh dengan Bumi iaitu pada 404,484 km. 
2024-12-25 06:00:00,Konjungsi Bulan dengan Spica,Bulan dan Spica akan kelihatan menghampiri antara satu sama lain di langit dengan jarak sudut tampak Bulan dan Spica dari Bumi adalah sejauh 0.1 darjah di langit timur.
2024-12-25 10:25:00,Utarid Pada Elongasi Paling Barat,Utarid pada elongasi Paling Barat iaitu 22.0 darjah, Utarid boleh kelihatan di langit timur sebelum Matahari terbit. 
2024-12-31 06:28:00,Bulan Baru,Bulan memasuki fasa Bulan Baru pada 06:28.
2025-01-04 01:00:00,Hujan Meteor Quadrantids,Fenomena Hujan Meteor Quadrantids mula aktif dan boleh dilihat pada 26 Disember 2024 hingga 16 Januari 2025. Kemuncak fenomena ini akan dapat disaksikan pada awal pagi 4 Januari 2025 dengan kemungkinan sehingga 80 meteor setiap jam. Kenampakan hujan meteor tersebut adalah bagus kerana tiada gangguan dari Bulan Sabit Baru semasa kemuncak berlaku. 
2025-01-04 21:28:00,Bumi Pada Kedudukan Perihelion,Bumi berada pada jarak yang paling dekat dengan Matahari, iaitu sejauh 147,103,686 km (0.9833AU).
2025-01-07 07:56:00,Bulan Sukuan Pertama,Bulan memasuki fasa Bulan Sukuan Pertama pada jam 7:56 am
2025-01-08 08:01:00,Bulan pada Perigee,Bulan berada pada kedudukan yang paling dekat dengan Bumi, iaitu pada jarak 370,171 km. 
2025-01-10 12:58:00,Zuhrah Pada Elongasi Paling Timur,Zuhrah pada elongasi paling timur iaitu pada 47.2 darjah, Zuhrah boleh kelihatan di langit barat selepas Matahari terbenam. 
2025-01-12 00:00:00,Penghijaban Elnath oleh Bulan,Fenomena apabila Bulan kelihatan melintas di hadapan Elnath dari pandangan Bumi, iaitu Elnath akan kelihatan terselindung di sebalik Bulan, dan kemudian akan muncul semula. 
2025-01-14 06:26:00,Bulan Penuh/Bulan Purnama,Bulan memasuki fasa Bulan Penuh pada jam 6:26 am
2025-01-16 09:17:00,Istiqbal Marikh,Planet Marikh akan berada pada kedudukan opposition atau dikenali sebagai istiqbal, iaitu kedudukan bertentangan dengan Matahari merujuk kepada Bumi.  Semasa istiqbal, Marikh akan disinari sepenuhnya oleh Matahari dan boleh dilihat dengan lebih terang berbanding ketika ia berada pada kedudukan lain. Planet Marikh akan kelihatan di langit malam sepanjang Januari hingga Julai 2025. 
2025-01-21 12:54:00,Bulan pada Apogee,Bulan berada pada kedudukan yang paling jauh dengan Bumi iaitu pada jarak 404,298 km.
2025-01-22 04:30:00,Bulan Sukuan Akhir/Ketiga,Bulan memasuki fasa Bulan Sukuan Akhir pada jam 4:30 am.
2025-01-25 06:00:00,Konjungsi Bulan dengan Antares,Bulan dan Antares akan kelihatan menghampiri antara satu sama lain di langit dengan jarak sudut Bulan dan Antares dari Bumi adalah sejauh 0.6 darjah di langit timur.
2025-01-29 20:35:00,Bulan Baru,Bulan memasuki fasa Bulan Baru pada jam 8:35 pm.
2025-02-02 10:47:00,Bulan pada Perigee,Bulan berada pada kedudukan yang paling dekat dengan Bumi, iaitu pada jarak 367,457 km.
2025-02-05 16:02:00,Bulan Sukuan Pertama,Bulan memasuki fasa Bulan Sukuan Pertama pada jam 4:02 petang. 
2025-02-10 03:35:00,Konjungsi Bulan dengan Marikh,Bulan dan Marikh akan kelihatan menghampiri antara satu sama lain di langit barat dengan jarak sudut Bulan dan Marikh dari Bumi adalah sekitar 0.8 darjah.
2025-02-12 21:53:00,Bulan Penuh / Bulan Purnama,Bulan memasuki fasa Bulan Penuh pada jam 9:53 malam.
2025-02-18 09:10:00,Bulan pada Apogee,Bulan berada pada kedudukan yang paling jauh dengan Bumi iaitu pada jarak 404,882 km.
2025-02-21 01:32:00,Bulan Sukuan Akhir / Ketiga,Bulan memasuki fasa Bulan Sukuan Akhir pada jam 1:32 pagi.
2025-02-28 08:44:00,Bulan Baru,Bulan memasuki fasa Bulan Baru pada jam 8:44 pagi.
2025-03-02 05:21:00,Bulan pada Perigee,Bulan berada pada kedudukan yang paling dekat dengan Bumi, iaitu pada jarak 361,964 km. 
2025-03-05 21:00:00,Konjungsi Bulan dengan Pleiades,Bulan dan Pleiades akan kelihatan menghampiri antara satu sama lain di langit dengan jarak sudut Bulan dan Pleiades dari Bumi adalah sekitar 0.6 darjah di langit barat.
2025-03-07 00:31:00,Bulan Sukuan Pertama,Bulan memasuki fasa Bulan Sukuan Pertama pada jam 12:31 pagi. 
2025-03-08 14:00:00,Utarid Pada Elongasi Paling Timur,Utarid pada elongasi paling timur iaitu pada 18.2 darjah. Utarid boleh kelihatan di langit barat selepas Matahari terbenam (waktu Maghrib). 
2025-03-14 14:54:00,Bulan Penuh / Bulan Purnama,Bulan memasuki fasa Bulan Penuh pada jam 02:54 petang.
2025-03-18 00:36:00,Bulan pada Apogee,Bulan berada pada kedudukan yang paling jauh dengan Bumi iaitu pada jarak 405,754 km.
2025-03-20 17:02:00,Equinoks Bulan Mac,Matahari berada di atas garisan Khatulistiwa dan akan terbit tepat di timur dan terbenam tepat di barat. Di Hemisfera Utara, ekuinoks pada bulan Mac dikenali sebagai ekuinoks musim bunga manakala di Hemisfera Selatan ia dikenali sebagai ekuinoks musim luruh.
2025-03-22 19:29:00,Bulan Sukuan Akhir / Ketiga,Bulan memasuki fasa Bulan Sukuan Akhir pada jam 07:29 petang.
2025-03-29 18:57:00,Bulan Baru,Bulan memasuki fasa Bulan Baru pada jam 06:57 petang.
2025-03-30 13:27:00,Bulan pada Perigee,Bulan berada pada kedudukan yang paling dekat dengan Bumi, iaitu pada jarak 358,126 km. 
2025-04-05 10:14:00,Bulan Sukuan Pertama,Bulan memasuki fasa Bulan Sukuan Pertama pada jam 10:14 am. 
2025-04-13 08:22:00,Bulan Penuh / Bulan Purnama,Bulan memasuki fasa Bulan Penuh pada jam 08:22 am.
2025-04-14 06:48:00,Bulan pada Apogee,Bulan berada pada kedudukan yang paling jauh dengan Bumi iaitu pada jarak 406,295 km.
2025-04-21 09:35:00,Bulan Sukuan Akhir / Ketiga,Bulan memasuki fasa Bulan Sukuan Akhir pada jam 09:35 am. 
2025-04-22 03:00:00,Utarid Pada Elongasi Paling Barat,Utarid pada elongasi Paling Barat iaitu 27.4 darjah, Utarid boleh kelihatan di langit timur sebelum Matahari terbit. 
2025-04-22 23:30:00,Hujan Meteor Lyrids,Hujan Meteor Lyrids boleh dilihat mulai 14 hingga 30 April setiap tahun. Kemuncak Hujan Meteor Lyrids dijangka berlaku pada lewat malam 22 April hingga subuh 23 April 2025 dengan purata 18 meteor per jam. Kenampakan hujan meteor tersebut adalah sederhana semasa kemuncak berlaku kerana gangguan cahaya Bulan dalam fasa sukuan akhir akan terbit pada 03:03 pagi.
2025-04-28 00:17:00,Bulan pada Perigee,Bulan berada pada kedudukan yang paling dekat dengan Bumi, iaitu pada jarak 357,118 km. 
2025-04-28 03:31:00,Bulan Baru,Bulan memasuki fasa Bulan Baru pada jam 03:31 am.
2025-05-04 21:51:00,Bulan Sukuan Pertama,Bulan memasuki fasa Bulan Sukuan Pertama pada jam 9:51 pm. 
2025-05-06 00:00:00,Hujan Meteor Eta Aquarids,Hujan Meteor Eta Aquarids boleh dilihat mulai 19 April  28 Mei 2025. Kemuncak Hujan Meteor Eta Aquarids dijangka berlaku pada tengah malam 6 Mei 2025 sehingga subuh, dengan purata 50 meteor per jam. Kenampakan hujan meteor tersebut adalah baik selepas Bulan yang dalam fasa sukuan akhir terbenam pada jam 02:33 pagi.
2025-05-11 08:47:00,Bulan pada Apogee,Bulan berada pada kedudukan yang paling jauh dengan Bumi iaitu pada jarak 406,244 km.
2025-05-13 00:55:00,Bulan Penuh / Bulan Purnama,Bulan memasuki fasa Bulan Penuh pada jam 12:55 am.
2025-05-20 19:58:00,Bulan Sukuan Akhir / Ketiga,Bulan memasuki fasa Bulan Sukuan Akhir pada jam 07:58 pm. 
2025-05-26 09:27:00,Bulan pada Perigee,Bulan berada pada kedudukan yang paling dekat dengan Bumi, iaitu pada jarak 359,024 km. 
2025-05-27 11:02:00,Bulan Baru,Bulan memasuki fasa Bulan Baru pada jam 11:02 am.
2025-06-01 10:00:00,Zuhrah Pada Elongasi Paling Barat,Planet Zuhrah pada elongasi paling barat iaitu pada 45.9 darjah. Zuhrah boleh kelihatan jelas di langit timur sebelum Matahari terbit (waktu Subuh). 
2025-06-01 17:49:00,Konjungsi Bulan dengan Marikh,Bulan dan planet Marikh akan kelihatan berdekatan di langit, dengan jarak sudut tampak antara keduanya kira-kira 1.4 darjah jika dilihat dari Bumi. Fenomena ini boleh dilihat dari waktu maghrib hingga tengah malam.
2025-06-03 11:42:00,Bulan Sukuan Pertama,Bulan memasuki fasa Bulan Sukuan Pertama pada jam 11:42 am. 
2025-06-07 18:44:00,Bulan pada Apogee,Bulan berada pada kedudukan yang paling jauh dengan Bumi iaitu pada jarak 405,551 km.
2025-06-11 15:44:00,Bulan Penuh / Bulan Purnama,Bulan memasuki fasa Bulan Penuh pada jam 03:44 pm.
2025-06-19 03:20:00,Bulan Sukuan Akhir / Ketiga,Bulan memasuki fasa Bulan Sukuan Akhir pada jam 03:20 am. 
2025-06-21 11:42:00,Solstis Jun,Solstis Jun akan berlaku pada jam 10:42 pagi. Pada ketika ini, Matahari akan berada pada kedudukan paling utara di langit, tepat di atas Garisan Sartan (23.5º Utara), menandakan permulaan musim panas secara astronomi di hemisfera utara dan musim sejuk di hemisfera selatan.
2025-06-23 12:44:00,Bulan pada Perigee,Bulan berada pada kedudukan yang paling dekat dengan Bumi, iaitu pada jarak 363,176 km. 
2025-06-25 18:33:00,Bulan Baru,Bulan memasuki fasa Bulan Baru pada jam 6:33 pm.
2025-07-03 03:30:00,Bulan Sukuan Pertama,Bulan memasuki fasa Bulan Sukuan Pertama pada jam 3:30 am.
2025-07-04 06:00:00,Bumi di Kududukan Aphelion,Bumi berada di kedudukan aphelion (paling jauh dari Matahari) pada jarak 1.01664 AU
2025-07-04 12:00:00,Utarid di Kedudukan Elongasi Maksimum,Planet Utarid berada pada sudut elongasi 25.9°T dari Matahari.
2025-07-11 04:37:00,Bulan Penuh / Bulan Purnama,Bulan memasuki fasa Bulan Penuh pada jam 04:37 am.
2025-07-15 17:28:00,Istiwa A'dzam,Istiwa Adzam ialah satu fenomena astronomi di mana kedudukan matahari berada tepat di atas Kaabah di Mekah. Pada waktu tersebut, bayang-bayang objek yang tegak di permukaan bumi akan menunjukkan arah yang tepat ke Kaabah. Ini adalah salah satu daripada dua kesempatan dalam setahun untuk memeriksa arah kiblat dengan ketepatan maksimum tanpa memerlukan alat tambahan.
2025-07-18 08:38:00,Bulan Sukuan Akhir / Ketiga,Bulan memasuki fasa Bulan Sukuan Akhir pada jam 08:38 am. 
2025-07-25 03:11:00,Bulan Baru,Bulan memasuki fasa Bulan Baru pada jam 3:11 am.
2025-07-29 00:00:00, Hujan Meteor Southern Delta-Aquarids,Fenomena Hujan Meteor Southern Delta-Aquarids mula aktif dan boleh dilihat pada pertengahan Julai hingga pertengahan Ogos dengan kemuncak berlaku 29 Julai 2025 dengan kemungkinan sehingga 20 meteor sejam. Kenampakan hujan meteor lebih baik selepas tengah malam kerana Bulan telah pun terbenam.
2025-08-01 20:41:00,Bulan Sukuan Pertama,Bulan memasuki fasa Bulan Sukuan Pertama pada jam 08:41 am.
2025-08-02 04:38:00,Bulan pada Apogee,Bulan berada pada kedudukan yang paling jauh dengan Bumi iaitu pada jarak 405,163 km.
2025-08-09 15:54:00,Bulan Penuh / Bulan Purnama,Bulan memasuki fasa Bulan Penuh pada jam 03:54 pm.
2025-08-13 00:00:00,Hujan Meteor Perseids,Hujan Meteor Perseids boleh dilihat mulai 17 Julai sehingga 24 Ogos setiap tahun. Kemuncak Hujan Meteor Perseids dijangka akan berlaku pada malam 12 Ogos hingga awal pagi 13 Ogos 2024 dengan purata 100 meteor per jam. Kenampakan hujan meteor tersebut adalah sedikit terganggu dengan cahaya Bulan sukuan akhir.
2025-08-15 02:02:00,Bulan pada Perigee,Bulan berada pada kedudukan yang paling dekat dengan Bumi, iaitu pada jarak 369,286 km.
2025-08-16 13:12:00,Bulan Sukuan Akhir / Ketiga,Bulan memasuki fasa Bulan Sukuan Akhir pada jam 01:12 pm.
2025-08-19 18:00:00,Utarid Pada Elongasi Paling Timur,Planet Utarid pada elongasi paling timur iaitu pada 18.6 darjah.
2025-08-23 14:06:00,Bulan Baru,Bulan memasuki fasa Bulan Baru pada jam 02:06 pm.
2025-08-29 23:35:00,Bulan pada Apogee,Bulan berada pada kedudukan yang paling jauh dengan Bumi iaitu pada jarak 404,551 km.
2025-08-31 14:25:00,Bulan Sukuan Pertama,Bulan memasuki fasa Bulan Sukuan Pertama pada jam 02:25 pm.
2025-09-02 02:08:00,Bulan Penuh / Bulan Purnama,Bulan memasuki fasa Bulan Penuh pada jam 02:08 am.
2025-09-08 02:11:00,Gerhana Bulan Penuh,Fasa Gerhana Bulan penuh dapat disaksikan bermula jam 01:30 pagi dan berakhir pada jam 02:52 pagi. Gerhana Bulan Penuh maksimum berlaku pada jam 02:11 pagi.
2025-09-10 20:11:00,Bulan pada Perigee,Bulan berada pada kedudukan yang paling dekat dengan Bumi, iaitu pada jarak 364,780 km.
2025-09-14 18:32:00,Bulan Sukuan Akhir / Ketiga,Bulan memasuki fasa Bulan Sukuan Akhir pada jam 06:32 pm.
2025-09-21 13:37:00,Istiqbal Zuhal,Planet Zuhal (Saturn) akan berada pada kedudukan oposisi / istiqbal, iaitu kedudukan bertentangan dengan Matahari berasaskan kedudukan Bumi. Pada ketika ini, Zuhal disinari sepenuhnya oleh cahaya Matahari dan kelihatan lebih terang berbanding ketika ia pada kedudukan lain.
2025-09-22 03:54:00,Bulan Baru,Bulan memasuki fasa Bulan Baru pada jam 03:54 am.
2025-09-23 20:45:00,Istiqbal Neptun,Istiqbal Neptun berlaku apabila planet Neptun berada bertentangan dengan Matahari, dengan Bumi berada di tengah-tengah. Neptun akan disinari sepenuhnya oleh Matahari, menjadikannya paling terang. Waktu ini juga Neptun boleh dilihat sepanjang malam, dari terbit di sebelah timur hingga terbenam di sebelah barat.
2025-09-26 17:47:00,Bulan pada Apogee,Bulan berada pada kedudukan yang paling jauh dengan Bumi iaitu pada jarak 405,551 km.
2025-09-30 07:53:00,Bulan Sukuan Pertama,Bulan memasuki fasa Bulan Sukuan Pertama pada jam 07:53 am.
2026-10-07 11:47:00,Bulan Penuh / Bulan Purnama,Bulan memasuki fasa Bulan Penuh pada jam 11:47 am.
2026-10-08 20:27:00,Bulan pada Perigee,Bulan berada pada kedudukan yang paling dekat dengan Bumi, iaitu pada jarak 359,814 km.
2026-10-14 02:12:00,Bulan Sukuan Akhir / Ketiga,Bulan memasuki fasa Bulan Sukuan Akhir pada jam 02:12 am.
2026-10-21 00:00:00,Hujan Meteor Orionids,Hujan Meteor Orionids dapat disaksikan setiap tahun antara 2 Oktober hingga 7 November. Pada 2025, kemuncaknya berlaku pada malam 21 Oktober hingga 22 Oktober dengan sekitar 20 meteor sejam. Tahun ini, peluang melihatnya lebih baik kerana langit gelap tanpa gangguan cahaya Bulan, tertakluk kepada cuaca.
2026-10-21 20:25:00,Bulan Baru,Bulan memasuki fasa Bulan Baru pada jam 08:25 pm.
2026-10-24 07:29:00,Bulan pada Apogee,Bulan berada pada kedudukan yang paling jauh dengan Bumi iaitu pada jarak 406,444 km.
2026-10-30 00:20:00,Bulan Sukuan Pertama,Bulan memasuki fasa Bulan Sukuan Pertama pada jam 12:20 am.
2026-10-30 06:00:00,Utarid Pada Elongasi Paling Timur,Planet Utarid pada elongasi paling timur iaitu pada 23.9 darjah.
2025-11-05 21:00:00,Hujan Meteor Southern Taurids,Fenomena ini boleh disaksikan dari 23 September - 20 November 2025. Kemuncaknya dijangka pada malam 5 November hingga awal pagi 6 November, dengan sekitar 5 meteor sejam. Namun, cahaya Bulan Purnama dijangka sedikit menjejaskan kenampakan meteor.
2025-11-05 21:19:00,Bulan Penuh / Bulan Purnama,Bulan memasuki fasa Bulan Penuh pada jam 9:19 pm.
2025-11-06 06:30:00,Bulan pada Perigee,Bulan berada pada kedudukan yang paling dekat dengan Bumi, iaitu pada jarak 356,832 km.
2025-11-06 22:00:00,Penghijaban Gugusan Bintang Pleiades oleh Bulan,Bulan akan melintasi gugusan bintang Pleiades (Seven Sisters) di buruj Taurus. Beberapa bintang akan kelihatan hilang seketika di sebalik cahaya Bulan ketika fenomena ini berlaku, yang dijangka berlangsung selama kira-kira 2-3 jam.
2025-11-12 13:28:00,Bulan Sukuan Akhir / Ketiga,Bulan memasuki fasa Bulan sukuan akhir pada jam 1:28 pm.
2025-11-12 20:00:00,Hujan Meteor Northern Taurids,Fenomena ini dapat disaksikan di langit Malaysia dari 13 Oktober - 2 Disember 2025. Kemuncaknya akan berlaku pada malam 12 November hingga awal pagi 13 November, dengan sekitar 5 meteor sejam. Namun, cahaya Bulan sukuan akhir dijangka sedikit menjejaskan kenampakan meteor.
2025-11-18 02:00:00,Hujan Meteor Leonids,Fenomena ini boleh dilihat dari 6-30 November 2025, dengan kemuncak pada malam 17-18 November. Sekitar 10-15 meteor sejam dijangka kelihatan, namun cahaya Bulan sukuan akhir mungkin menjejaskan kenampakan. Fenomena ini berasal daripada debu komet Tempel-Tuttle dan kadangkala menghasilkan ribut meteor yang menakjubkan.
2025-11-20 10:49:00,Bulan pada Apogee,Bulan berada pada kedudukan yang paling jauh dengan Bumi iaitu pada jarak 406,692 km.
2025-11-20 14:47:00,Bulan Baru,Bulan memasuki fasa Bulan Baru pada jam 02:47 pm.
2025-11-21 21:00:00,Istiqbal Uranus,Planet Uranus akan berada pada kedudukan opposition (istiqbal), iaitu ketika Bumi berada di antara Uranus dan Matahari. Ia akan kelihatan paling terang untuk tahun ini, tetapi masih sukar dilihat dengan mata kasar. Binokular atau teleskop disyorkan untuk pemerhatian yang lebih jelas. Uranus boleh dilihat di langit malam dari Oktober 2025 hingga Mac 2026.
2025-11-28 14:58:00,Bulan Sukuan Pertama,Bulan memasuki fasa Bulan Sukuan Pertama pada jam 2:58 pm.
2025-12-04 19:07:00,Bulan pada Perigee,Bulan berada pada kedudukan yang paling dekat dengan Bumi, iaitu pada jarak 356,961 km
2025-12-05 07:14:00,Bulan Penuh / Bulan Purnama Perigee,Bulan memasuki fasa Bulan Penuh pada jam 7:14 am
2025-12-08 05:00:00,Utarid Pada Elongasi Paling Barat,Planet Utarid pada elongasi paling timur iaitu pada 20.7°W (Barat)
2025-12-12 04:51:00,Bulan Sukuan Akhir / Ketiga,Bulan memasuki fasa Bulan sukuan akhir pada jam 4:51 am.
2025-12-14 20:58:00,Hujan Meteor Geminid,Fenomena ini dapat disaksikan dari 417 Disember. Kemuncaknya akan berlaku pada malam 1314 Disember, dijangka menghasilkan sekitar 120150 meteor sejam. Waktu terbaik untuk pemerhatian ialah selepas 9:00 malam hingga awal pagi. Namun kehadiran bulan yang akan mula terbit sekitar jam 3:15AM (di semenanjung) akan mula mengurangkan tahap kenampakan meteor yang kecil dan halus. 
2025-12-17 14:11:00,Bulan pada Apogee,Bulan berada pada kedudukan yang paling jauh dengan Bumi iaitu pada jarak 406,322 km.
2025-12-20 09:43:00,Bulan Baru,Bulan memasuki fasa Bulan Baru pada jam 09:43 am.
2025-12-21 23:03:00,Solstis Musim Sejuk,Matahari berada paling jauh ke selatan, tepat di atas Garisan Jadi pada 23.5° Selatan. Ini menandakan musim sejuk bermula di Hemisfera Utara (siang pendek, malam panjang) dan musim panas bermula di Hemisfera Selatan (siang panjang, malam pendek). Di Malaysia, kesannya sangat kecil kerana dekat dengan Khatulistiwa.
2025-12-23 02:34:00,Hujan meteor Ursid ,Fenomena ini aktif dari 17 hingga 26 Disember dengan kemuncaknya pada malam 2223 Disember 2025 dan dijangka 510 meteor sejam. Waktu terbaik untuk pemerhatian ialah selepas tengah malam hingga awal pagi.
2025-12-28 03:09:00,Bulan Sukuan Pertama,Bulan memasuki fasa Bulan Sukuan Pertama pada jam 3:09 am.
2026-01-02 05:44:00,Bulan pada Perigee,Bulan berada pada kedudukan yang paling dekat dengan Bumi, iaitu pada jarak 360,349 km
2026-01-03 18:02:00,Bulan Penuh / Purnama,Bulan Penuh / Purnama
2026-01-04 00:00:00,Hujan Meteor Quadrantid,Hujan Meteor Quadrantids aktif dari 28 Disember 2025 hingga 12 Januari 2026, dengan kemuncak pada 34 Januari 2026 yang boleh mencapai sekitar 80 meteor sejam, tetapi cahaya Bulan Penuh dijangka mengurangkan kenampakan.
2026-01-04 01:15:00,Bumi pada Perihelion,Bumi berada pada kedudukan perihelion (jarak paling dekat dari Matahari) iaitu sejauh 147,099,894 km.
2026-01-10 16:34:00,Istiqbal / Oposisi Musytari,Berlaku apabila Bumi berada di antara planet Musytari dan Matahari, menjadikan Musytari paling hampir, dan kelihatan paling terang dan dapat dilihat sepanjang malam.
2026-01-10 23:48:00,Bulan Sukuan Akhir / Ketiga,Bulan Sukuan Akhir / Ketiga
2026-01-14 04:47:00,Bulan pada Apogee,Bulan berada pada kedudukan yang paling jauh dengan Bumi, iaitu pada jarak 405,438 km.
2026-01-19 03:51:00,Bulan Baru,Bulan Baru
2026-01-26 12:47:00,Bulan Sukuan Awal,Bulan Sukuan Awal
2026-01-30 05:45:00,Bulan pada Perigee,Bulan berada pada kedudukan yang paling dekat dengan Bumi, iaitu pada jarak 365,871 km.
2026-02-02 06:09:00,Bulan Penuh / Purnama,Bulan Penuh / Purnama
2026-02-09 20:43:00,Bulan Sukuan Akhir / Ketiga,Bulan Sukuan Akhir / Ketiga
2026-02-17 20:01:00,Bulan Baru,Bulan Baru
2026-02-11 00:51:00,Bulan pada Apogee,Bulan berada pada kedudukan yang paling jauh dengan Bumi, iaitu pada jarak 404,576 km.
2026-02-20 02:00:00,Utarid pada Elongasi Paling Timur,Utarid pada elongasi paling timur iaitu pada 18.1°T. Utarid boleh kelihatan di langit Barat selepas Matahari terbenam. 
2026-02-24 20:27:00,Bulan Sukuan Awal,Bulan Sukuan Awal
2026-02-25 07:03:00,Bulan pada Perigee,Bulan berada pada kedudukan yang paling dekat dengan Bumi, iaitu pada jarak 370,133 km.
2026-03-03 19:33:00,Gerhana Bulan Penuh,Fasa Gerhana Bulan Penuh berlaku pada 7:04 petang hingga 8:02 malam. Gerhana Bulan maksimum berlaku pada 7:33 petang ketika Bulan baru terbit pada ketinggian 2° di atas ufuk Timur.
2026-03-03 19:37:00,Bulan Penuh / Purnama,Bulan Penuh / Purnama
2026-03-10 21:43:00,Bulan pada Apogee,Bulan berada pada kedudukan yang paling jauh dengan Bumi, iaitu pada jarak 404,384 km.
2026-03-11 17:38:00,Bulan Sukuan Akhir / Ketiga,Bulan Sukuan Akhir / Ketiga
2026-03-19 09:23:00,Bulan Baru,Bulan Baru
2026-03-20 22:46:00,Ekuinoks Mac,Ekuinoks Mac ialah waktu apabila Matahari berada tepat di atas garisan Khatulistiwa, menyebabkan siang dan malam hampir sama panjang di seluruh dunia. Ia menandakan bermulanya musim bunga di Hemisfera Utara dan musim luruh di Hemisfera Selatan.
2026-03-22 19:43:00,Bulan pada Perigee,Bulan berada pada kedudukan yang paling dekat dengan Bumi, iaitu pada jarak 366,859 km.
2026-03-26 03:17:00,Bulan Sukuan Awal,Bulan Sukuan Awal
2026-04-02 10:11:00,Bulan Penuh / Purnama,Bulan Penuh / Purnama
2026-04-04 09:16:00,Utarid pada Elongasi Paling Barat,Utarid pada elongasi paling barat iaitu pada 27°49'B. Utarid boleh kelihatan di langit Timur sebelum Matahari terbit. 
2026-04-07 16:30:00,Bulan pada Apogee,Bulan berada pada kedudukan yang paling jauh dengan Bumi, iaitu pada jarak 404,970 km.
2026-04-10 12:51:00,Bulan Sukuan Akhir / Ketiga,Bulan Sukuan Akhir / Ketiga
2026-04-17 19:51:00,Bulan Baru,Bulan Baru
2026-04-19 14:54:00,Bulan pada Perigee,Bulan berada pada kedudukan yang paling dekat dengan Bumi, iaitu pada jarak 361,633 km.
2026-04-22 23:00:00,Hujan Meteor Lyrids,Hujan Meteor Lyrids aktif dari 14-30 April 2026, dengan kemuncaknya pada 2223 April 2026 yang boleh mencapai sekitar 18 meteor sejam. Kenampakkan sangat baik selepas Bulan fasa sukuan awal terbenam pada jam 12:08 am.
2026-04-24 10:31:00,Bulan Sukuan Awal,Bulan Sukuan Awal
2026-05-02 01:23:00,Bulan Penuh / Purnama,Bulan Penuh / Purnama
2026-05-05 06:30:00,Bulan pada Apogee,Bulan berada pada kedudukan yang paling jauh dengan Bumi, iaitu pada jarak 405,839 km.
2026-05-07 02:00:00,Hujan Meteor Eta Aquarids,Hujan Meteor Eta Aquarids aktif dari 19 April hingga 28 Mei 2026, dengan kemuncaknya pada 67 Mei 2026 yang boleh mencapai sekitar 50 meteor sejam. Cahaya Bulan dijangka mengurangkan kenampakan.
2026-05-10 05:10:00,Bulan Sukuan Akhir / Ketiga,Bulan Sukuan Akhir / Ketiga
2026-05-17 04:01:00,Bulan Baru,Bulan Baru
2026-05-17 21:47:00,Bulan pada Perigee,Bulan berada pada kedudukan yang paling dekat dengan Bumi, iaitu pada jarak 358,077 km.
2026-05-28 17:16:00,Istiwa' Adzam,Fenomena ketika Matahari akan berada tegak di atas Kaabah.  Penentuan arah kiblat.
2026-05-23 19:10:00,Bulan Sukuan Awal,Bulan Sukuan Awal
2026-05-31 16:45:00,Bulan Penuh / Purnama,Bulan Penuh / Purnama
2026-06-01 12:33:00,Bulan pada Apogee,Bulan berada pada kedudukan yang paling jauh dengan Bumi, iaitu pada jarak 406,366 km.
2026-06-08 18:00:00,Bulan Sukuan Akhir / Ketiga,Bulan Sukuan Akhir / Ketiga
2026-06-15 07:20:00,Bulan pada Perigee,Bulan berada pada kedudukan yang paling dekat dengan Bumi, iaitu pada jarak 357,198 km.
2026-06-15 10:54:00,Bulan Baru,Bulan Baru
2026-06-16 04:00:00,Utarid pada Elongasi Paling Timur,Utarid pada elongasi paling timur iaitu pada 24.5°T. Utarid boleh kelihatan di langit Barat selepas Matahari terbenam. 
2026-06-21 16:24:00,Soltis Jun,Matahari berada paling utara dari Bumi, tepat di atas Garisan Sartan pada 23.4° Utara menyebabkan terjadinya musim panas di Hemisfera Utara (siang panjang, malam pendek) dan musim sejuk di Hemisfera Selatan (siang pendek, malam panjang). Di Malaysia, perubahan ini tidak terlalu ketara, tetapi siang sedikit lebih lama dan Matahari kelihatan lebih tinggi di langit berbanding hari biasa.
2026-06-22 05:55:00,Bulan Sukuan Awal,Bulan Sukuan Awal
2026-06-28 15:09:00,Bulan pada Apogee,Bulan berada pada kedudukan yang paling jauh dengan Bumi, iaitu pada jarak 406,265 km.
2026-06-30 07:56:00,Bulan Penuh / Purnama,Bulan Penuh / Purnama
2026-07-07 01:30:00,Bumi pada Aphelion,Bumi berada pada kedudukan aphelion (jarak paling jauh dari Matahari) iaitu sejauh 152,087,775 km.
2026-07-08 03:29:00,Bulan Sukuan Akhir / Ketiga,Bulan Sukuan Akhir / Ketiga
2026-07-13 15:54:00,Bulan pada Perigee,Bulan berada pada kedudukan yang paling dekat dengan Bumi, iaitu pada jarak 359,114 km.
2026-07-14 17:43:00,Bulan Baru,Bulan Baru
2026-07-16 17:28:00,Istiwa' Adzam,Fenomena ketika Matahari akan berada tegak di atas Kaabah.  Penentuan arah kiblat.
2026-07-21 19:05:00,Bulan Sukuan Awal,Bulan Sukuan Awal
2026-07-26 00:45:00,Bulan pada Apogee,Bulan berada pada kedudukan yang paling jauh dengan Bumi, iaitu pada jarak 405,548 km.
2026-07-29 22:35:00,Bulan Penuh / Purnama,Bulan Penuh / Purnama
2026-07-30 20:00:00,Hujan Meteor Southern Delta-Aquariids,Hujan Meteor Southern Delta-Aquariids aktif dan boleh dilihat pada 12 Julai hingga 23 Ogos 2026 dengan kemuncak berlaku pada malam 30-31 Julai 2026 dengan kemungkinan sehingga 25 meteor sejam. Kenampakan hujan meteor terganggu dengan cahaya Bulan Purnama.
2026-08-02 16:00:00,Utarid pada Elongasi Paling Barat,Utarid pada elongasi paling timur iaitu pada 19.5°B. Utarid boleh kelihatan di langit Timur sebelum Matahari terbit. 
2026-08-06 10:21:00,Bulan Sukuan Akhir / Ketiga,Bulan Sukuan Akhir / Ketiga
2026-08-10 19:13:00,Bulan pada Perigee,Bulan berada pada kedudukan yang paling dekat dengan Bumi, iaitu pada jarak 363,286 km.
2026-08-13 00:00:00,Hujan Meteor Perseids,Hujan Meteor Perseids aktif pada 17 Julai hingga 24 Ogos 2026 dengan kemuncak berlaku pada tengah malam sehingga Subuh 13 Ogos 2026 yang boleh mencapai sekitar 100 meteor sejam. Kenampakan hujan meteor sangat baik kerana tiada gangguan cahaya Bulan.
2026-08-13 01:36:00,Bulan Baru,Bulan Baru
2026-08-15 14:00:00,Zuhrah Pada Elongasi Paling Timur,Zuhrah pada elongasi paling timur iaitu pada 45.9°T. Zuhrah boleh kelihatan di langit barat selepas Matahari terbenam. 
2026-08-20 10:46:00,Bulan Sukuan Awal,Bulan Sukuan Awal
2026-08-22 16:21:00,Bulan pada Apogee,Bulan berada pada kedudukan yang paling jauh dengan Bumi, iaitu pada jarak 404,642 km.
2026-08-28 12:18:00,Bulan Penuh / Purnama,Bulan Penuh / Purnama
2026-09-04 15:51:00,Bulan Sukuan Akhir / Ketiga,Bulan Sukuan Akhir / Ketiga
2026-09-07 04:42:00,Bulan pada Perigee,Bulan berada pada kedudukan yang paling dekat dengan Bumi, iaitu pada jarak 368,259 km.
2026-09-11 11:26:00,Bulan Baru,Bulan Baru
2026-09-19 04:43:00,Bulan Sukuan Awal,Bulan Sukuan Awal
2026-09-19 11:00:00,Bulan pada Apogee,Bulan berada pada kedudukan yang paling jauh dengan Bumi, iaitu pada jarak 404,221 km.
2026-09-23 02:19:00,Ekuinoks September,Matahari berada di atas garisan Khatulistiwa dan akan terbit tepat di timur dan terbenam tepat di barat. Fenomena ini menandakan permulaan musim luruh di Hemisfera Utara dan musim bunga di Hemisfera Selatan. Ketika ini, siang dan malam hampir sama panjang di seluruh dunia.
2026-09-26 09:28:00,Istiqbal / Opposisi Neptun,Berlaku apabila Bumi berada di antara planet Neptun dan Matahari. Neptun akan disinari sepenuhnya oleh Matahari, menjadikannya paling terang. Waktu ini juga Neptun boleh dilihat sepanjang malam, paling sesuai untuk pencerapan tetapi ia terlalu malap dengan mata kasar dan memerlukan teleskop.
2026-09-27 00:49:00,Bulan Penuh / Purnama,Bulan Penuh / Purnama
2026-10-02 04:57:00,Bulan pada Perigee,Bulan berada pada kedudukan yang paling dekat dengan Bumi, iaitu pada jarak 369,335 km.
2026-10-03 21:25:00,Bulan Sukuan Akhir / Ketiga,Bulan Sukuan Akhir / Ketiga
2026-10-04 20:21:00,Istiqbal / Opposisi Zuhal,Berlaku apabila Bumi berada di antara planet Zuhal dan Matahari, menjadikan Zuhal paling hampir, dan kelihatan paling terang dan dapat dilihat sepanjang malam.
2026-10-10 23:50:00,Bulan Baru,Bulan Baru
2026-10-12 13:50:00,Utarid pada Elongasi Paling Timur,Utarid pada elongasi paling timur iaitu pada 25.2°T. Utarid boleh kelihatan di langit Barat selepas Matahari terbenam. 
2026-10-17 06:55:00,Bulan pada Apogee,Bulan berada pada kedudukan yang paling jauh dengan Bumi, iaitu pada jarak 404,643 km.
2026-10-19 00:12:00,Bulan Sukuan Awal,Bulan Sukuan Awal
2026-10-21 23:00:00,Hujan Meteor Orionids,Hujan Meteor Orionids dapat disaksikan bermula 2 Oktober hingga 7 November. Kemuncaknya berlaku pada malam 21-22 Oktober 2026 dengan sekitar 20 meteor sejam. Kenampakan hujan meteor sangat baik selepas Bulan terbenam pada jam 3:31 pagi.
2026-10-26 12:11:00,Bulan Penuh / Purnama,Bulan Penuh / Purnama
2026-10-29 02:08:00,Bulan pada Perigee,Bulan berada pada kedudukan yang paling dekat dengan Bumi, iaitu pada jarak 364,408 km.
2026-11-02 04:28:00,Bulan Sukuan Akhir / Ketiga,Bulan Sukuan Akhir / Ketiga
2026-11-09 15:02:00,Bulan Baru,Bulan Baru
2026-11-14 01:49:00,Bulan pada Apogee,Bulan berada pada kedudukan yang paling jauh dengan Bumi, iaitu pada jarak 405,619 km.
2026-11-17 19:47:00,Bulan Sukuan Awal,Bulan Sukuan Awal
2026-11-18 00:00:00,Hujan Meteor Leonids,Fenomena ini boleh dilihat dari 6-30 November 2026. Kemuncaknya berlaku pada malam 17-18 November dengan sekitar 15 meteor sejam. Kenampakan hujan meteor sangat baik selepas Bulan terbenam pada jam 1:23 pagi. Fenomena ini berasal daripada debu komet Tempel-Tuttle dan kadangkala menghasilkan ribut meteor yang menakjubkan.
2026-11-21 08:33:00,Utarid pada Elongasi Paling Barat,Utarid pada elongasi paling timur iaitu pada 19.6°B. Utarid boleh kelihatan di langit Timur sebelum Matahari terbit. 
2026-11-24 22:53:00,Bulan Penuh / Purnama,Bulan Penuh / Purnama
2026-11-26 05:02:00,Bulan pada Perigee,Bulan berada pada kedudukan yang paling dekat dengan Bumi, iaitu pada jarak 359,348 km.
2026-11-26 06:33:00,Istiqbal / Opposisi Uranus,Berlaku apabila Bumi berada di antara Matahari dan planet Uranus, menjadikan ia paling hampir dan paling cerah sepanjang tahun serta boleh dilihat sepanjang malam. Namun, ia sukar dilihat dengan mata kasar dan hanya kelihatan sebagai titik kecil biru kehijauan walaupun menggunakan teleskop.
2026-12-01 14:08:00,Bulan Sukuan Akhir / Ketiga,Bulan Sukuan Akhir / Ketiga
2026-12-09 08:51:00,Bulan Baru,Bulan Baru
2026-12-11 14:45:00,Bulan pada Apogee,Bulan berada pada kedudukan yang paling jauh dengan Bumi, iaitu pada jarak 406,420 km.
2026-12-14 20:58:00,Hujan Meteor Geminid,Fenomena ini dapat disaksikan dari 420 Disember 2026. Kemuncaknya  berlaku pada malam 1415 Disember 2026, menghasilkan sekitar 150 meteor sejam. Kenampakan hujan meteor sangat baik kerana tiada gangguan cahaya Bulan.
2026-12-17 13:42:00,Bulan Sukuan Awal,Bulan Sukuan Awal
2026-12-21 23:03:00,Solstis Disember,Matahari berada paling jauh ke selatan, tepat di atas Garisan Jadi pada 23.5° Selatan. Ini menandakan musim sejuk bermula di Hemisfera Utara (siang pendek, malam panjang) dan musim panas bermula di Hemisfera Selatan (siang panjang, malam pendek). Di Malaysia, kesannya sangat kecil kerana dekat dengan Khatulistiwa.
2026-12-22 21:00:00,Hujan meteor Ursid ,Fenomena ini aktif dari 17 hingga 26 Disember dengan kemuncaknya pada malam 2223 Disember 2025 dan sekitar 10 meteor sejam. Waktu terbaik untuk pemerhatian ialah selepas Bulan terbenam pada jam 9:07 malam.
2026-12-24 09:28:00,Bulan Penuh / Purnama Perigee,Bulan Penuh Perigee bagi tahun 2026. Bulan akan kelihatan lebih besar dan lebih terang daripada biasa.
2026-12-24 16:29:00,Bulan pada Perigee,Bulan berada pada kedudukan yang paling dekat dengan Bumi, iaitu pada jarak 356,652 km.
2026-12-31 02:59:00,Bulan Sukuan Akhir / Ketiga,Bulan Sukuan Akhir / Ketiga