date,state,parlimen,lf,lf_employed,lf_unemployed,lf_outside,u_rate,p_rate,ep_ratio
2021-01-01,Perlis,P.001 Padang Besar,32.7,31.2,1.5,18.1,4.1,64.4,61.4
2022-01-01,Perlis,P.001 Padang Besar,33.0,31.6,1.5,17.9,4.4,64.9,62.1
2023-01-01,Perlis,P.001 Padang Besar,40.2,38.3,1.9,22.8,4.7,63.8,60.8
2021-01-01,Perlis,P.002 Kangar,41.2,39.7,1.6,22.7,4.0,64.5,62.1
2022-01-01,Perlis,P.002 Kangar,41.4,40.0,1.4,22.5,3.4,64.8,62.6
2023-01-01,Perlis,P.002 Kangar,45.3,44.0,1.3,27.8,2.9,62.0,60.2
2021-01-01,Perlis,P.003 Arau,39.3,37.6,1.7,23.5,4.7,62.6,59.9
2022-01-01,Perlis,P.003 Arau,39.5,37.9,1.6,23.3,4.0,62.9,60.4
2023-01-01,Perlis,P.003 Arau,45.1,42.6,2.5,30.5,5.6,59.7,56.3
2021-01-01,Kedah,P.004 Langkawi,49.4,46.0,3.5,21.6,6.8,69.6,64.8
2022-01-01,Kedah,P.004 Langkawi,50.6,47.7,2.9,21.9,5.7,69.8,65.8
2023-01-01,Kedah,P.004 Langkawi,48.6,45.9,2.7,19.1,5.5,71.7,67.8
2021-01-01,Kedah,P.005 Jerlun,48.6,45.9,2.7,19.1,5.5,71.7,67.8
2022-01-01,Kedah,P.005 Jerlun,28.2,27.5,0.7,15.8,2.4,64.1,62.5
2023-01-01,Kedah,P.005 Jerlun,28.2,27.5,0.7,15.8,2.4,64.1,62.5
2021-01-01,Kedah,P.006 Kubang Pasu,48.6,45.9,2.7,19.1,5.5,71.7,67.8
2022-01-01,Kedah,P.006 Kubang Pasu,28.2,27.5,0.7,15.8,2.4,64.1,62.5
2023-01-01,Kedah,P.006 Kubang Pasu,79.0,76.9,2.1,43.2,2.7,64.7,62.9
2021-01-01,Kedah,P.007 Padang Terap,48.6,45.9,2.7,19.1,5.5,71.7,67.8
2022-01-01,Kedah,P.007 Padang Terap,28.2,27.5,0.7,15.8,2.4,64.1,62.5
2023-01-01,Kedah,P.007 Padang Terap,30.4,29.5,0.9,14.2,3.1,68.1,66.1
2021-01-01,Kedah,P.008 Pokok Sena,48.6,45.9,2.7,19.1,5.5,71.7,67.8
2022-01-01,Kedah,P.008 Pokok Sena,28.2,27.5,0.7,15.8,2.4,64.1,62.5
2023-01-01,Kedah,P.008 Pokok Sena,59.8,57.7,2.0,29.7,3.4,66.8,64.5
2021-01-01,Kedah,P.009 Alor Setar,48.6,45.9,2.7,19.1,5.5,71.7,67.8
2022-01-01,Kedah,P.009 Alor Setar,28.2,27.5,0.7,15.8,2.4,64.1,62.5
2023-01-01,Kedah,P.009 Alor Setar,53.3,51.2,2.1,28.2,4.0,65.4,62.8
2021-01-01,Kedah,P.010 Kuala Kedah,48.6,45.9,2.7,19.1,5.5,71.7,67.8
2022-01-01,Kedah,P.010 Kuala Kedah,28.2,27.5,0.7,15.8,2.4,64.1,62.5
2023-01-01,Kedah,P.010 Kuala Kedah,72.7,69.9,2.8,41.0,3.9,63.9,61.5
2021-01-01,Kedah,P.011 Pendang,48.6,45.9,2.7,19.1,5.5,71.7,67.8
2022-01-01,Kedah,P.011 Pendang,28.2,27.5,0.7,15.8,2.4,64.1,62.5
2023-01-01,Kedah,P.011 Pendang,41.6,40.1,1.5,22.0,3.6,65.4,63.1
2021-01-01,Kedah,P.012 Jerai,48.6,45.9,2.7,19.1,5.5,71.7,67.8
2022-01-01,Kedah,P.012 Jerai,28.2,27.5,0.7,15.8,2.4,64.1,62.5
2023-01-01,Kedah,P.012 Jerai,50.4,49.3,1.1,30.6,2.1,62.2,60.9
2021-01-01,Kedah,P.013 Sik,48.6,45.9,2.7,19.1,5.5,71.7,67.8
2022-01-01,Kedah,P.013 Sik,28.2,27.5,0.7,15.8,2.4,64.1,62.5
2023-01-01,Kedah,P.013 Sik,27.7,27.2,0.5,17.1,1.7,61.9,60.7
2021-01-01,Kedah,P.014 Merbok,48.6,45.9,2.7,19.1,5.5,71.7,67.8
2022-01-01,Kedah,P.014 Merbok,28.2,27.5,0.7,15.8,2.4,64.1,62.5
2023-01-01,Kedah,P.014 Merbok,93.4,90.7,2.7,59.0,2.9,61.3,59.5
2021-01-01,Kedah,P.015 Sungai Petani,48.6,45.9,2.7,19.1,5.5,71.7,67.8
2022-01-01,Kedah,P.015 Sungai Petani,28.2,27.5,0.7,15.8,2.4,64.1,62.5
2023-01-01,Kedah,P.015 Sungai Petani,121.8,118.3,3.5,72.0,2.9,62.9,61.0
2021-01-01,Kedah,P.016 Baling,48.6,45.9,2.7,19.1,5.5,71.7,67.8
2022-01-01,Kedah,P.016 Baling,28.2,27.5,0.7,15.8,2.4,64.1,62.5
2023-01-01,Kedah,P.016 Baling,66.9,65.5,1.4,30.3,2.1,68.8,67.4
2021-01-01,Kedah,P.017 Padang Serai,48.6,45.9,2.7,19.1,5.5,71.7,67.8
2022-01-01,Kedah,P.017 Padang Serai,28.2,27.5,0.7,15.8,2.4,64.1,62.5
2023-01-01,Kedah,P.017 Padang Serai,123.0,120.3,2.6,61.4,2.1,66.7,65.2
2021-01-01,Kedah,P.018 Kulim-Bandar Baharu,48.6,45.9,2.7,19.1,5.5,71.7,67.8
2022-01-01,Kedah,P.018 Kulim-Bandar Baharu,28.2,27.5,0.7,15.8,2.4,64.1,62.5
2023-01-01,Kedah,P.018 Kulim-Bandar Baharu,58.4,57.5,0.9,24.9,1.6,70.1,69.0
2021-01-01,Kelantan,P.019 Tumpat,48.6,45.9,2.7,19.1,5.5,71.7,67.8
2022-01-01,Kelantan,P.019 Tumpat,28.2,27.5,0.7,15.8,2.4,64.1,62.5
2023-01-01,Kelantan,P.019 Tumpat,62.1,60.5,1.6,50.2,2.6,55.3,53.9
2021-01-01,Kelantan,P.020 Pengkalan Chepa,53.3,51.2,2.1,28.2,4.0,65.4,62.8
2022-01-01,Kelantan,P.020 Pengkalan Chepa,72.7,69.9,2.8,41.0,3.9,63.9,61.5
2023-01-01,Kelantan,P.020 Pengkalan Chepa,66.3,63.1,3.2,47.0,4.8,58.5,55.7
2021-01-01,Kelantan,P.021 Kota Bharu,27.7,27.2,0.5,17.1,1.7,61.9,60.7
2022-01-01,Kelantan,P.021 Kota Bharu,27.7,27.2,0.5,17.1,1.7,61.9,60.7
2023-01-01,Kelantan,P.021 Kota Bharu,56.2,53.9,2.3,33.9,4.1,62.4,59.8
2021-01-01,Kelantan,P.022 Pasir Mas,66.9,65.5,1.4,30.3,2.1,68.8,67.4
2022-01-01,Kelantan,P.022 Pasir Mas,123.0,120.3,2.6,61.4,2.1,66.7,65.2
2023-01-01,Kelantan,P.022 Pasir Mas,39.0,37.3,1.7,34.8,4.4,52.8,50.5
2021-01-01,Kelantan,P.023 Rantau Panjang,42.9,40.6,2.2,33.5,5.0,56.1,53.1
2022-01-01,Kelantan,P.023 Rantau Panjang,44.6,42.6,2.0,32.8,4.6,57.6,55.0
2023-01-01,Kelantan,P.023 Rantau Panjang,42.8,40.9,1.9,32.6,4.4,56.8,54.2
2021-01-01,Kelantan,P.024 Kubang Kerian,73.9,70.8,3.1,43.9,5.2,62.7,60.1
2022-01-01,Kelantan,P.024 Kubang Kerian,77.2,74.3,2.9,43.0,3.8,64.2,61.8
2023-01-01,Kelantan,P.024 Kubang Kerian,70.4,67.9,2.6,39.7,3.6,64.0,61.7
2021-01-01,Kelantan,P.025 Bachok,59.6,57.3,2.3,53.7,3.6,52.6,50.6
2022-01-01,Kelantan,P.025 Bachok,61.0,58.9,2.1,54.7,3.5,52.7,50.9
2023-01-01,Kelantan,P.025 Bachok,58.0,56.1,1.9,51.4,3.3,53.0,51.3
2021-01-01,Kelantan,P.026 Ketereh,47.2,45.1,2.2,31.6,5.2,59.9,57.2
2022-01-01,Kelantan,P.026 Ketereh,48.2,46.2,2.0,31.7,4.1,60.3,57.8
2023-01-01,Kelantan,P.026 Ketereh,45.1,43.4,1.8,30.4,3.9,59.8,57.5
2021-01-01,Kelantan,P.027 Tanah Merah,47.1,46.0,1.1,37.2,2.8,55.9,54.6
2022-01-01,Kelantan,P.027 Tanah Merah,48.2,47.3,0.9,37.9,1.8,56.0,54.9
2023-01-01,Kelantan,P.027 Tanah Merah,46.3,45.5,0.8,37.5,1.7,55.2,54.3
2021-01-01,Kelantan,P.028 Pasir Puteh,51.1,49.4,1.8,37.9,3.2,57.4,55.5
2022-01-01,Kelantan,P.028 Pasir Puteh,51.9,50.4,1.6,38.3,3.0,57.6,55.9
2023-01-01,Kelantan,P.028 Pasir Puteh,48.4,46.9,1.4,37.1,3.0,56.6,54.9
2021-01-01,Kelantan,P.029 Machang,43.9,41.3,2.6,33.0,5.3,57.1,53.7
2022-01-01,Kelantan,P.029 Machang,45.0,42.6,2.3,32.8,5.2,57.8,54.8
2023-01-01,Kelantan,P.029 Machang,39.6,37.6,2.0,30.5,5.0,56.5,53.6
2021-01-01,Kelantan,P.030 Jeli,30.5,29.4,1.0,25.0,3.1,55.0,53.0
2022-01-01,Kelantan,P.030 Jeli,31.5,30.6,0.9,24.8,2.7,55.9,54.4
2023-01-01,Kelantan,P.030 Jeli,29.9,29.1,0.8,24.5,2.6,55.0,53.5
2021-01-01,Kelantan,P.031 Kuala Krai,44.5,43.4,1.1,30.7,2.8,59.2,57.7
2022-01-01,Kelantan,P.031 Kuala Krai,45.6,44.7,1.0,30.5,2.1,60.0,58.7
2023-01-01,Kelantan,P.031 Kuala Krai,41.7,40.9,0.8,29.2,1.9,58.8,57.7
2021-01-01,Kelantan,P.032 Gua Musang,45.0,42.9,2.0,34.7,4.2,56.4,53.8
2022-01-01,Kelantan,P.032 Gua Musang,45.8,43.9,1.9,35.2,4.1,56.6,54.2
2023-01-01,Kelantan,P.032 Gua Musang,39.4,37.8,1.6,31.2,4.0,55.8,53.5
2021-01-01,Terengganu,P.033 Besut,54.2,51.8,2.4,37.5,4.1,59.1,56.5
2022-01-01,Terengganu,P.033 Besut,55.3,52.9,2.4,37.9,4.3,59.3,56.8
2023-01-01,Terengganu,P.033 Besut,52.1,49.9,2.2,34.5,4.1,60.1,57.6
2021-01-01,Terengganu,P.034 Setiu,55.0,52.6,2.4,31.3,4.2,63.7,61.0
2022-01-01,Terengganu,P.034 Setiu,56.1,54.0,2.1,31.6,3.8,64.0,61.6
2023-01-01,Terengganu,P.034 Setiu,53.9,52.1,1.9,29.3,3.5,64.8,62.6
2021-01-01,Terengganu,P.035 Kuala Nerus,60.9,57.9,3.0,50.2,5.0,54.8,52.1
2022-01-01,Terengganu,P.035 Kuala Nerus,62.2,59.4,2.8,50.9,4.5,55.0,52.5
2023-01-01,Terengganu,P.035 Kuala Nerus,58.4,55.8,2.6,45.9,4.5,56.0,53.5
2021-01-01,Terengganu,P.036 Kuala Terengganu,56.2,53.4,2.8,37.1,5.0,60.2,57.2
2022-01-01,Terengganu,P.036 Kuala Terengganu,57.4,54.7,2.6,37.5,4.6,60.5,57.6
2023-01-01,Terengganu,P.036 Kuala Terengganu,57.2,54.8,2.5,34.9,4.3,62.1,59.5
2021-01-01,Terengganu,P.037 Marang,64.4,62.3,2.1,52.6,3.2,55.0,53.2
2022-01-01,Terengganu,P.037 Marang,65.7,63.8,1.9,53.2,2.9,55.3,53.7
2023-01-01,Terengganu,P.037 Marang,62.6,61.0,1.6,48.8,2.6,56.2,54.8
2021-01-01,Terengganu,P.038 Hulu Terengganu,38.4,36.8,1.6,31.3,4.2,55.1,52.8
2022-01-01,Terengganu,P.038 Hulu Terengganu,39.2,37.7,1.5,31.8,3.9,55.2,53.1
2023-01-01,Terengganu,P.038 Hulu Terengganu,36.0,34.8,1.3,28.0,3.5,56.3,54.4
2021-01-01,Terengganu,P.039 Dungun,64.4,62.2,2.2,52.8,3.9,54.9,53.1
2022-01-01,Terengganu,P.039 Dungun,65.7,63.8,1.9,53.7,2.9,55.0,53.4
2023-01-01,Terengganu,P.039 Dungun,61.8,60.1,1.7,47.9,2.7,56.3,54.8
2021-01-01,Terengganu,P.040 Kemaman,94.9,91.7,3.2,51.9,3.7,64.6,62.5
2022-01-01,Terengganu,P.040 Kemaman,96.8,94.0,2.8,52.3,2.9,64.9,63.0
2023-01-01,Terengganu,P.040 Kemaman,96.6,94.0,2.7,50.3,2.8,65.8,64.0
2021-01-01,Pulau Pinang,P.041 Kepala Batas,54.5,52.2,2.3,29.0,3.8,65.2,62.5
2022-01-01,Pulau Pinang,P.041 Kepala Batas,54.4,52.8,1.6,27.6,3.0,66.3,64.4
2023-01-01,Pulau Pinang,P.041 Kepala Batas,55.7,54.4,1.3,27.5,2.3,67.0,65.4
2021-01-01,Pulau Pinang,P.042 Tasek Gelugor,50.1,48.4,1.7,26.9,3.7,65.1,62.9
2022-01-01,Pulau Pinang,P.042 Tasek Gelugor,50.8,49.4,1.4,25.6,2.7,66.5,64.7
2023-01-01,Pulau Pinang,P.042 Tasek Gelugor,50.6,49.5,1.1,24.7,2.1,67.2,65.7
2021-01-01,Pulau Pinang,P.043 Bagan,51.4,49.8,1.6,28.8,3.6,64.1,62.1
2022-01-01,Pulau Pinang,P.043 Bagan,52.0,50.9,1.1,28.6,2.1,64.5,63.2
2023-01-01,Pulau Pinang,P.043 Bagan,54.2,53.4,0.8,29.1,1.5,65.1,64.1
2021-01-01,Pulau Pinang,P.044 Permatang Pauh,75.9,72.0,3.9,41.6,4.7,64.6,61.3
2022-01-01,Pulau Pinang,P.044 Permatang Pauh,76.3,73.2,3.1,40.7,4.1,65.2,62.6
2023-01-01,Pulau Pinang,P.044 Permatang Pauh,78.9,76.2,2.8,41.3,3.5,65.7,63.4
2021-01-01,Pulau Pinang,P.045 Bukit Mertajam,83.0,80.4,2.6,34.1,2.4,70.9,68.7
2022-01-01,Pulau Pinang,P.045 Bukit Mertajam,83.7,81.7,2.0,34.2,2.4,71.0,69.3
2023-01-01,Pulau Pinang,P.045 Bukit Mertajam,88.4,86.8,1.6,34.4,1.8,72.0,70.7
2021-01-01,Pulau Pinang,P.046 Batu Kawan,94.5,90.1,4.4,28.4,3.7,76.9,73.3
2022-01-01,Pulau Pinang,P.046 Batu Kawan,95.4,92.0,3.4,27.1,3.6,77.9,75.1
2023-01-01,Pulau Pinang,P.046 Batu Kawan,105.4,102.3,3.1,26.9,3.0,79.7,77.3
2021-01-01,Pulau Pinang,P.047 Nibong Tebal,73.5,70.4,3.1,20.4,3.3,78.3,75.0
2022-01-01,Pulau Pinang,P.047 Nibong Tebal,74.0,71.7,2.3,20.4,3.1,78.4,76.0
2023-01-01,Pulau Pinang,P.047 Nibong Tebal,74.0,72.0,1.9,18.4,2.6,80.1,77.9
2021-01-01,Pulau Pinang,P.048 Bukit Bendera,59.0,56.5,2.4,28.2,3.7,67.6,64.8
2022-01-01,Pulau Pinang,P.048 Bukit Bendera,59.8,58.0,1.8,28.0,3.0,68.1,66.1
2023-01-01,Pulau Pinang,P.048 Bukit Bendera,61.7,60.3,1.5,27.9,2.4,68.9,67.3
2021-01-01,Pulau Pinang,P.049 Tanjong,13.9,13.4,0.5,6.4,4.0,68.5,66.0
2022-01-01,Pulau Pinang,P.049 Tanjong,14.1,13.8,0.3,6.4,2.5,68.8,67.3
2023-01-01,Pulau Pinang,P.049 Tanjong,19.2,19.0,0.2,8.4,1.3,69.7,68.8
2021-01-01,Pulau Pinang,P.050 Jelutong,58.0,55.7,2.3,25.4,4.5,69.5,66.8
2022-01-01,Pulau Pinang,P.050 Jelutong,59.1,57.4,1.7,25.0,2.8,70.3,68.3
2023-01-01,Pulau Pinang,P.050 Jelutong,57.2,55.8,1.3,23.1,2.3,71.2,69.5
2021-01-01,Pulau Pinang,P.051 Bukit Gelugor,99.2,96.2,3.1,45.9,3.8,68.4,66.3
2022-01-01,Pulau Pinang,P.051 Bukit Gelugor,100.8,98.4,2.3,46.3,2.3,68.5,66.9
2023-01-01,Pulau Pinang,P.051 Bukit Gelugor,104.9,102.9,2.0,46.5,1.9,69.3,68.0
2021-01-01,Pulau Pinang,P.052 Bayan Baru,104.8,102.0,2.7,41.5,2.9,71.7,69.7
2022-01-01,Pulau Pinang,P.052 Bayan Baru,105.6,103.4,2.2,40.9,2.1,72.1,70.6
2023-01-01,Pulau Pinang,P.052 Bayan Baru,105.8,104.0,1.8,38.7,1.7,73.2,72.0
2021-01-01,Pulau Pinang,P.053 Balik Pulau,71.8,70.1,1.7,29.4,2.8,71.0,69.3
2022-01-01,Pulau Pinang,P.053 Balik Pulau,72.6,71.2,1.4,28.8,2.0,71.6,70.2
2023-01-01,Pulau Pinang,P.053 Balik Pulau,70.1,69.0,1.1,26.4,1.6,72.7,71.5
2021-01-01,Perak,P.054 Gerik,25.1,23.9,1.2,14.9,4.2,62.7,59.7
2022-01-01,Perak,P.054 Gerik,25.5,24.4,1.0,14.8,4.1,63.2,60.5
2023-01-01,Perak,P.054 Gerik,24.2,23.4,0.8,13.3,3.4,64.6,62.4
2021-01-01,Perak,P.055 Lenggong,16.3,15.6,0.7,9.4,3.8,63.4,60.7
2022-01-01,Perak,P.055 Lenggong,16.6,16.0,0.6,9.4,3.7,63.8,61.5
2023-01-01,Perak,P.055 Lenggong,16.0,15.6,0.5,8.9,3.0,64.4,62.7
2021-01-01,Perak,P.056 Larut,31.0,29.0,2.0,15.8,5.8,66.2,62.0
2022-01-01,Perak,P.056 Larut,31.5,29.7,1.8,15.7,5.7,66.8,62.9
2023-01-01,Perak,P.056 Larut,30.2,28.6,1.6,14.5,5.3,67.6,64.0
2021-01-01,Perak,P.057 Parit Buntar,31.9,29.9,2.0,20.8,5.6,60.5,56.7
2022-01-01,Perak,P.057 Parit Buntar,32.4,30.6,1.8,20.6,5.5,61.2,57.7
2023-01-01,Perak,P.057 Parit Buntar,31.8,30.2,1.6,19.7,5.0,61.8,58.6
2021-01-01,Perak,P.058 Bagan Serai,40.9,39.3,1.6,25.7,4.5,61.4,59.0
2022-01-01,Perak,P.058 Bagan Serai,41.6,40.2,1.4,25.6,3.4,61.9,59.8
2023-01-01,Perak,P.058 Bagan Serai,40.2,39.0,1.2,24.8,2.9,61.9,60.0
2021-01-01,Perak,P.059 Bukit Gantang,51.2,47.9,3.3,25.1,6.0,67.1,62.8
2022-01-01,Perak,P.059 Bukit Gantang,52.1,49.1,3.0,24.9,5.7,67.7,63.8
2023-01-01,Perak,P.059 Bukit Gantang,51.1,48.6,2.5,23.6,4.9,68.4,65.1
2021-01-01,Perak,P.060 Taiping,57.2,54.2,3.0,29.3,4.7,66.1,62.7
2022-01-01,Perak,P.060 Taiping,58.1,55.5,2.7,29.2,4.6,66.6,63.6
2023-01-01,Perak,P.060 Taiping,57.9,55.6,2.3,28.5,3.9,67.0,64.4
2021-01-01,Perak,P.061 Padang Rengas,15.7,14.8,0.9,10.2,5.1,60.6,57.1
2022-01-01,Perak,P.061 Padang Rengas,16.0,15.2,0.8,10.1,5.0,61.2,58.2
2023-01-01,Perak,P.061 Padang Rengas,15.4,14.8,0.6,9.6,4.1,61.6,59.2
2021-01-01,Perak,P.062 Sungai Siput,33.4,31.4,2.1,21.5,5.5,60.9,57.2
2022-01-01,Perak,P.062 Sungai Siput,34.0,32.2,1.9,21.3,5.4,61.5,58.2
2023-01-01,Perak,P.062 Sungai Siput,36.9,35.0,1.9,22.3,5.1,62.4,59.1
2021-01-01,Perak,P.063 Tambun,109.1,104.5,4.7,59.5,3.8,64.7,62.0
2022-01-01,Perak,P.063 Tambun,111.1,106.9,4.2,58.6,3.8,65.5,63.0
2023-01-01,Perak,P.063 Tambun,121.4,117.6,3.8,61.7,3.2,66.3,64.2
2021-01-01,Perak,P.064 Ipoh Timor,55.1,52.1,3.0,28.3,4.8,66.0,62.5
2022-01-01,Perak,P.064 Ipoh Timor,54.6,51.9,2.7,26.1,4.9,67.6,64.3
2023-01-01,Perak,P.064 Ipoh Timor,61.5,59.1,2.4,26.8,4.0,69.7,66.9
2021-01-01,Perak,P.065 Ipoh Barat,58.6,55.8,2.8,32.0,4.3,64.7,61.6
2022-01-01,Perak,P.065 Ipoh Barat,59.6,57.1,2.5,31.7,4.3,65.3,62.5
2023-01-01,Perak,P.065 Ipoh Barat,62.7,60.3,2.4,32.4,3.8,66.0,63.4
2021-01-01,Perak,P.066 Batu Gajah,58.0,54.5,3.5,31.1,5.4,65.1,61.2
2022-01-01,Perak,P.066 Batu Gajah,58.9,55.7,3.2,30.9,5.4,65.6,62.0
2023-01-01,Perak,P.066 Batu Gajah,62.3,59.5,2.8,32.7,4.5,65.6,62.6
2021-01-01,Perak,P.067 Kuala Kangsar,22.3,21.1,1.2,14.8,4.9,60.1,56.9
2022-01-01,Perak,P.067 Kuala Kangsar,22.7,21.6,1.1,14.7,4.8,60.7,57.8
2023-01-01,Perak,P.067 Kuala Kangsar,22.4,21.5,0.8,13.7,3.8,62.1,59.6
2021-01-01,Perak,P.068 Beruas,54.0,50.9,3.1,29.0,5.1,65.0,61.3
2022-01-01,Perak,P.068 Beruas,54.9,52.1,2.8,28.7,5.0,65.7,62.3
2023-01-01,Perak,P.068 Beruas,55.5,53.3,2.2,28.3,3.9,66.2,63.6
2021-01-01,Perak,P.069 Parit,31.2,29.5,1.7,19.8,6.3,61.1,57.8
2022-01-01,Perak,P.069 Parit,31.8,30.3,1.5,19.5,4.7,61.9,59.1
2023-01-01,Perak,P.069 Parit,28.9,27.7,1.2,16.8,4.0,63.2,60.6
2021-01-01,Perak,P.070 Kampar,50.7,48.2,2.5,26.1,4.4,66.0,62.8
2022-01-01,Perak,P.070 Kampar,51.6,49.4,2.2,25.8,4.3,66.7,63.8
2023-01-01,Perak,P.070 Kampar,49.9,48.1,1.8,24.1,3.7,67.5,65.0
2021-01-01,Perak,P.071 Gopeng,84.2,80.6,3.7,52.6,3.9,61.5,58.9
2022-01-01,Perak,P.071 Gopeng,85.7,82.4,3.3,52.1,3.9,62.2,59.8
2023-01-01,Perak,P.071 Gopeng,95.0,92.1,2.9,55.0,3.1,63.3,61.4
2021-01-01,Perak,P.072 Tapah,40.2,38.3,2.0,18.6,4.4,68.4,65.1
2022-01-01,Perak,P.072 Tapah,41.0,39.2,1.8,18.2,4.4,69.2,66.2
2023-01-01,Perak,P.072 Tapah,39.1,37.7,1.3,16.3,3.4,70.6,68.1
2021-01-01,Perak,P.073 Pasir Salak,37.0,34.7,2.2,19.2,5.6,65.9,61.7
2022-01-01,Perak,P.073 Pasir Salak,37.5,35.5,2.0,19.0,5.4,66.4,62.8
2023-01-01,Perak,P.073 Pasir Salak,37.7,36.0,1.7,18.5,4.5,67.1,64.1
2021-01-01,Perak,P.074 Lumut,57.8,54.3,3.5,31.7,5.6,64.6,60.7
2022-01-01,Perak,P.074 Lumut,58.9,55.8,3.1,31.0,5.3,65.5,62.1
2023-01-01,Perak,P.074 Lumut,58.8,56.3,2.5,29.2,4.3,66.9,64.0
2021-01-01,Perak,P.075 Bagan Datuk,28.2,26.9,1.3,16.2,5.3,63.6,60.6
2022-01-01,Perak,P.075 Bagan Datuk,28.7,27.6,1.1,16.0,4.0,64.2,61.7
2023-01-01,Perak,P.075 Bagan Datuk,38.0,36.6,1.3,20.2,3.6,65.2,62.9
2021-01-01,Perak,P.076 Teluk Intan,44.3,41.5,2.8,24.8,5.4,64.1,60.1
2022-01-01,Perak,P.076 Teluk Intan,45.0,42.5,2.5,24.8,5.5,64.5,60.9
2023-01-01,Perak,P.076 Teluk Intan,48.7,46.7,2.1,25.4,4.2,65.7,63.0
2021-01-01,Perak,P.077 Tanjong Malim,67.1,63.7,3.4,29.9,4.4,69.1,65.7
2022-01-01,Perak,P.077 Tanjong Malim,68.1,65.1,3.0,29.5,4.4,69.8,66.7
2023-01-01,Perak,P.077 Tanjong Malim,63.1,60.9,2.2,26.7,3.5,70.3,67.8
2021-01-01,Pahang,P.078 Cameron Highlands,34.9,34.4,0.5,13.9,1.5,71.4,70.5
2022-01-01,Pahang,P.078 Cameron Highlands,35.0,34.7,0.3,13.9,1.0,71.6,71.0
2023-01-01,Pahang,P.078 Cameron Highlands,35.0,34.8,0.2,13.3,0.7,72.4,72.0
2021-01-01,Pahang,P.079 Lipis,29.3,28.3,1.0,19.6,3.6,59.9,57.9
2022-01-01,Pahang,P.079 Lipis,29.7,29.0,0.8,19.3,2.6,60.6,59.2
2023-01-01,Pahang,P.079 Lipis,29.6,29.0,0.6,19.4,1.9,60.4,59.2
2021-01-01,Pahang,P.080 Raub,42.9,41.2,1.7,25.4,3.8,62.8,60.3
2022-01-01,Pahang,P.080 Raub,43.2,41.8,1.3,25.2,3.1,63.1,61.1
2023-01-01,Pahang,P.080 Raub,42.4,41.4,1.1,24.9,2.5,63.0,61.5
2021-01-01,Pahang,P.081 Jerantut,46.7,45.1,1.6,24.9,3.2,65.2,63.0
2022-01-01,Pahang,P.081 Jerantut,46.5,45.2,1.3,25.2,2.7,64.9,63.0
2023-01-01,Pahang,P.081 Jerantut,46.5,45.5,1.0,25.0,2.1,65.0,63.6
2021-01-01,Pahang,P.082 Indera Mahkota,115.3,112.3,3.0,56.0,2.6,67.3,65.6
2022-01-01,Pahang,P.082 Indera Mahkota,115.9,113.8,2.0,55.7,1.7,67.5,66.3
2023-01-01,Pahang,P.082 Indera Mahkota,124.9,123.2,1.7,57.4,1.4,68.5,67.6
2021-01-01,Pahang,P.083 Kuantan,56.7,55.0,1.7,28.2,2.9,66.8,64.8
2022-01-01,Pahang,P.083 Kuantan,57.5,56.2,1.3,27.4,2.3,67.7,66.2
2023-01-01,Pahang,P.083 Kuantan,62.9,61.9,1.0,29.2,1.6,68.3,67.2
2021-01-01,Pahang,P.084 Paya Besar,60.6,58.7,1.9,30.0,3.2,66.9,64.8
2022-01-01,Pahang,P.084 Paya Besar,61.2,59.7,1.5,29.5,2.5,67.5,65.8
2023-01-01,Pahang,P.084 Paya Besar,62.8,61.6,1.2,29.5,1.9,68.0,66.7
2021-01-01,Pahang,P.085 Pekan,78.2,75.8,2.4,38.0,2.7,67.3,65.2
2022-01-01,Pahang,P.085 Pekan,78.5,76.7,1.8,37.8,2.3,67.5,66.0
2023-01-01,Pahang,P.085 Pekan,79.9,78.4,1.5,37.3,1.8,68.2,66.9
2021-01-01,Pahang,P.086 Maran,26.8,26.1,0.7,14.5,2.6,64.8,63.2
2022-01-01,Pahang,P.086 Maran,26.8,26.3,0.5,14.6,1.9,64.8,63.5
2023-01-01,Pahang,P.086 Maran,27.1,26.8,0.4,14.7,1.3,64.9,64.1
2021-01-01,Pahang,P.087 Kuala Krau,31.0,29.6,1.4,17.6,4.2,63.8,60.9
2022-01-01,Pahang,P.087 Kuala Krau,31.2,30.0,1.2,17.5,3.7,64.1,61.6
2023-01-01,Pahang,P.087 Kuala Krau,29.3,28.4,0.9,16.4,3.0,64.2,62.1
2021-01-01,Pahang,P.088 Temerloh,60.5,58.0,2.6,38.1,4.2,61.4,58.8
2022-01-01,Pahang,P.088 Temerloh,60.9,58.9,2.0,37.8,3.4,61.7,59.7
2023-01-01,Pahang,P.088 Temerloh,59.5,57.8,1.7,37.5,2.9,61.3,59.6
2021-01-01,Pahang,P.089 Bentong,57.7,55.7,2.0,35.7,3.5,61.8,59.6
2022-01-01,Pahang,P.089 Bentong,57.5,55.8,1.7,36.1,2.9,61.4,59.6
2023-01-01,Pahang,P.089 Bentong,51.5,50.2,1.3,32.9,2.6,61.1,59.5
2021-01-01,Pahang,P.090 Bera,38.5,37.0,1.5,30.7,3.3,55.6,53.5
2022-01-01,Pahang,P.090 Bera,39.2,38.0,1.2,30.0,3.0,56.6,54.9
2023-01-01,Pahang,P.090 Bera,37.9,37.0,0.9,29.9,2.4,55.9,54.6
2021-01-01,Pahang,P.091 Rompin,50.4,48.3,2.0,29.7,3.4,62.9,60.3
2022-01-01,Pahang,P.091 Rompin,51.2,49.5,1.6,28.9,3.2,63.9,61.8
2023-01-01,Pahang,P.091 Rompin,46.3,45.0,1.3,26.2,2.9,63.9,62.1
2021-01-01,Selangor,P.092 Sabak Bernam,23.2,22.4,0.8,9.7,3.5,70.5,68.1
2022-01-01,Selangor,P.092 Sabak Bernam,23.6,23.0,0.6,9.6,2.7,71.1,69.3
2023-01-01,Selangor,P.092 Sabak Bernam,21.3,20.9,0.5,8.5,2.1,71.5,70.1
2021-01-01,Selangor,P.093 Sungai Besar,29.3,28.4,0.8,11.0,3.0,72.8,70.5
2022-01-01,Selangor,P.093 Sungai Besar,29.7,29.0,0.7,11.0,2.5,73.1,71.3
2023-01-01,Selangor,P.093 Sungai Besar,27.7,27.2,0.5,10.1,1.9,73.4,72.0
2021-01-01,Selangor,P.094 Hulu Selangor,129.0,125.9,3.1,42.8,2.6,75.1,73.3
2022-01-01,Selangor,P.094 Hulu Selangor,130.0,127.9,2.0,42.8,1.5,75.2,74.0
2023-01-01,Selangor,P.094 Hulu Selangor,130.0,128.6,1.5,41.8,1.1,75.7,74.9
2021-01-01,Selangor,P.095 Tanjong Karang,31.2,30.4,0.8,9.3,2.9,77.0,75.1
2022-01-01,Selangor,P.095 Tanjong Karang,31.7,31.2,0.5,9.3,1.6,77.4,76.1
2023-01-01,Selangor,P.095 Tanjong Karang,30.8,30.4,0.4,8.8,1.2,77.8,76.8
2021-01-01,Selangor,P.096 Kuala Selangor,88.1,84.3,3.8,25.2,4.2,77.7,74.4
2022-01-01,Selangor,P.096 Kuala Selangor,89.4,86.2,3.2,24.9,3.6,78.2,75.4
2023-01-01,Selangor,P.096 Kuala Selangor,95.1,92.7,2.4,26.0,2.5,78.6,76.5
2021-01-01,Selangor,P.097 Selayang,183.0,175.5,7.5,50.9,4.0,78.2,75.0
2022-01-01,Selangor,P.097 Selayang,186.2,180.1,6.2,48.7,3.3,79.3,76.7
2023-01-01,Selangor,P.097 Selayang,205.2,200.3,4.9,51.7,2.4,79.9,78.0
2021-01-01,Selangor,P.098 Gombak,173.7,166.6,7.1,48.3,3.9,78.2,75.0
2022-01-01,Selangor,P.098 Gombak,174.1,168.3,5.7,47.6,3.3,78.5,75.9
2023-01-01,Selangor,P.098 Gombak,190.6,186.1,4.5,50.6,2.4,79.0,77.2
2021-01-01,Selangor,P.099 Ampang,99.6,93.9,5.7,32.5,5.6,75.4,71.1
2022-01-01,Selangor,P.099 Ampang,101.2,95.7,5.5,32.1,5.4,76.0,71.8
2023-01-01,Selangor,P.099 Ampang,109.8,105.5,4.3,33.7,3.9,76.5,73.5
2021-01-01,Selangor,P.100 Pandan,129.2,122.8,6.4,34.9,5.0,78.7,74.8
2022-01-01,Selangor,P.100 Pandan,131.7,126.1,5.6,33.5,4.2,79.7,76.3
2023-01-01,Selangor,P.100 Pandan,135.0,130.6,4.4,33.4,3.2,80.1,77.6
2021-01-01,Selangor,P.101 Hulu Langat,181.4,171.3,10.1,54.2,5.5,77.0,72.7
2022-01-01,Selangor,P.101 Hulu Langat,184.8,175.9,8.9,53.0,4.8,77.7,74.0
2023-01-01,Selangor,P.101 Hulu Langat,201.1,193.8,7.3,56.4,3.6,78.1,75.3
2021-01-01,Selangor,P.102 Bangi,379.2,361.9,17.3,110.4,4.5,77.5,73.9
2022-01-01,Selangor,P.102 Bangi,383.4,368.4,15.0,107.7,3.9,78.1,75.0
2023-01-01,Selangor,P.102 Bangi,411.5,398.1,13.4,112.7,3.2,78.5,75.9
2021-01-01,Selangor,P.103 Puchong,172.2,164.4,7.8,68.8,4.9,71.4,68.2
2022-01-01,Selangor,P.103 Puchong,175.4,168.9,6.5,68.0,3.7,72.1,69.4
2023-01-01,Selangor,P.103 Puchong,196.5,191.4,5.1,74.8,2.6,72.4,70.5
2021-01-01,Selangor,P.104 Subang,271.3,258.3,13.0,87.0,4.9,75.7,72.1
2022-01-01,Selangor,P.104 Subang,274.4,263.3,11.1,84.4,4.1,76.5,73.4
2023-01-01,Selangor,P.104 Subang,275.1,265.7,9.4,81.7,3.4,77.1,74.5
2021-01-01,Selangor,P.105 Petaling Jaya,203.7,194.0,9.8,64.2,5.0,76.1,72.4
2022-01-01,Selangor,P.105 Petaling Jaya,206.7,198.2,8.4,63.4,4.1,76.5,73.4
2023-01-01,Selangor,P.105 Petaling Jaya,209.0,202.1,6.9,61.9,3.3,77.2,74.6
2021-01-01,Selangor,P.106 Damansara,236.5,224.9,11.6,70.2,5.1,77.1,73.3
2022-01-01,Selangor,P.106 Damansara,240.7,230.5,10.1,68.3,4.2,77.9,74.6
2023-01-01,Selangor,P.106 Damansara,255.7,247.3,8.4,70.8,3.3,78.3,75.7
2021-01-01,Selangor,P.107 Sungai Buloh,175.5,168.1,7.4,59.3,4.0,74.7,71.6
2022-01-01,Selangor,P.107 Sungai Buloh,179.0,172.8,6.1,59.0,3.4,75.2,72.6
2023-01-01,Selangor,P.107 Sungai Buloh,197.9,193.1,4.8,63.3,2.4,75.8,73.9
2021-01-01,Selangor,P.108 Shah Alam,232.0,223.2,8.8,74.5,3.8,75.7,72.8
2022-01-01,Selangor,P.108 Shah Alam,235.9,228.6,7.3,74.6,3.1,76.0,73.6
2023-01-01,Selangor,P.108 Shah Alam,257.2,251.4,5.8,78.4,2.3,76.6,74.9
2021-01-01,Selangor,P.109 Kapar,171.7,164.0,7.7,51.4,4.4,76.9,73.5
2022-01-01,Selangor,P.109 Kapar,173.2,166.8,6.4,50.8,3.7,77.3,74.5
2023-01-01,Selangor,P.109 Kapar,182.8,177.8,5.0,51.9,2.7,77.9,75.8
2021-01-01,Selangor,P.110 Klang,161.9,154.3,7.6,45.0,4.6,78.3,74.6
2022-01-01,Selangor,P.110 Klang,165.4,159.0,6.4,43.2,3.9,79.3,76.2
2023-01-01,Selangor,P.110 Klang,172.2,167.1,5.1,43.4,3.0,79.9,77.5
2021-01-01,Selangor,P.111 Kota Raja,270.6,260.6,10.0,84.4,3.6,76.2,73.4
2022-01-01,Selangor,P.111 Kota Raja,275.6,267.5,8.2,83.9,3.0,76.7,74.4
2023-01-01,Selangor,P.111 Kota Raja,294.2,287.6,6.6,86.3,2.2,77.3,75.6
2021-01-01,Selangor,P.112 Kuala Langat,133.2,129.2,4.0,38.5,3.4,77.6,75.2
2022-01-01,Selangor,P.112 Kuala Langat,135.4,131.8,3.6,37.7,2.7,78.2,76.1
2023-01-01,Selangor,P.112 Kuala Langat,144.6,141.9,2.7,39.4,1.9,78.6,77.1
2021-01-01,Selangor,P.113 Sepang,201.6,194.0,7.6,66.5,3.6,75.2,72.4
2022-01-01,Selangor,P.113 Sepang,204.4,198.2,6.2,65.9,3.0,75.6,73.3
2023-01-01,Selangor,P.113 Sepang,224.2,219.3,4.9,71.6,2.2,75.8,74.1
2021-01-01,W.P. Kuala Lumpur,P.114 Kepong,41.8,39.9,1.9,16.7,4.7,71.5,68.2
2022-01-01,W.P. Kuala Lumpur,P.114 Kepong,40.7,39.3,1.4,16.1,3.4,71.7,69.2
2023-01-01,W.P. Kuala Lumpur,P.114 Kepong,67.7,65.6,2.2,16.0,3.2,80.9,78.4
2021-01-01,W.P. Kuala Lumpur,P.115 Batu,85.8,81.9,3.9,35.6,4.8,70.6,67.5
2022-01-01,W.P. Kuala Lumpur,P.115 Batu,84.5,81.6,2.9,34.5,3.5,71.0,68.6
2023-01-01,W.P. Kuala Lumpur,P.115 Batu,122.7,118.6,4.1,54.0,3.3,69.4,67.1
2021-01-01,W.P. Kuala Lumpur,P.116 Wangsa Maju,92.0,88.4,3.6,38.6,3.4,70.4,67.7
2022-01-01,W.P. Kuala Lumpur,P.116 Wangsa Maju,90.5,87.8,2.2,38.3,2.4,70.6,68.2
2023-01-01,W.P. Kuala Lumpur,P.116 Wangsa Maju,117.3,114.4,2.9,41.0,2.4,74.1,72.3
2021-01-01,W.P. Kuala Lumpur,P.117 Segambut,124.1,118.3,5.8,44.3,4.5,73.7,70.2
2022-01-01,W.P. Kuala Lumpur,P.117 Segambut,123.2,119.6,4.3,41.2,3.5,74.4,72.7
2023-01-01,W.P. Kuala Lumpur,P.117 Segambut,142.7,137.2,5.6,49.9,3.9,74.1,71.2
2021-01-01,W.P. Kuala Lumpur,P.118 Setiawangsa,73.0,69.7,3.4,29.8,4.6,71.0,67.8
2022-01-01,W.P. Kuala Lumpur,P.118 Setiawangsa,73.0,70.3,2.6,29.1,3.6,71.6,68.9
2023-01-01,W.P. Kuala Lumpur,P.118 Setiawangsa,75.7,73.3,2.4,30.6,3.2,71.2,69.0
2021-01-01,W.P. Kuala Lumpur,P.119 Titiwangsa,57.3,55.1,2.3,19.8,3.6,74.3,71.5
2022-01-01,W.P. Kuala Lumpur,P.119 Titiwangsa,57.6,57.2,1.8,17.8,3.1,75.7,75.9
2023-01-01,W.P. Kuala Lumpur,P.119 Titiwangsa,78.0,76.3,1.6,9.9,2.1,88.7,86.8
2021-01-01,W.P. Kuala Lumpur,P.120 Bukit Bintang,53.8,51.9,2.0,20.3,3.0,72.6,70.0
2022-01-01,W.P. Kuala Lumpur,P.120 Bukit Bintang,52.8,52.3,1.6,18.9,3.0,73.6,72.9
2023-01-01,W.P. Kuala Lumpur,P.120 Bukit Bintang,72.7,72.0,0.7,20.2,0.9,78.3,77.5
2021-01-01,W.P. Kuala Lumpur,P.121 Lembah Pantai,67.3,64.7,2.6,25.1,3.3,72.8,70.0
2022-01-01,W.P. Kuala Lumpur,P.121 Lembah Pantai,67.6,66.1,1.6,23.6,2.3,74.2,72.5
2023-01-01,W.P. Kuala Lumpur,P.121 Lembah Pantai,81.4,79.8,1.6,27.7,2.0,74.6,73.1
2021-01-01,W.P. Kuala Lumpur,P.122 Seputeh,146.8,141.1,5.7,62.5,3.5,70.1,67.4
2022-01-01,W.P. Kuala Lumpur,P.122 Seputeh,144.9,140.5,3.2,62.6,2.2,70.3,67.7
2023-01-01,W.P. Kuala Lumpur,P.122 Seputeh,168.5,164.9,3.7,78.3,2.2,68.3,66.8
2021-01-01,W.P. Kuala Lumpur,P.123 Cheras,63.2,60.6,2.5,23.8,3.7,72.6,69.7
2022-01-01,W.P. Kuala Lumpur,P.123 Cheras,62.4,60.3,2.1,22.1,3.4,73.6,71.4
2023-01-01,W.P. Kuala Lumpur,P.123 Cheras,87.1,84.3,2.8,15.1,3.2,85.3,82.5
2021-01-01,W.P. Kuala Lumpur,P.124 Bandar Tun Razak,88.2,84.1,4.1,35.3,4.4,71.4,68.1
2022-01-01,W.P. Kuala Lumpur,P.124 Bandar Tun Razak,87.7,82.5,3.7,33.6,4.2,72.3,68.0
2023-01-01,W.P. Kuala Lumpur,P.124 Bandar Tun Razak,97.8,91.4,6.4,44.4,6.5,68.8,64.3
2021-01-01,W.P. Putrajaya,P.125 Putrajaya,53.9,53.0,0.9,16.1,1.6,77.0,75.7
2022-01-01,W.P. Putrajaya,P.125 Putrajaya,55.8,55.1,0.7,16.0,1.3,77.7,76.7
2023-01-01,W.P. Putrajaya,P.125 Putrajaya,58.6,58.1,0.5,15.9,0.8,78.6,78.0
2021-01-01,Negeri Sembilan,P.126 Jelebu,23.2,22.5,0.7,13.1,4.0,63.9,62.0
2022-01-01,Negeri Sembilan,P.126 Jelebu,23.9,23.4,0.5,12.7,2.3,65.3,63.9
2023-01-01,Negeri Sembilan,P.126 Jelebu,27.0,26.5,0.5,13.0,1.9,67.6,66.2
2021-01-01,Negeri Sembilan,P.127 Jempol,40.3,38.6,1.7,25.9,3.9,60.9,58.3
2022-01-01,Negeri Sembilan,P.127 Jempol,40.4,39.0,1.5,25.4,3.7,61.4,59.3
2023-01-01,Negeri Sembilan,P.127 Jempol,46.6,45.0,1.5,25.9,3.3,64.3,62.1
2021-01-01,Negeri Sembilan,P.128 Seremban,111.1,105.7,5.4,63.8,3.6,63.5,60.4
2022-01-01,Negeri Sembilan,P.128 Seremban,111.6,106.7,4.8,62.3,4.3,64.2,61.4
2023-01-01,Negeri Sembilan,P.128 Seremban,128.8,123.9,4.9,65.8,3.8,66.2,63.7
2021-01-01,Negeri Sembilan,P.129 Kuala Pilah,29.7,28.3,1.4,19.1,4.1,60.9,58.0
2022-01-01,Negeri Sembilan,P.129 Kuala Pilah,30.5,29.1,1.4,18.3,4.5,62.5,59.6
2023-01-01,Negeri Sembilan,P.129 Kuala Pilah,32.3,30.9,1.4,17.4,4.2,65.0,62.2
2021-01-01,Negeri Sembilan,P.130 Rasah,105.9,101.7,4.2,60.2,3.8,63.8,61.2
2022-01-01,Negeri Sembilan,P.130 Rasah,106.0,102.1,3.9,59.1,3.7,64.2,61.8
2023-01-01,Negeri Sembilan,P.130 Rasah,120.8,116.9,3.8,62.1,3.2,66.1,63.9
2021-01-01,Negeri Sembilan,P.131 Rembau,87.3,84.3,3.0,51.6,3.6,62.8,60.7
2022-01-01,Negeri Sembilan,P.131 Rembau,87.5,85.3,2.2,50.8,2.5,63.3,61.7
2023-01-01,Negeri Sembilan,P.131 Rembau,97.9,95.8,2.1,52.4,2.2,65.2,63.7
2021-01-01,Negeri Sembilan,P.132 Port Dickson,55.1,52.8,2.3,30.6,4.0,64.3,61.6
2022-01-01,Negeri Sembilan,P.132 Port Dickson,55.8,53.5,2.3,29.5,4.0,65.4,62.7
2023-01-01,Negeri Sembilan,P.132 Port Dickson,61.0,58.9,2.1,29.2,3.4,67.6,65.3
2021-01-01,Negeri Sembilan,P.133 Tampin,35.2,33.6,1.6,18.8,4.1,65.2,62.2
2022-01-01,Negeri Sembilan,P.133 Tampin,36.0,34.5,1.5,17.8,4.1,66.9,64.1
2023-01-01,Negeri Sembilan,P.133 Tampin,39.5,38.2,1.4,17.8,3.5,69.0,66.7
2021-01-01,Melaka,P.134 Masjid Tanah,48.3,47.2,1.1,19.4,2.4,71.3,69.7
2022-01-01,Melaka,P.134 Masjid Tanah,49.1,48.2,0.9,19.1,1.9,72.0,70.7
2023-01-01,Melaka,P.134 Masjid Tanah,52.0,51.0,1.0,18.9,2.0,73.4,71.9
2021-01-01,Melaka,P.135 Alor Gajah,71.3,69.6,1.7,30.6,2.6,70.0,68.3
2022-01-01,Melaka,P.135 Alor Gajah,72.5,71.2,1.3,30.2,1.8,70.6,69.3
2023-01-01,Melaka,P.135 Alor Gajah,95.4,93.7,1.7,38.4,1.8,71.3,70.0
2021-01-01,Melaka,P.136 Tangga Batu,94.3,92.7,1.6,45.6,1.8,67.4,66.3
2022-01-01,Melaka,P.136 Tangga Batu,95.6,94.5,1.1,45.4,1.2,67.8,67.0
2023-01-01,Melaka,P.136 Tangga Batu,97.3,96.2,1.1,45.8,1.1,68.0,67.2
2021-01-01,Melaka,P.137 Hang Tuah Jaya,69.3,67.8,1.5,32.1,2.3,68.4,66.9
2022-01-01,Melaka,P.137 Hang Tuah Jaya,71.0,69.8,1.2,31.2,1.7,69.5,68.3
2023-01-01,Melaka,P.137 Hang Tuah Jaya,82.0,80.5,1.5,34.8,1.8,70.2,68.9
2021-01-01,Melaka,P.138 Kota Melaka,99.5,97.4,2.1,44.8,2.4,69.0,67.5
2022-01-01,Melaka,P.138 Kota Melaka,103.0,101.4,1.6,42.4,1.5,70.9,69.7
2023-01-01,Melaka,P.138 Kota Melaka,114.6,112.7,1.9,45.0,1.7,71.8,70.6
2021-01-01,Melaka,P.139 Jasin,61.4,60.4,1.0,34.4,1.7,64.1,63.0
2022-01-01,Melaka,P.139 Jasin,63.5,62.6,0.9,33.0,1.4,65.8,64.9
2023-01-01,Melaka,P.139 Jasin,66.8,65.7,1.1,34.2,1.7,66.1,65.0
2021-01-01,Johor,P.140 Segamat,37.2,35.7,1.4,16.1,3.8,69.8,67.0
2022-01-01,Johor,P.140 Segamat,38.2,36.9,1.3,15.3,3.4,71.4,69.0
2023-01-01,Johor,P.140 Segamat,40.4,39.3,1.1,15.8,2.8,71.9,69.9
2021-01-01,Johor,P.141 Sekijang,36.4,34.7,1.7,16.1,4.1,69.4,66.1
2022-01-01,Johor,P.141 Sekijang,37.4,35.9,1.5,15.2,4.0,71.1,68.3
2023-01-01,Johor,P.141 Sekijang,39.0,37.7,1.3,15.5,3.2,71.6,69.2
2021-01-01,Johor,P.142 Labis,19.3,18.4,0.9,8.5,4.3,69.4,66.2
2022-01-01,Johor,P.142 Labis,20.1,19.3,0.8,8.2,4.0,71.1,68.2
2023-01-01,Johor,P.142 Labis,20.9,20.2,0.7,8.4,3.4,71.3,68.9
2021-01-01,Johor,P.143 Pagoh,46.3,45.2,1.1,23.8,2.1,66.0,64.5
2022-01-01,Johor,P.143 Pagoh,47.0,46.1,0.8,24.0,1.8,66.2,64.9
2023-01-01,Johor,P.143 Pagoh,47.3,46.7,0.6,23.8,1.3,66.5,65.7
2021-01-01,Johor,P.144 Ledang,59.6,57.6,2.0,33.5,2.9,64.0,61.9
2022-01-01,Johor,P.144 Ledang,60.6,59.2,1.5,33.0,2.4,64.7,63.2
2023-01-01,Johor,P.144 Ledang,68.1,66.8,1.3,36.7,1.9,65.0,63.7
2021-01-01,Johor,P.145 Bakri,59.5,57.6,1.9,28.8,2.8,67.4,65.2
2022-01-01,Johor,P.145 Bakri,60.4,59.0,1.4,28.9,2.4,67.6,66.1
2023-01-01,Johor,P.145 Bakri,66.6,65.5,1.1,31.3,1.7,68.0,66.9
2021-01-01,Johor,P.146 Muar,42.8,41.7,1.1,21.0,2.4,67.1,65.4
2022-01-01,Johor,P.146 Muar,43.6,42.7,0.8,21.1,1.9,67.4,66.0
2023-01-01,Johor,P.146 Muar,48.1,47.3,0.8,22.7,1.7,68.0,66.8
2021-01-01,Johor,P.147 Parit Sulong,36.5,35.4,1.1,16.3,2.7,69.1,67.0
2022-01-01,Johor,P.147 Parit Sulong,37.5,36.7,0.9,16.3,2.3,69.7,68.2
2023-01-01,Johor,P.147 Parit Sulong,41.4,40.7,0.7,17.2,1.7,70.7,69.5
2021-01-01,Johor,P.148 Ayer Hitam,32.2,31.3,0.9,14.4,2.5,69.2,67.2
2022-01-01,Johor,P.148 Ayer Hitam,33.3,32.5,0.7,14.1,2.2,70.3,68.6
2023-01-01,Johor,P.148 Ayer Hitam,36.1,35.5,0.6,15.2,1.7,70.4,69.2
2021-01-01,Johor,P.149 Sri Gading,76.0,74.1,1.9,33.8,2.0,69.2,67.5
2022-01-01,Johor,P.149 Sri Gading,79.3,77.7,1.5,33.3,1.9,70.4,69.0
2023-01-01,Johor,P.149 Sri Gading,97.1,95.7,1.4,40.4,1.5,70.6,69.6
2021-01-01,Johor,P.150 Batu Pahat,72.1,70.5,1.5,31.0,1.9,69.9,68.4
2022-01-01,Johor,P.150 Batu Pahat,74.2,73.2,1.0,29.6,1.3,71.5,70.5
2023-01-01,Johor,P.150 Batu Pahat,83.8,82.9,0.9,33.3,1.1,71.6,70.8
2021-01-01,Johor,P.151 Simpang Renggam,35.8,33.9,2.0,15.0,4.8,70.5,66.7
2022-01-01,Johor,P.151 Simpang Renggam,37.1,35.4,1.7,14.4,4.7,72.1,68.7
2023-01-01,Johor,P.151 Simpang Renggam,39.8,38.4,1.4,15.0,3.5,72.6,70.1
2021-01-01,Johor,P.152 Kluang,84.5,80.1,4.4,34.0,4.4,71.3,67.6
2022-01-01,Johor,P.152 Kluang,86.9,82.8,4.1,32.9,4.7,72.5,69.1
2023-01-01,Johor,P.152 Kluang,93.4,89.9,3.5,35.7,3.8,72.4,69.6
2021-01-01,Johor,P.153 Sembrong,27.9,26.3,1.6,11.9,5.0,70.2,66.1
2022-01-01,Johor,P.153 Sembrong,29.4,28.0,1.4,11.7,4.8,71.6,68.1
2023-01-01,Johor,P.153 Sembrong,32.9,31.7,1.1,13.0,3.5,71.6,69.1
2021-01-01,Johor,P.154 Mersing,30.3,29.2,1.1,20.7,3.5,59.4,57.3
2022-01-01,Johor,P.154 Mersing,31.4,30.4,1.0,21.2,3.0,59.7,57.8
2023-01-01,Johor,P.154 Mersing,32.9,32.0,0.8,21.9,2.4,60.0,58.4
2021-01-01,Johor,P.155 Tenggara,43.2,41.7,1.5,20.1,3.2,68.3,65.9
2022-01-01,Johor,P.155 Tenggara,44.5,43.4,1.2,19.9,2.6,69.1,67.4
2023-01-01,Johor,P.155 Tenggara,46.4,45.3,1.0,20.2,2.3,69.7,68.0
2021-01-01,Johor,P.156 Kota Tinggi,24.6,23.7,0.9,11.4,3.5,68.3,65.8
2022-01-01,Johor,P.156 Kota Tinggi,25.5,24.8,0.7,11.1,2.8,69.6,67.8
2023-01-01,Johor,P.156 Kota Tinggi,27.0,26.4,0.6,11.8,2.1,69.7,68.0
2021-01-01,Johor,P.157 Pengerang,31.5,30.1,1.4,14.0,3.9,69.3,66.2
2022-01-01,Johor,P.157 Pengerang,33.2,32.0,1.2,13.6,3.6,70.9,68.4
2023-01-01,Johor,P.157 Pengerang,35.2,34.1,1.0,14.1,3.0,71.4,69.2
2021-01-01,Johor,P.158 Tebrau,231.1,222.7,8.5,87.1,3.6,72.6,70.0
2022-01-01,Johor,P.158 Tebrau,236.5,228.9,7.7,84.6,3.2,73.7,71.3
2023-01-01,Johor,P.158 Tebrau,261.5,255.1,6.5,87.7,2.5,74.9,73.1
2021-01-01,Johor,P.159 Pasir Gudang,176.8,168.0,8.8,66.3,4.3,72.7,69.1
2022-01-01,Johor,P.159 Pasir Gudang,180.2,171.8,8.4,64.3,4.7,73.7,70.3
2023-01-01,Johor,P.159 Pasir Gudang,194.1,187.0,7.1,71.6,3.7,73.0,70.4
2021-01-01,Johor,P.160 Johor Bahru,87.2,84.0,3.2,31.5,3.5,73.4,70.8
2022-01-01,Johor,P.160 Johor Bahru,89.8,87.1,2.7,30.2,3.0,74.8,72.6
2023-01-01,Johor,P.160 Johor Bahru,98.9,96.6,2.3,32.3,2.4,75.4,73.6
2021-01-01,Johor,P.161 Pulai,137.1,132.0,5.1,51.9,3.7,72.5,69.8
2022-01-01,Johor,P.161 Pulai,139.8,135.0,4.8,50.8,3.4,73.3,70.8
2023-01-01,Johor,P.161 Pulai,154.9,150.8,4.1,54.6,2.6,73.9,72.0
2021-01-01,Johor,P.162 Iskandar Puteri,207.8,199.5,8.3,76.6,3.8,73.1,70.1
2022-01-01,Johor,P.162 Iskandar Puteri,212.5,204.9,7.6,75.1,3.6,73.9,71.2
2023-01-01,Johor,P.162 Iskandar Puteri,237.9,231.3,6.6,80.6,2.8,74.7,72.6
2021-01-01,Johor,P.163 Kulai,126.9,122.1,4.8,64.2,3.7,66.4,63.9
2022-01-01,Johor,P.163 Kulai,129.1,124.7,4.4,64.7,3.4,66.6,64.3
2023-01-01,Johor,P.163 Kulai,147.3,143.2,4.1,74.5,2.8,66.4,64.6
2021-01-01,Johor,P.164 Pontian,33.2,31.6,1.6,18.3,4.3,64.5,61.4
2022-01-01,Johor,P.164 Pontian,34.6,33.1,1.5,18.0,4.2,65.7,62.9
2023-01-01,Johor,P.164 Pontian,37.0,35.8,1.2,18.7,3.4,66.5,64.3
2021-01-01,Johor,P.165 Tanjung Piai,39.0,37.3,1.7,20.5,3.9,65.6,62.7
2022-01-01,Johor,P.165 Tanjung Piai,39.3,37.9,1.4,20.3,3.6,65.9,63.6
2023-01-01,Johor,P.165 Tanjung Piai,43.3,42.0,1.3,21.8,3.0,66.5,64.5
2021-01-01,W.P. Labuan,P.166 Labuan,44.0,40.7,3.3,22.3,7.5,66.3,61.4
2022-01-01,W.P. Labuan,P.166 Labuan,44.6,41.5,3.1,21.6,6.9,67.4,62.7
2023-01-01,W.P. Labuan,P.166 Labuan,46.5,43.4,3.1,22.0,6.8,67.9,63.4
2021-01-01,Sabah,P.167 Kudat,57.6,52.1,5.5,21.2,9.1,73.1,66.1
2022-01-01,Sabah,P.167 Kudat,57.4,52.2,5.1,20.4,8.9,73.7,67.1
2023-01-01,Sabah,P.167 Kudat,45.3,41.5,3.8,17.8,8.4,71.8,65.8
2021-01-01,Sabah,P.168 Kota Marudu,56.5,51.8,4.6,20.8,8.6,73.1,67.0
2022-01-01,Sabah,P.168 Kota Marudu,56.9,52.6,4.3,20.6,7.5,73.4,67.9
2023-01-01,Sabah,P.168 Kota Marudu,48.0,44.6,3.5,18.7,7.2,72.0,66.9
2021-01-01,Sabah,P.169 Kota Belud,52.6,47.3,5.2,31.9,9.7,62.3,56.0
2022-01-01,Sabah,P.169 Kota Belud,53.5,48.6,4.8,31.5,9.1,62.9,57.2
2023-01-01,Sabah,P.169 Kota Belud,45.8,41.7,4.1,27.2,8.9,62.7,57.1
2021-01-01,Sabah,P.170 Tuaran,71.7,67.0,4.7,37.8,5.9,65.5,61.2
2022-01-01,Sabah,P.170 Tuaran,72.4,68.1,4.4,37.6,6.0,65.8,61.9
2023-01-01,Sabah,P.170 Tuaran,63.4,59.6,3.8,34.1,5.9,65.0,61.1
2021-01-01,Sabah,P.171 Sepanggar,207.4,194.2,13.2,79.3,6.3,72.3,67.7
2022-01-01,Sabah,P.171 Sepanggar,208.7,197.1,11.6,79.0,5.5,72.5,68.5
2023-01-01,Sabah,P.171 Sepanggar,183.4,173.4,9.9,70.3,5.4,72.3,68.3
2021-01-01,Sabah,P.172 Kota Kinabalu,79.0,73.6,5.4,26.8,6.5,74.7,69.6
2022-01-01,Sabah,P.172 Kota Kinabalu,78.3,73.3,5.0,25.9,6.3,75.1,70.3
2023-01-01,Sabah,P.172 Kota Kinabalu,63.2,59.0,4.1,24.4,6.6,72.1,67.4
2021-01-01,Sabah,P.173 Putatan,71.4,65.9,5.5,24.6,7.5,74.4,68.6
2022-01-01,Sabah,P.173 Putatan,72.4,67.3,5.1,24.5,7.1,74.7,69.5
2023-01-01,Sabah,P.173 Putatan,61.9,57.4,4.6,22.9,7.4,73.0,67.7
2021-01-01,Sabah,P.174 Penampang,104.7,94.9,9.8,49.5,8.7,67.9,61.5
2022-01-01,Sabah,P.174 Penampang,105.7,96.5,9.3,49.5,8.8,68.1,62.2
2023-01-01,Sabah,P.174 Penampang,94.5,86.0,8.5,42.9,9.0,68.8,62.6
2021-01-01,Sabah,P.175 Papar,64.0,59.0,5.0,31.0,7.2,67.4,62.1
2022-01-01,Sabah,P.175 Papar,63.3,58.8,4.5,29.9,7.1,68.0,63.1
2023-01-01,Sabah,P.175 Papar,54.5,50.6,3.9,26.8,7.2,67.0,62.2
2021-01-01,Sabah,P.176 Kimanis,31.7,29.5,2.3,15.5,8.1,67.2,62.5
2022-01-01,Sabah,P.176 Kimanis,31.3,29.2,2.0,14.7,6.5,67.9,63.5
2023-01-01,Sabah,P.176 Kimanis,25.5,23.8,1.7,12.9,6.6,66.3,62.0
2021-01-01,Sabah,P.177 Beaufort,30.8,28.8,2.0,15.2,6.3,66.9,62.6
2022-01-01,Sabah,P.177 Beaufort,30.2,28.4,1.8,14.6,5.9,67.5,63.4
2023-01-01,Sabah,P.177 Beaufort,25.2,23.6,1.5,12.1,6.1,67.5,63.3
2021-01-01,Sabah,P.178 Sipitang,37.0,34.5,2.5,18.8,6.4,66.4,61.8
2022-01-01,Sabah,P.178 Sipitang,35.9,33.7,2.2,17.9,6.1,66.7,62.6
2023-01-01,Sabah,P.178 Sipitang,31.5,29.6,2.0,15.5,6.3,67.1,63.0
2021-01-01,Sabah,P.179 Ranau,70.7,64.6,6.0,23.6,8.8,75.0,68.5
2022-01-01,Sabah,P.179 Ranau,68.7,63.5,5.2,22.2,7.6,75.6,69.9
2023-01-01,Sabah,P.179 Ranau,47.9,44.3,3.6,16.7,7.6,74.2,68.6
2021-01-01,Sabah,P.180 Keningau,68.4,63.7,4.7,41.3,6.3,62.4,58.1
2022-01-01,Sabah,P.180 Keningau,67.3,63.0,4.3,39.6,6.4,63.0,58.9
2023-01-01,Sabah,P.180 Keningau,58.7,54.9,3.8,33.9,6.5,63.4,59.3
2021-01-01,Sabah,P.181 Tenom,28.7,26.8,1.9,17.3,6.1,62.4,58.3
2022-01-01,Sabah,P.181 Tenom,27.5,25.9,1.7,16.0,6.1,63.3,59.5
2023-01-01,Sabah,P.181 Tenom,23.2,21.7,1.5,13.2,6.3,63.7,59.6
2021-01-01,Sabah,P.182 Pensiangan,58.0,53.5,4.5,24.5,8.0,70.3,64.8
2022-01-01,Sabah,P.182 Pensiangan,56.9,52.9,4.0,23.3,7.1,70.9,66.0
2023-01-01,Sabah,P.182 Pensiangan,42.5,39.5,3.0,18.1,7.1,70.2,65.2
2021-01-01,Sabah,P.183 Beluran,66.2,60.8,5.4,23.7,8.2,73.7,67.6
2022-01-01,Sabah,P.183 Beluran,67.5,62.6,4.9,23.8,7.3,73.9,68.6
2023-01-01,Sabah,P.183 Beluran,54.4,50.4,3.9,20.8,7.3,72.4,67.0
2021-01-01,Sabah,P.184 Libaran,103.3,95.4,7.9,35.4,8.0,74.5,68.8
2022-01-01,Sabah,P.184 Libaran,105.1,97.7,7.4,35.4,7.1,74.8,69.5
2023-01-01,Sabah,P.184 Libaran,91.6,85.1,6.5,32.5,7.1,73.8,68.6
2021-01-01,Sabah,P.185 Batu Sapi,77.9,72.2,5.8,26.8,7.7,74.4,69.0
2022-01-01,Sabah,P.185 Batu Sapi,78.4,73.0,5.4,26.5,6.9,74.8,69.6
2023-01-01,Sabah,P.185 Batu Sapi,66.2,61.6,4.5,24.9,6.9,72.6,67.6
2021-01-01,Sabah,P.186 Sandakan,81.7,75.1,6.6,27.6,8.1,74.8,68.7
2022-01-01,Sabah,P.186 Sandakan,79.6,73.9,5.7,26.1,7.2,75.3,69.9
2023-01-01,Sabah,P.186 Sandakan,67.3,62.5,4.8,23.3,7.1,74.3,69.0
2021-01-01,Sabah,P.187 Kinabatangan,132.9,119.3,13.5,59.2,9.7,69.2,62.1
2022-01-01,Sabah,P.187 Kinabatangan,132.4,119.9,12.5,57.7,9.4,69.6,63.1
2023-01-01,Sabah,P.187 Kinabatangan,111.4,100.5,10.9,48.5,9.8,69.7,62.9
2021-01-01,Sabah,P.188 Lahad Datu,153.0,137.9,15.2,63.2,9.7,70.8,63.8
2022-01-01,Sabah,P.188 Lahad Datu,155.1,141.2,13.9,62.8,9.0,71.2,64.8
2023-01-01,Sabah,P.188 Lahad Datu,155.4,141.4,14.1,65.4,9.1,70.4,64.0
2021-01-01,Sabah,P.189 Semporna,71.9,64.8,7.2,42.2,10.1,63.0,56.8
2022-01-01,Sabah,P.189 Semporna,72.9,66.2,6.6,42.4,9.1,63.2,57.4
2023-01-01,Sabah,P.189 Semporna,71.6,65.0,6.6,40.0,9.2,64.2,58.2
2021-01-01,Sabah,P.190 Tawau,143.1,132.6,10.5,45.2,7.0,76.0,70.4
2022-01-01,Sabah,P.190 Tawau,146.1,136.3,9.8,44.2,6.7,76.8,71.6
2023-01-01,Sabah,P.190 Tawau,124.9,116.7,8.3,43.0,6.6,74.4,69.5
2021-01-01,Sabah,P.191 Kalabakan,101.9,91.1,10.8,46.0,10.0,68.9,61.6
2022-01-01,Sabah,P.191 Kalabakan,103.7,93.9,9.8,45.5,9.5,69.5,62.9
2023-01-01,Sabah,P.191 Kalabakan,96.7,87.9,8.8,41.8,9.1,69.8,63.5
2021-01-01,Sarawak,P.192 Mas Gading,28.3,27.4,0.9,14.1,3.3,66.7,64.6
2022-01-01,Sarawak,P.192 Mas Gading,28.7,27.8,0.9,14.0,3.0,67.1,65.1
2023-01-01,Sarawak,P.192 Mas Gading,25.3,24.4,0.9,11.9,3.6,68.0,65.6
2021-01-01,Sarawak,P.193 Santubong,61.7,59.1,2.6,33.0,4.5,65.1,62.4
2022-01-01,Sarawak,P.193 Santubong,63.2,60.8,2.4,32.1,3.8,66.3,63.8
2023-01-01,Sarawak,P.193 Santubong,57.3,55.3,2.0,27.6,3.5,67.5,65.1
2021-01-01,Sarawak,P.194 Petra Jaya,80.3,76.9,3.5,43.1,4.5,65.1,62.3
2022-01-01,Sarawak,P.194 Petra Jaya,82.3,79.2,3.1,41.8,3.8,66.3,63.8
2023-01-01,Sarawak,P.194 Petra Jaya,74.9,72.5,2.4,35.6,3.2,67.8,65.6
2021-01-01,Sarawak,P.195 Bandar Kuching,59.1,56.4,2.7,31.8,4.7,65.0,62.0
2022-01-01,Sarawak,P.195 Bandar Kuching,60.2,58.0,2.2,31.2,3.7,65.9,63.5
2023-01-01,Sarawak,P.195 Bandar Kuching,55.3,53.2,2.1,27.0,3.8,67.2,64.6
2021-01-01,Sarawak,P.196 Stampin,114.0,107.7,6.3,56.2,4.9,67.0,63.3
2022-01-01,Sarawak,P.196 Stampin,115.7,110.3,5.4,55.5,4.7,67.6,64.4
2023-01-01,Sarawak,P.196 Stampin,107.3,102.6,4.7,48.1,4.4,69.1,66.0
2021-01-01,Sarawak,P.197 Kota Samarahan,83.0,79.0,4.0,44.4,4.7,65.1,62.0
2022-01-01,Sarawak,P.197 Kota Samarahan,85.1,81.6,3.4,43.1,4.0,66.4,63.7
2023-01-01,Sarawak,P.197 Kota Samarahan,79.6,76.8,2.8,38.8,3.5,67.2,64.9
2021-01-01,Sarawak,P.198 Puncak Borneo,43.0,40.4,2.5,23.1,5.0,65.0,61.1
2022-01-01,Sarawak,P.198 Puncak Borneo,43.4,41.1,2.3,23.1,5.3,65.3,61.8
2023-01-01,Sarawak,P.198 Puncak Borneo,38.2,36.4,1.8,19.3,4.7,66.5,63.3
2021-01-01,Sarawak,P.199 Serian,34.6,32.6,2.0,19.2,4.9,64.3,60.6
2022-01-01,Sarawak,P.199 Serian,35.0,33.4,1.7,19.0,4.8,64.9,61.9
2023-01-01,Sarawak,P.199 Serian,29.0,27.6,1.4,15.0,4.7,65.9,62.7
2021-01-01,Sarawak,P.200 Batang Sadong,18.9,18.1,0.8,8.1,4.4,69.9,67.0
2022-01-01,Sarawak,P.200 Batang Sadong,19.3,18.7,0.6,7.8,2.9,71.1,69.0
2023-01-01,Sarawak,P.200 Batang Sadong,16.6,16.2,0.4,6.9,2.5,70.7,68.9
2021-01-01,Sarawak,P.201 Batang Lupar,20.2,19.4,0.8,9.0,4.1,69.3,66.4
2022-01-01,Sarawak,P.201 Batang Lupar,19.6,18.8,0.9,8.6,4.4,69.5,66.7
2023-01-01,Sarawak,P.201 Batang Lupar,17.4,17.0,0.5,7.8,2.7,69.0,67.5
2021-01-01,Sarawak,P.202 Sri Aman,35.8,34.2,1.5,15.2,4.5,70.2,67.1
2022-01-01,Sarawak,P.202 Sri Aman,36.4,35.1,1.3,14.8,3.7,71.1,68.6
2023-01-01,Sarawak,P.202 Sri Aman,31.5,30.5,1.0,12.2,3.2,72.0,69.8
2021-01-01,Sarawak,P.203 Lubok Antu,14.7,14.2,0.5,6.9,4.0,68.2,65.7
2022-01-01,Sarawak,P.203 Lubok Antu,15.0,14.5,0.4,6.7,2.8,69.1,66.8
2023-01-01,Sarawak,P.203 Lubok Antu,13.0,12.7,0.3,5.5,2.4,70.4,68.6
2021-01-01,Sarawak,P.204 Betong,17.9,16.9,1.0,10.8,4.8,62.3,58.9
2022-01-01,Sarawak,P.204 Betong,18.0,17.0,1.0,10.8,5.4,62.5,59.0
2023-01-01,Sarawak,P.204 Betong,15.5,14.9,0.6,9.0,4.0,63.2,60.8
2021-01-01,Sarawak,P.205 Saratok,24.8,23.7,1.1,11.6,4.4,68.1,65.1
2022-01-01,Sarawak,P.205 Saratok,25.2,24.4,0.8,11.4,3.3,68.9,66.7
2023-01-01,Sarawak,P.205 Saratok,21.1,20.5,0.6,9.0,3.0,70.0,68.1
2021-01-01,Sarawak,P.206 Tanjong Manis,17.7,17.0,0.7,9.0,4.0,66.2,63.7
2022-01-01,Sarawak,P.206 Tanjong Manis,18.0,17.5,0.5,9.0,2.8,66.7,64.8
2023-01-01,Sarawak,P.206 Tanjong Manis,15.9,15.5,0.4,7.5,2.4,68.1,66.2
2021-01-01,Sarawak,P.207 Igan,14.9,13.9,1.0,7.6,5.9,66.2,61.8
2022-01-01,Sarawak,P.207 Igan,15.1,14.3,0.8,7.6,5.5,66.6,63.0
2023-01-01,Sarawak,P.207 Igan,13.1,12.5,0.7,6.3,5.1,67.7,64.4
2021-01-01,Sarawak,P.208 Sarikei,23.0,21.6,1.4,11.5,5.0,66.6,62.6
2022-01-01,Sarawak,P.208 Sarikei,23.3,22.1,1.1,11.4,4.9,67.0,63.7
2023-01-01,Sarawak,P.208 Sarikei,20.1,19.2,0.9,10.1,4.4,66.6,63.6
2021-01-01,Sarawak,P.209 Julau,19.3,18.2,1.1,7.4,4.8,72.3,68.2
2022-01-01,Sarawak,P.209 Julau,19.6,18.7,0.9,7.3,4.4,72.9,69.5
2023-01-01,Sarawak,P.209 Julau,17.4,16.7,0.7,7.2,4.0,70.8,67.9
2021-01-01,Sarawak,P.210 Kanowit,12.6,11.9,0.7,5.9,4.8,68.2,64.3
2022-01-01,Sarawak,P.210 Kanowit,12.8,12.3,0.6,5.7,4.4,69.3,66.5
2023-01-01,Sarawak,P.210 Kanowit,11.4,11.0,0.4,5.2,3.7,68.6,66.3
2021-01-01,Sarawak,P.211 Lanang,54.4,51.1,3.3,28.2,5.3,65.9,61.9
2022-01-01,Sarawak,P.211 Lanang,55.3,51.8,3.4,27.8,6.2,66.6,62.3
2023-01-01,Sarawak,P.211 Lanang,51.7,49.5,2.2,24.4,4.3,67.9,65.0
2021-01-01,Sarawak,P.212 Sibu,76.5,73.8,2.7,35.7,3.6,68.2,65.8
2022-01-01,Sarawak,P.212 Sibu,78.0,76.1,1.9,34.8,2.4,69.1,67.5
2023-01-01,Sarawak,P.212 Sibu,74.6,72.7,1.9,30.8,2.6,70.8,69.0
2021-01-01,Sarawak,P.213 Mukah,33.7,32.5,1.2,16.8,3.4,66.8,64.4
2022-01-01,Sarawak,P.213 Mukah,34.3,33.4,0.9,16.6,2.5,67.4,65.6
2023-01-01,Sarawak,P.213 Mukah,29.9,28.8,1.1,13.7,3.6,68.5,66.1
2021-01-01,Sarawak,P.214 Selangau,27.9,26.8,1.1,14.0,4.3,66.6,64.0
2022-01-01,Sarawak,P.214 Selangau,28.3,27.6,0.8,13.9,2.7,67.1,65.4
2023-01-01,Sarawak,P.214 Selangau,25.4,24.8,0.6,12.1,2.5,67.8,66.1
2021-01-01,Sarawak,P.215 Kapit,23.4,21.9,1.5,11.7,5.8,66.7,62.4
2022-01-01,Sarawak,P.215 Kapit,23.7,22.5,1.2,11.6,5.1,67.3,63.7
2023-01-01,Sarawak,P.215 Kapit,19.9,18.9,1.0,9.9,4.8,66.7,63.4
2021-01-01,Sarawak,P.216 Hulu Rajang,27.5,26.3,1.2,12.7,4.5,68.5,65.4
2022-01-01,Sarawak,P.216 Hulu Rajang,28.0,27.1,0.9,12.4,3.1,69.3,67.1
2023-01-01,Sarawak,P.216 Hulu Rajang,23.7,23.0,0.7,9.9,3.0,70.5,68.5
2021-01-01,Sarawak,P.217 Bintulu,137.5,133.0,4.6,58.0,3.5,70.4,68.0
2022-01-01,Sarawak,P.217 Bintulu,140.6,136.6,3.9,56.0,2.8,71.5,69.5
2023-01-01,Sarawak,P.217 Bintulu,131.5,128.3,3.2,49.5,2.5,72.7,70.9
2021-01-01,Sarawak,P.218 Sibuti,36.3,35.1,1.3,20.8,3.6,63.6,61.5
2022-01-01,Sarawak,P.218 Sibuti,37.1,35.8,1.3,20.4,3.6,64.6,62.3
2023-01-01,Sarawak,P.218 Sibuti,34.7,33.4,1.3,18.1,3.8,65.8,63.3
2021-01-01,Sarawak,P.219 Miri,116.5,112.8,3.7,55.3,3.1,67.8,65.7
2022-01-01,Sarawak,P.219 Miri,119.6,117.4,2.1,53.2,1.8,69.2,67.9
2023-01-01,Sarawak,P.219 Miri,111.7,109.2,2.6,46.0,2.3,70.8,69.2
2021-01-01,Sarawak,P.220 Baram,36.5,34.5,2.0,19.5,4.8,65.2,61.6
2022-01-01,Sarawak,P.220 Baram,37.4,35.8,1.7,18.9,4.4,66.5,63.6
2023-01-01,Sarawak,P.220 Baram,31.2,30.0,1.2,14.9,3.8,67.7,65.1
2021-01-01,Sarawak,P.221 Limbang,24.5,22.9,1.6,11.4,5.6,68.2,63.8
2022-01-01,Sarawak,P.221 Limbang,25.0,23.7,1.3,11.2,5.2,69.1,65.5
2023-01-01,Sarawak,P.221 Limbang,22.1,21.3,0.8,9.5,3.8,70.0,67.4
2021-01-01,Sarawak,P.222 Lawas,20.0,18.8,1.2,8.2,5.2,70.9,66.7
2022-01-01,Sarawak,P.222 Lawas,20.3,19.0,1.2,8.1,6.1,71.4,66.9
2023-01-01,Sarawak,P.222 Lawas,18.4,17.4,0.9,6.7,5.0,73.2,69.3
