date,screenings
2019-04-15,58
2019-04-16,154
2019-04-17,155
2019-04-18,185
2019-04-19,140
2019-04-20,164
2019-04-21,114
2019-04-22,200
2019-04-23,237
2019-04-24,206
2019-04-25,244
2019-04-26,188
2019-04-27,205
2019-04-28,181
2019-04-29,290
2019-04-30,237
2019-05-01,114
2019-05-02,301
2019-05-03,238
2019-05-04,180
2019-05-05,153
2019-05-06,254
2019-05-07,297
2019-05-08,254
2019-05-09,291
2019-05-10,275
2019-05-11,152
2019-05-12,128
2019-05-13,349
2019-05-14,323
2019-05-15,392
2019-05-16,386
2019-05-17,319
2019-05-18,184
2019-05-19,114
2019-05-20,385
2019-05-21,427
2019-05-22,408
2019-05-23,351
2019-05-24,288
2019-05-25,192
2019-05-26,198
2019-05-27,425
2019-05-28,353
2019-05-29,381
2019-05-30,361
2019-05-31,251
2019-06-01,144
2019-06-02,143
2019-06-03,214
2019-06-04,165
2019-06-05,42
2019-06-06,88
2019-06-07,196
2019-06-08,181
2019-06-09,183
2019-06-10,388
2019-06-11,406
2019-06-12,453
2019-06-13,557
2019-06-14,424
2019-06-15,359
2019-06-16,213
2019-06-17,516
2019-06-18,582
2019-06-19,546
2019-06-20,568
2019-06-21,442
2019-06-22,341
2019-06-23,289
2019-06-24,518
2019-06-25,564
2019-06-26,608
2019-06-27,573
2019-06-28,474
2019-06-29,308
2019-06-30,230
2019-07-01,589
2019-07-02,587
2019-07-03,496
2019-07-04,538
2019-07-05,473
2019-07-06,280
2019-07-07,256
2019-07-08,620
2019-07-09,589
2019-07-10,565
2019-07-11,624
2019-07-12,416
2019-07-13,371
2019-07-14,340
2019-07-15,616
2019-07-16,693
2019-07-17,736
2019-07-18,682
2019-07-19,536
2019-07-20,332
2019-07-21,321
2019-07-22,713
2019-07-23,698
2019-07-24,681
2019-07-25,708
2019-07-26,572
2019-07-27,294
2019-07-28,369
2019-07-29,650
2019-07-30,228
2019-07-31,742
2019-08-01,757
2019-08-02,434
2019-08-03,377
2019-08-04,396
2019-08-05,1030
2019-08-06,933
2019-08-07,946
2019-08-08,922
2019-08-09,669
2019-08-10,363
2019-08-11,166
2019-08-12,329
2019-08-13,726
2019-08-14,923
2019-08-15,783
2019-08-16,630
2019-08-17,475
2019-08-18,580
2019-08-19,1213
2019-08-20,1208
2019-08-21,1271
2019-08-22,1260
2019-08-23,925
2019-08-24,634
2019-08-25,681
2019-08-26,1240
2019-08-27,1301
2019-08-28,1475
2019-08-29,1308
2019-08-30,841
2019-08-31,177
2019-09-01,237
2019-09-02,547
2019-09-03,1116
2019-09-04,1282
2019-09-05,1480
2019-09-06,966
2019-09-07,555
2019-09-08,692
2019-09-09,580
2019-09-10,1400
2019-09-11,1311
2019-09-12,1243
2019-09-13,1029
2019-09-14,821
2019-09-15,517
2019-09-16,530
2019-09-17,1708
2019-09-18,1656
2019-09-19,1387
2019-09-20,1281
2019-09-21,862
2019-09-22,884
2019-09-23,1513
2019-09-24,1622
2019-09-25,1564
2019-09-26,1220
2019-09-27,773
2019-09-28,795
2019-09-29,642
2019-09-30,1397
2019-10-01,1269
2019-10-02,1458
2019-10-03,1514
2019-10-04,932
2019-10-05,535
2019-10-06,564
2019-10-07,1464
2019-10-08,1640
2019-10-09,1540
2019-10-10,1492
2019-10-11,821
2019-10-12,942
2019-10-13,830
2019-10-14,1542
2019-10-15,1696
2019-10-16,1884
2019-10-17,2102
2019-10-18,1148
2019-10-19,955
2019-10-20,1085
2019-10-21,1745
2019-10-22,1940
2019-10-23,1922
2019-10-24,1872
2019-10-25,1185
2019-10-26,566
2019-10-27,365
2019-10-28,774
2019-10-29,1707
2019-10-30,1789
2019-10-31,1690
2019-11-01,915
2019-11-02,772
2019-11-03,576
2019-11-04,1855
2019-11-05,1744
2019-11-06,1928
2019-11-07,1932
2019-11-08,1160
2019-11-09,466
2019-11-10,685
2019-11-11,1873
2019-11-12,2105
2019-11-13,2013
2019-11-14,2236
2019-11-15,1148
2019-11-16,1452
2019-11-17,1026
2019-11-18,1783
2019-11-19,1979
2019-11-20,2085
2019-11-21,1905
2019-11-22,1301
2019-11-23,1252
2019-11-24,1055
2019-11-25,1951
2019-11-26,2299
2019-11-27,2275
2019-11-28,2124
2019-11-29,1240
2019-11-30,766
2019-12-01,676
2019-12-02,1772
2019-12-03,2189
2019-12-04,1976
2019-12-05,1779
2019-12-06,1278
2019-12-07,1090
2019-12-08,1234
2019-12-09,1851
2019-12-10,2165
2019-12-11,2249
2019-12-12,2442
2019-12-13,1240
2019-12-14,618
2019-12-15,1087
2019-12-16,2311
2019-12-17,2894
2019-12-18,2214
2019-12-19,2144
2019-12-20,1387
2019-12-21,767
2019-12-22,939
2019-12-23,2156
2019-12-24,2080
2019-12-25,296
2019-12-26,1626
2019-12-27,1415
2019-12-28,818
2019-12-29,923
2019-12-30,1975
2019-12-31,1827
2020-01-01,827
2020-01-02,1759
2020-01-03,1072
2020-01-04,677
2020-01-05,851
2020-01-06,1806
2020-01-07,2085
2020-01-08,2080
2020-01-09,1810
2020-01-10,1116
2020-01-11,848
2020-01-12,983
2020-01-13,1872
2020-01-14,1704
2020-01-15,1813
2020-01-16,1696
2020-01-17,1232
2020-01-18,958
2020-01-19,953
2020-01-20,1856
2020-01-21,1757
2020-01-22,2012
2020-01-23,1154
2020-01-24,609
2020-01-25,91
2020-01-26,265
2020-01-27,356
2020-01-28,1339
2020-01-29,1667
2020-01-30,1427
2020-01-31,1015
2020-02-01,463
2020-02-02,993
2020-02-03,1778
2020-02-04,1719
2020-02-05,1746
2020-02-06,1697
2020-02-07,1155
2020-02-08,576
2020-02-09,1088
2020-02-10,1690
2020-02-11,1605
2020-02-12,1988
2020-02-13,1890
2020-02-14,1407
2020-02-15,786
2020-02-16,1148
2020-02-17,2218
2020-02-18,2058
2020-02-19,2426
2020-02-20,1785
2020-02-21,1253
2020-02-22,907
2020-02-23,1504
2020-02-24,2259
2020-02-25,1880
2020-02-26,1897
2020-02-27,1838
2020-02-28,1263
2020-02-29,863
2020-03-01,1003
2020-03-02,1677
2020-03-03,1570
2020-03-04,1577
2020-03-05,1520
2020-03-06,997
2020-03-07,756
2020-03-08,969
2020-03-09,1633
2020-03-10,1713
2020-03-11,1579
2020-03-12,1303
2020-03-13,1070
2020-03-14,575
2020-03-15,838
2020-03-16,1286
2020-03-17,1049
2020-03-18,966
2020-03-19,596
2020-03-20,279
2020-03-21,77
2020-03-22,35
2020-03-23,53
2020-03-24,98
2020-03-25,133
2020-03-26,126
2020-03-27,83
2020-03-28,35
2020-03-29,28
2020-03-30,93
2020-03-31,114
2020-04-01,130
2020-04-02,94
2020-04-03,90
2020-04-04,47
2020-04-05,40
2020-04-06,119
2020-04-07,105
2020-04-08,139
2020-04-09,81
2020-04-10,92
2020-04-11,69
2020-04-12,91
2020-04-13,126
2020-04-14,140
2020-04-15,126
2020-04-16,128
2020-04-17,102
2020-04-18,62
2020-04-19,81
2020-04-20,178
2020-04-21,143
2020-04-22,168
2020-04-23,130
2020-04-24,131
2020-04-25,92
2020-04-26,57
2020-04-27,131
2020-04-28,193
2020-04-29,223
2020-04-30,155
2020-05-01,50
2020-05-02,61
2020-05-03,78
2020-05-04,195
2020-05-05,201
2020-05-06,170
2020-05-07,110
2020-05-08,143
2020-05-09,103
2020-05-10,105
2020-05-11,187
2020-05-12,237
2020-05-13,182
2020-05-14,202
2020-05-15,195
2020-05-16,107
2020-05-17,122
2020-05-18,254
2020-05-19,193
2020-05-20,192
2020-05-21,184
2020-05-22,143
2020-05-23,59
2020-05-24,22
2020-05-25,55
2020-05-26,128
2020-05-27,260
2020-05-28,211
2020-05-29,211
2020-05-30,135
2020-05-31,157
2020-06-01,294
2020-06-02,281
2020-06-03,374
2020-06-04,293
2020-06-05,255
2020-06-06,206
2020-06-07,182
2020-06-08,252
2020-06-09,579
2020-06-10,563
2020-06-11,464
2020-06-12,432
2020-06-13,337
2020-06-14,424
2020-06-15,653
2020-06-16,585
2020-06-17,602
2020-06-18,575
2020-06-19,306
2020-06-20,295
2020-06-21,218
2020-06-22,600
2020-06-23,693
2020-06-24,644
2020-06-25,591
2020-06-26,330
2020-06-27,343
2020-06-28,337
2020-06-29,606
2020-06-30,582
2020-07-01,700
2020-07-02,718
2020-07-03,385
2020-07-04,278
2020-07-05,328
2020-07-06,690
2020-07-07,662
2020-07-08,672
2020-07-09,764
2020-07-10,397
2020-07-11,261
2020-07-12,593
2020-07-13,795
2020-07-14,845
2020-07-15,959
2020-07-16,809
2020-07-17,635
2020-07-18,455
2020-07-19,595
2020-07-20,958
2020-07-21,852
2020-07-22,974
2020-07-23,824
2020-07-24,661
2020-07-25,384
2020-07-26,524
2020-07-27,768
2020-07-28,776
2020-07-29,750
2020-07-30,369
2020-07-31,75
2020-08-01,103
2020-08-02,99
2020-08-03,588
2020-08-04,667
2020-08-05,812
2020-08-06,601
2020-08-07,515
2020-08-08,268
2020-08-09,397
2020-08-10,939
2020-08-11,771
2020-08-12,805
2020-08-13,744
2020-08-14,522
2020-08-15,363
2020-08-16,463
2020-08-17,887
2020-08-18,618
2020-08-19,815
2020-08-20,141
2020-08-21,504
2020-08-22,202
2020-08-23,326
2020-08-24,1001
2020-08-25,886
2020-08-26,725
2020-08-27,713
2020-08-28,469
2020-08-29,251
2020-08-30,261
2020-08-31,191
2020-09-01,755
2020-09-02,735
2020-09-03,651
2020-09-04,602
2020-09-05,290
2020-09-06,407
2020-09-07,905
2020-09-08,695
2020-09-09,693
2020-09-10,609
2020-09-11,513
2020-09-12,343
2020-09-13,393
2020-09-14,808
2020-09-15,748
2020-09-16,234
2020-09-17,544
2020-09-18,392
2020-09-19,238
2020-09-20,467
2020-09-21,796
2020-09-22,691
2020-09-23,703
2020-09-24,493
2020-09-25,515
2020-09-26,389
2020-09-27,402
2020-09-28,688
2020-09-29,739
2020-09-30,727
2020-10-01,579
2020-10-02,467
2020-10-03,341
2020-10-04,515
2020-10-05,846
2020-10-06,629
2020-10-07,634
2020-10-08,518
2020-10-09,423
2020-10-10,233
2020-10-11,271
2020-10-12,631
2020-10-13,574
2020-10-14,616
2020-10-15,511
2020-10-16,508
2020-10-17,294
2020-10-18,289
2020-10-19,637
2020-10-20,576
2020-10-21,615
2020-10-22,559
2020-10-23,487
2020-10-24,307
2020-10-25,352
2020-10-26,672
2020-10-27,604
2020-10-28,622
2020-10-29,148
2020-10-30,389
2020-10-31,331
2020-11-01,363
2020-11-02,528
2020-11-03,585
2020-11-04,546
2020-11-05,555
2020-11-06,326
2020-11-07,327
2020-11-08,313
2020-11-09,509
2020-11-10,551
2020-11-11,429
2020-11-12,405
2020-11-13,435
2020-11-14,61
2020-11-15,128
2020-11-16,561
2020-11-17,629
2020-11-18,641
2020-11-19,484
2020-11-20,513
2020-11-21,179
2020-11-22,256
2020-11-23,489
2020-11-24,541
2020-11-25,532
2020-11-26,472
2020-11-27,413
2020-11-28,259
2020-11-29,229
2020-11-30,482
2020-12-01,571
2020-12-02,475
2020-12-03,464
2020-12-04,410
2020-12-05,195
2020-12-06,297
2020-12-07,514
2020-12-08,575
2020-12-09,533
2020-12-10,448
2020-12-11,327
2020-12-12,207
2020-12-13,369
2020-12-14,517
2020-12-15,569
2020-12-16,471
2020-12-17,465
2020-12-18,458
2020-12-19,221
2020-12-20,312
2020-12-21,450
2020-12-22,507
2020-12-23,453
2020-12-24,362
2020-12-25,54
2020-12-26,146
2020-12-27,229
2020-12-28,397
2020-12-29,521
2020-12-30,409
2020-12-31,336
2021-01-01,23
2021-01-02,48
2021-01-03,114
2021-01-04,263
2021-01-05,332
2021-01-06,278
2021-01-07,413
2021-01-08,398
2021-01-09,227
2021-01-10,196
2021-01-11,487
2021-01-12,456
2021-01-13,472
2021-01-14,417
2021-01-15,314
2021-01-16,97
2021-01-17,239
2021-01-18,435
2021-01-19,531
2021-01-20,508
2021-01-21,510
2021-01-22,299
2021-01-23,84
2021-01-24,222
2021-01-25,451
2021-01-26,452
2021-01-27,466
2021-01-28,267
2021-01-29,271
2021-01-30,78
2021-01-31,195
2021-02-01,421
2021-02-02,484
2021-02-03,482
2021-02-04,449
2021-02-05,340
2021-02-06,97
2021-02-07,216
2021-02-08,456
2021-02-09,427
2021-02-10,444
2021-02-11,309
2021-02-12,12
2021-02-13,33
2021-02-14,54
2021-02-15,426
2021-02-16,488
2021-02-17,592
2021-02-18,518
2021-02-19,385
2021-02-20,127
2021-02-21,218
2021-02-22,491
2021-02-23,438
2021-02-24,545
2021-02-25,429
2021-02-26,404
2021-02-27,128
2021-02-28,299
2021-03-01,390
2021-03-02,482
2021-03-03,484
2021-03-04,462
2021-03-05,375
2021-03-06,208
2021-03-07,321
2021-03-08,463
2021-03-09,529
2021-03-10,601
2021-03-11,328
2021-03-12,359
2021-03-13,284
2021-03-14,261
2021-03-15,466
2021-03-16,512
2021-03-17,681
2021-03-18,657
2021-03-19,365
2021-03-20,255
2021-03-21,241
2021-03-22,440
2021-03-23,511
2021-03-24,509
2021-03-25,503
2021-03-26,352
2021-03-27,205
2021-03-28,239
2021-03-29,473
2021-03-30,440
2021-03-31,563
2021-04-01,423
2021-04-02,394
2021-04-03,183
2021-04-04,178
2021-04-05,481
2021-04-06,503
2021-04-07,545
2021-04-08,559
2021-04-09,335
2021-04-10,271
2021-04-11,342
2021-04-12,439
2021-04-13,277
2021-04-14,407
2021-04-15,410
2021-04-16,321
2021-04-17,85
2021-04-18,147
2021-04-19,296
2021-04-20,452
2021-04-21,375
2021-04-22,451
2021-04-23,286
2021-04-24,92
2021-04-25,102
2021-04-26,259
2021-04-27,343
2021-04-28,287
2021-04-29,198
2021-04-30,217
2021-05-01,20
2021-05-02,78
2021-05-03,219
2021-05-04,244
2021-05-05,260
2021-05-06,327
2021-05-07,277
2021-05-08,71
2021-05-09,112
2021-05-10,203
2021-05-11,128
2021-05-12,58
2021-05-13,12
2021-05-14,23
2021-05-15,44
2021-05-16,73
2021-05-17,224
2021-05-18,271
2021-05-19,281
2021-05-20,321
2021-05-21,268
2021-05-22,112
2021-05-23,136
2021-05-24,300
2021-05-25,321
2021-05-26,94
2021-05-27,308
2021-05-28,252
2021-05-29,50
2021-05-30,115
2021-05-31,215
2021-06-01,171
2021-06-02,286
2021-06-03,333
2021-06-04,257
2021-06-05,87
2021-06-06,98
2021-06-07,41
2021-06-08,296
2021-06-09,465
2021-06-10,365
2021-06-11,293
2021-06-12,103
2021-06-13,160
2021-06-14,313
2021-06-15,331
2021-06-16,491
2021-06-17,321
2021-06-18,348
2021-06-19,92
2021-06-20,128
2021-06-21,327
2021-06-22,388
2021-06-23,401
2021-06-24,438
2021-06-25,252
2021-06-26,90
2021-06-27,155
2021-06-28,327
2021-06-29,392
2021-06-30,470
2021-07-01,490
2021-07-02,307
2021-07-03,104
2021-07-04,145
2021-07-05,296
2021-07-06,395
2021-07-07,420
2021-07-08,466
2021-07-09,310
2021-07-10,94
2021-07-11,174
2021-07-12,351
2021-07-13,410
2021-07-14,414
2021-07-15,384
2021-07-16,282
2021-07-17,88
2021-07-18,131
2021-07-19,225
2021-07-20,67
2021-07-21,236
2021-07-22,209
2021-07-23,191
2021-07-24,103
2021-07-25,139
2021-07-26,270
2021-07-27,293
2021-07-28,377
2021-07-29,296
2021-07-30,231
2021-07-31,75
2021-08-01,159
2021-08-02,293
2021-08-03,269
2021-08-04,292
2021-08-05,239
2021-08-06,232
2021-08-07,75
2021-08-08,145
2021-08-09,254
2021-08-10,51
2021-08-11,267
2021-08-12,250
2021-08-13,249
2021-08-14,57
2021-08-15,107
2021-08-16,232
2021-08-17,262
2021-08-18,263
2021-08-19,194
2021-08-20,246
2021-08-21,70
2021-08-22,115
2021-08-23,267
2021-08-24,181
2021-08-25,249
2021-08-26,199
2021-08-27,221
2021-08-28,56
2021-08-29,93
2021-08-30,206
2021-08-31,34
2021-09-01,169
2021-09-02,188
2021-09-03,219
2021-09-04,56
2021-09-05,104
2021-09-06,193
2021-09-07,235
2021-09-08,226
2021-09-09,228
2021-09-10,181
2021-09-11,63
2021-09-12,92
2021-09-13,165
2021-09-14,240
2021-09-15,214
2021-09-16,48
2021-09-17,196
2021-09-18,68
2021-09-19,90
2021-09-20,218
2021-09-21,231
2021-09-22,312
2021-09-23,238
2021-09-24,212
2021-09-25,67
2021-09-26,113
2021-09-27,203
2021-09-28,199
2021-09-29,300
2021-09-30,245
2021-10-01,188
2021-10-02,95
2021-10-03,109
2021-10-04,214
2021-10-05,233
2021-10-06,306
2021-10-07,240
2021-10-08,234
2021-10-09,110
2021-10-10,129
2021-10-11,246
2021-10-12,283
2021-10-13,349
2021-10-14,260
2021-10-15,248
2021-10-16,112
2021-10-17,107
2021-10-18,279
2021-10-19,62
2021-10-20,331
2021-10-21,270
2021-10-22,253
2021-10-23,79
2021-10-24,124
2021-10-25,269
2021-10-26,262
2021-10-27,312
2021-10-28,253
2021-10-29,252
2021-10-30,199
2021-10-31,167
2021-11-01,311
2021-11-02,316
2021-11-03,348
2021-11-04,77
2021-11-05,194
2021-11-06,193
2021-11-07,134
2021-11-08,343
2021-11-09,324
2021-11-10,420
2021-11-11,267
2021-11-12,303
2021-11-13,178
2021-11-14,315
2021-11-15,483
2021-11-16,578
2021-11-17,588
2021-11-18,447
2021-11-19,315
2021-11-20,155
2021-11-21,154
2021-11-22,396
2021-11-23,425
2021-11-24,379
2021-11-25,312
2021-11-26,337
2021-11-27,177
2021-11-28,198
2021-11-29,422
2021-11-30,638
2021-12-01,366
2021-12-02,399
2021-12-03,263
2021-12-04,147
2021-12-05,141
2021-12-06,317
2021-12-07,343
2021-12-08,375
2021-12-09,286
2021-12-10,278
2021-12-11,141
2021-12-12,146
2021-12-13,499
2021-12-14,302
2021-12-15,351
2021-12-16,298
2021-12-17,271
2021-12-18,147
2021-12-19,137
2021-12-20,273
2021-12-21,405
2021-12-22,354
2021-12-23,353
2021-12-24,287
2021-12-25,63
2021-12-26,140
2021-12-27,299
2021-12-28,307
2021-12-29,392
2021-12-30,304
2021-12-31,256
2022-01-01,30
2022-01-02,118
2022-01-03,274
2022-01-04,305
2022-01-05,376
2022-01-06,307
2022-01-07,275
2022-01-08,105
2022-01-09,105
2022-01-10,272
2022-01-11,350
2022-01-12,401
2022-01-13,280
2022-01-14,299
2022-01-15,138
2022-01-16,146
2022-01-17,396
2022-01-18,290
2022-01-19,352
2022-01-20,309
2022-01-21,295
2022-01-22,187
2022-01-23,196
2022-01-24,340
2022-01-25,605
2022-01-26,455
2022-01-27,259
2022-01-28,312
2022-01-29,108
2022-01-30,134
2022-01-31,152
2022-02-01,11
2022-02-02,19
2022-02-03,173
2022-02-04,197
2022-02-05,81
2022-02-06,168
2022-02-07,311
2022-02-08,382
2022-02-09,436
2022-02-10,337
2022-02-11,227
2022-02-12,180
2022-02-13,114
2022-02-14,297
2022-02-15,331
2022-02-16,440
2022-02-17,275
2022-02-18,361
2022-02-19,117
2022-02-20,185
2022-02-21,325
2022-02-22,358
2022-02-23,427
2022-02-24,366
2022-02-25,289
2022-02-26,155
2022-02-27,125
2022-02-28,347
2022-03-01,300
2022-03-02,343
2022-03-03,286
2022-03-04,324
2022-03-05,125
2022-03-06,197
2022-03-07,384
2022-03-08,319
2022-03-09,540
2022-03-10,395
2022-03-11,462
2022-03-12,206
2022-03-13,339
2022-03-14,458
2022-03-15,478
2022-03-16,574
2022-03-17,485
2022-03-18,617
2022-03-19,540
2022-03-20,576
2022-03-21,432
2022-03-22,547
2022-03-23,659
2022-03-24,702
2022-03-25,748
2022-03-26,373
2022-03-27,475
2022-03-28,629
2022-03-29,721
2022-03-30,918
2022-03-31,578
2022-04-01,491
2022-04-02,390
2022-04-03,167
2022-04-04,402
2022-04-05,439
2022-04-06,525
2022-04-07,456
2022-04-08,508
2022-04-09,359
2022-04-10,451
2022-04-11,586
2022-04-12,564
2022-04-13,706
2022-04-14,630
2022-04-15,515
2022-04-16,241
2022-04-17,366
2022-04-18,700
2022-04-19,522
2022-04-20,717
2022-04-21,696
2022-04-22,650
2022-04-23,337
2022-04-24,370
2022-04-25,726
2022-04-26,747
2022-04-27,727
2022-04-28,583
2022-04-29,501
2022-04-30,301
2022-05-01,27
2022-05-02,25
2022-05-03,31
2022-05-04,85
2022-05-05,237
2022-05-06,292
2022-05-07,233
2022-05-08,324
2022-05-09,565
2022-05-10,692
2022-05-11,758
2022-05-12,618
2022-05-13,662
2022-05-14,279
2022-05-15,293
2022-05-16,507
2022-05-17,931
2022-05-18,928
2022-05-19,890
2022-05-20,713
2022-05-21,469
2022-05-22,508
2022-05-23,913
2022-05-24,1023
2022-05-25,874
2022-05-26,715
2022-05-27,827
2022-05-28,569
2022-05-29,553
2022-05-30,796
2022-05-31,962
2022-06-01,727
2022-06-02,695
2022-06-03,736
2022-06-04,571
2022-06-05,346
2022-06-06,388
2022-06-07,932
2022-06-08,970
2022-06-09,888
2022-06-10,870
2022-06-11,653
2022-06-12,711
2022-06-13,975
2022-06-14,1022
2022-06-15,1179
2022-06-16,1102
2022-06-17,862
2022-06-18,896
2022-06-19,646
2022-06-20,951
2022-06-21,1129
2022-06-22,1128
2022-06-23,1089
2022-06-24,869
2022-06-25,575
2022-06-26,1245
2022-06-27,1095
2022-06-28,817
2022-06-29,1048
2022-06-30,1008
2022-07-01,1160
2022-07-02,611
2022-07-03,1003
2022-07-04,1206
2022-07-05,939
2022-07-06,1271
2022-07-07,938
2022-07-08,1066
2022-07-09,303
2022-07-10,183
2022-07-11,301
2022-07-12,616
2022-07-13,967
2022-07-14,1017
2022-07-15,882
2022-07-16,572
2022-07-17,650
2022-07-18,1039
2022-07-19,1009
2022-07-20,1004
2022-07-21,1058
2022-07-22,1010
2022-07-23,1054
2022-07-24,1076
2022-07-25,1167
2022-07-26,1330
2022-07-27,1291
2022-07-28,1124
2022-07-29,1343
2022-07-30,555
2022-07-31,661
2022-08-01,898
2022-08-02,929
2022-08-03,1155
2022-08-04,1192
2022-08-05,1066
2022-08-06,695
2022-08-07,678
2022-08-08,934
2022-08-09,1239
2022-08-10,1073
2022-08-11,1217
2022-08-12,1227
2022-08-13,830
2022-08-14,1209
2022-08-15,1034
2022-08-16,1236
2022-08-17,1212
2022-08-18,1305
2022-08-19,1405
2022-08-20,1084
2022-08-21,1279
2022-08-22,1309
2022-08-23,1277
2022-08-24,1585
2022-08-25,1350
2022-08-26,1139
2022-08-27,969
2022-08-28,1089
2022-08-29,1400
2022-08-30,1091
2022-08-31,556
2022-09-01,1163
2022-09-02,823
2022-09-03,557
2022-09-04,680
2022-09-05,961
2022-09-06,1149
2022-09-07,1093
2022-09-08,1165
2022-09-09,1133
2022-09-10,917
2022-09-11,887
2022-09-12,1212
2022-09-13,1622
2022-09-14,1527
2022-09-15,1427
2022-09-16,297
2022-09-17,1019
2022-09-18,869
2022-09-19,1335
2022-09-20,1452
2022-09-21,1340
2022-09-22,1403
2022-09-23,1324
2022-09-24,1358
2022-09-25,1289
2022-09-26,1420
2022-09-27,1507
2022-09-28,1593
2022-09-29,1714
2022-09-30,1298
2022-10-01,770
2022-10-02,1174
2022-10-03,1183
2022-10-04,1533
2022-10-05,1331
2022-10-06,1378
2022-10-07,1087
2022-10-08,916
2022-10-09,775
2022-10-10,647
2022-10-11,1136
2022-10-12,1294
2022-10-13,1247
2022-10-14,1260
2022-10-15,1370
2022-10-16,845
2022-10-17,1229
2022-10-18,1281
2022-10-19,1443
2022-10-20,1568
2022-10-21,1107
2022-10-22,1276
2022-10-23,715
2022-10-24,428
2022-10-25,1145
2022-10-26,1370
2022-10-27,1309
2022-10-28,1271
2022-10-29,1136
2022-10-30,1097
2022-10-31,1171
2022-11-01,1178
2022-11-02,1123
2022-11-03,1071
2022-11-04,731
2022-11-05,531
2022-11-06,652
2022-11-07,1030
2022-11-08,1409
2022-11-09,1465
2022-11-10,1435
2022-11-11,1200
2022-11-12,1123
2022-11-13,837
2022-11-14,1173
2022-11-15,1234
2022-11-16,1310
2022-11-17,1195
2022-11-18,280
2022-11-19,88
2022-11-20,202
2022-11-21,734
2022-11-22,962
2022-11-23,1034
2022-11-24,1005
2022-11-25,924
2022-11-26,775
2022-11-27,537
2022-11-28,284
2022-11-29,1059
2022-11-30,1233
2022-12-01,1042
2022-12-02,772
2022-12-03,533
2022-12-04,759
2022-12-05,923
2022-12-06,1130
2022-12-07,1058
2022-12-08,1122
2022-12-09,784
2022-12-10,502
2022-12-11,468
2022-12-12,935
2022-12-13,1126
2022-12-14,1244
2022-12-15,1340
2022-12-16,825
2022-12-17,776
2022-12-18,721
2022-12-19,851
2022-12-20,819
2022-12-21,833
2022-12-22,958
2022-12-23,562
2022-12-24,147
2022-12-25,74
2022-12-26,306
2022-12-27,626
2022-12-28,755
2022-12-29,733
2022-12-30,451
2022-12-31,385
2023-01-01,156
2023-01-02,459
2023-01-03,755
2023-01-04,890
2023-01-05,1066
2023-01-06,720
2023-01-07,386
2023-01-08,689
2023-01-09,831
2023-01-10,1263
2023-01-11,1248
2023-01-12,1238
2023-01-13,804
2023-01-14,598
2023-01-15,784
2023-01-16,1177
2023-01-17,1222
2023-01-18,1423
2023-01-19,1361
2023-01-20,584
2023-01-21,121
2023-01-22,25
2023-01-23,60
2023-01-24,360
2023-01-25,879
2023-01-26,1018
2023-01-27,861
2023-01-28,547
2023-01-29,802
2023-01-30,1101
2023-01-31,1219
2023-02-01,1249
2023-02-02,1449
2023-02-03,875
2023-02-04,513
2023-02-05,590
2023-02-06,914
2023-02-07,1267
2023-02-08,1242
2023-02-09,1353
2023-02-10,908
2023-02-11,523
2023-02-12,928
2023-02-13,1230
2023-02-14,1361
2023-02-15,1591
2023-02-16,1351
2023-02-17,906
2023-02-18,648
2023-02-19,774
2023-02-20,985
2023-02-21,1298
2023-02-22,1321
2023-02-23,1255
2023-02-24,962
2023-02-25,628
2023-02-26,787
2023-02-27,1071
2023-02-28,1370
2023-03-01,1380
2023-03-02,1323
2023-03-03,849
2023-03-04,577
2023-03-05,935
2023-03-06,1148
2023-03-07,1373
2023-03-08,1699
2023-03-09,1505
2023-03-10,1118
2023-03-11,700
2023-03-12,903
2023-03-13,1215
2023-03-14,1563
2023-03-15,1747
2023-03-16,1669
2023-03-17,1200
2023-03-18,871
2023-03-19,1081
2023-03-20,1617
2023-03-21,1609
2023-03-22,1575
2023-03-23,731
2023-03-24,885
2023-03-25,392
2023-03-26,371
2023-03-27,820
2023-03-28,986
2023-03-29,1165
2023-03-30,1131
2023-03-31,858
2023-04-01,401
2023-04-02,495
2023-04-03,958
2023-04-04,1036
2023-04-05,1165
2023-04-06,1131
2023-04-07,767
2023-04-08,486
2023-04-09,411
2023-04-10,992
2023-04-11,1182
2023-04-12,1182
2023-04-13,1171
2023-04-14,727
2023-04-15,454
2023-04-16,677
2023-04-17,957
2023-04-18,991
2023-04-19,729
2023-04-20,416
2023-04-21,57
2023-04-22,20
2023-04-23,28
2023-04-24,85
2023-04-25,370
2023-04-26,568
2023-04-27,672
2023-04-28,544
2023-04-29,223
2023-04-30,420
2023-05-01,113
2023-05-02,775
2023-05-03,971
2023-05-04,158
2023-05-05,667
2023-05-06,365
2023-05-07,464
2023-05-08,1128
2023-05-09,1218
2023-05-10,1513
2023-05-11,1484
2023-05-12,971
2023-05-13,395
2023-05-14,702
2023-05-15,1062
2023-05-16,1131
2023-05-17,1264
2023-05-18,1241
2023-05-19,941
2023-05-20,729
2023-05-21,650
2023-05-22,871
2023-05-23,1188
2023-05-24,1386
2023-05-25,1313
2023-05-26,909
2023-05-27,505
2023-05-28,757
2023-05-29,894
2023-05-30,817
2023-05-31,1033
2023-06-01,1134
2023-06-02,621
2023-06-03,496
2023-06-04,561
2023-06-05,134
2023-06-06,1259
2023-06-07,1407
2023-06-08,1301
2023-06-09,928
2023-06-10,799
2023-06-11,1013
2023-06-12,1111
2023-06-13,1232
2023-06-14,1420
2023-06-15,1164
2023-06-16,1080
2023-06-17,1007
2023-06-18,768
2023-06-19,1032
2023-06-20,1271
2023-06-21,1614
2023-06-22,1516
2023-06-23,1053
2023-06-24,726
2023-06-25,893
2023-06-26,1131
2023-06-27,1152
2023-06-28,628
2023-06-29,85
2023-06-30,287
2023-07-01,257
2023-07-02,342
2023-07-03,971
2023-07-04,1191
2023-07-05,1294
2023-07-06,1364
2023-07-07,951
2023-07-08,642
2023-07-09,579
2023-07-10,1036
2023-07-11,1242
2023-07-12,1365
2023-07-13,1423
2023-07-14,1121
2023-07-15,689
2023-07-16,698
2023-07-17,1286
2023-07-18,1189
2023-07-19,254
2023-07-20,1346
2023-07-21,901
2023-07-22,774
2023-07-23,833
2023-07-24,1036
2023-07-25,1186
2023-07-26,1258
2023-07-27,1316
2023-07-28,912
2023-07-29,578
2023-07-30,513
2023-07-31,987
2023-08-01,1087
2023-08-02,1331
2023-08-03,1317
2023-08-04,911
2023-08-05,631
2023-08-06,756
2023-08-07,937
2023-08-08,1166
2023-08-09,1298
2023-08-10,1200
2023-08-11,942
2023-08-12,371
2023-08-13,314
2023-08-14,740
2023-08-15,1079
2023-08-16,1226
2023-08-17,1235
2023-08-18,980
2023-08-19,663
2023-08-20,790
2023-08-21,1113
2023-08-22,1139
2023-08-23,1185
2023-08-24,1096
2023-08-25,1061
2023-08-26,662
2023-08-27,479
2023-08-28,835
2023-08-29,1024
2023-08-30,849
2023-08-31,255
2023-09-01,677
2023-09-02,419
2023-09-03,620
2023-09-04,909
2023-09-05,1185
2023-09-06,1236
2023-09-07,1373
2023-09-08,988
2023-09-09,725
2023-09-10,536
2023-09-11,1147
2023-09-12,1098
2023-09-13,1275
2023-09-14,1269
2023-09-15,850
2023-09-16,379
2023-09-17,442
2023-09-18,959
2023-09-19,1264
2023-09-20,1252
2023-09-21,1329
2023-09-22,1172
2023-09-23,751
2023-09-24,715
2023-09-25,983
2023-09-26,1033
2023-09-27,1108
2023-09-28,351
2023-09-29,734
2023-09-30,491
2023-10-01,551
2023-10-02,1105
2023-10-03,1225
2023-10-04,1263
2023-10-05,1260
2023-10-06,988
2023-10-07,851
2023-10-08,727
2023-10-09,1080
2023-10-10,1282
2023-10-11,1239
2023-10-12,1254
2023-10-13,992
2023-10-14,775
2023-10-15,795
2023-10-16,985
2023-10-17,1096
2023-10-18,1494
2023-10-19,1238
2023-10-20,1012
2023-10-21,771
2023-10-22,748
2023-10-23,1038
2023-10-24,1190
2023-10-25,1134
2023-10-26,1424
2023-10-27,940
2023-10-28,588
2023-10-29,665
2023-10-30,1045
2023-10-31,1019
2023-11-01,1105
2023-11-02,1378
2023-11-03,784
2023-11-04,521
2023-11-05,778
2023-11-06,1105
2023-11-07,1298
2023-11-08,1386
2023-11-09,1449
2023-11-10,965
2023-11-11,345
2023-11-12,133
2023-11-13,469
2023-11-14,1042
2023-11-15,1191
2023-11-16,1173
2023-11-17,887
2023-11-18,501
2023-11-19,647
2023-11-20,1024
2023-11-21,1264
2023-11-22,1250
2023-11-23,1388
2023-11-24,939
2023-11-25,800
2023-11-26,622
2023-11-27,1022
2023-11-28,1209
2023-11-29,1214
2023-11-30,1280
2023-12-01,890
2023-12-02,553
2023-12-03,631
2023-12-04,1126
2023-12-05,1329
2023-12-06,1295
2023-12-07,1592
2023-12-08,983
2023-12-09,773
2023-12-10,739
2023-12-11,948
2023-12-12,1013
2023-12-13,1235
2023-12-14,1430
2023-12-15,991
2023-12-16,598
2023-12-17,593
2023-12-18,1063
2023-12-19,1346
2023-12-20,1154
2023-12-21,1256
2023-12-22,781
2023-12-23,504
2023-12-24,404
2023-12-25,175
2023-12-26,1000
2023-12-27,1160
2023-12-28,1292
2023-12-29,899
2023-12-30,877
2023-12-31,729
2024-01-01,463
2024-01-02,958
2024-01-03,1188
2024-01-04,1077
2024-01-05,736
2024-01-06,463
2024-01-07,524
2024-01-08,1083
2024-01-09,1280
2024-01-10,1359
2024-01-11,1265
2024-01-12,836
2024-01-13,323
2024-01-14,794
2024-01-15,1164
2024-01-16,1246
2024-01-17,1598
2024-01-18,1271
2024-01-19,920
2024-01-20,665
2024-01-21,783
2024-01-22,1126
2024-01-23,1280
2024-01-24,1302
2024-01-25,608
2024-01-26,855
2024-01-27,554
2024-01-28,789
2024-01-29,1024
2024-01-30,1270
2024-01-31,1299
2024-02-01,1272
2024-02-02,873
2024-02-03,447
2024-02-04,714
2024-02-05,1090
2024-02-06,1266
2024-02-07,1277
2024-02-08,812
2024-02-09,461
2024-02-10,66
2024-02-11,55
2024-02-12,197
2024-02-13,1068
2024-02-14,1221
2024-02-15,1111
2024-02-16,829
2024-02-17,496
2024-02-18,730
2024-02-19,1136
2024-02-20,1285
2024-02-21,1329
2024-02-22,1274
2024-02-23,978
2024-02-24,506
2024-02-25,723
2024-02-26,987
2024-02-27,1242
2024-02-28,1359
2024-02-29,1197
2024-03-01,774
2024-03-02,481
2024-03-03,578
2024-03-04,944
2024-03-05,1352
2024-03-06,1361
2024-03-07,1296
2024-03-08,857
2024-03-09,614
2024-03-10,674
2024-03-11,1024
2024-03-12,655
2024-03-13,1033
2024-03-14,1026
2024-03-15,685
2024-03-16,239
2024-03-17,399
2024-03-18,831
2024-03-19,976
2024-03-20,1045
2024-03-21,950
2024-03-22,730
2024-03-23,253
2024-03-24,444
2024-03-25,729
2024-03-26,965
2024-03-27,866
2024-03-28,467
2024-03-29,325
2024-03-30,160
2024-03-31,417
2024-04-01,682
2024-04-02,865
2024-04-03,1026
2024-04-04,787
2024-04-05,609
2024-04-06,201
2024-04-07,233
2024-04-08,323
2024-04-09,157
2024-04-10,23
2024-04-11,33
2024-04-12,180
2024-04-13,141
2024-04-14,252
2024-04-15,725
2024-04-16,835
2024-04-17,1005
2024-04-18,957
2024-04-19,655
2024-04-20,310
2024-04-21,579
2024-04-22,886
2024-04-23,1160
2024-04-24,1392
2024-04-25,1190
2024-04-26,851
2024-04-27,360
2024-04-28,468
2024-04-29,899
2024-04-30,1086
2024-05-01,107
2024-05-02,978
2024-05-03,749
2024-05-04,311
2024-05-05,581
2024-05-06,935
2024-05-07,1298
2024-05-08,1428
2024-05-09,1220
2024-05-10,995
2024-05-11,496
2024-05-12,627
2024-05-13,1079
2024-05-14,1253
2024-05-15,1542
2024-05-16,1396
2024-05-17,934
2024-05-18,454
2024-05-19,538
2024-05-20,1061
2024-05-21,1237
2024-05-22,171
2024-05-23,1025
2024-05-24,752
2024-05-25,526
2024-05-26,573
2024-05-27,941
2024-05-28,1072
2024-05-29,1234
2024-05-30,1176
2024-05-31,700
2024-06-01,359
2024-06-02,501
2024-06-03,179
2024-06-04,811
2024-06-05,1117
2024-06-06,1226
2024-06-07,798
2024-06-08,600
2024-06-09,660
2024-06-10,1131
2024-06-11,1286
2024-06-12,1275
2024-06-13,1165
2024-06-14,733
2024-06-15,316
2024-06-16,108
2024-06-17,31
2024-06-18,357
2024-06-19,899
2024-06-20,878
2024-06-21,708
2024-06-22,404
2024-06-23,670
2024-06-24,1000
2024-06-25,1130
2024-06-26,1186
2024-06-27,1246
2024-06-28,771
2024-06-29,628
2024-06-30,700
2024-07-01,932
2024-07-02,1256
2024-07-03,1223
2024-07-04,1144
2024-07-05,929
2024-07-06,520
2024-07-07,193
2024-07-08,516
2024-07-09,1413
2024-07-10,1279
2024-07-11,1269
2024-07-12,943
2024-07-13,844
2024-07-14,882
2024-07-15,1136
2024-07-16,1356
2024-07-17,1252
2024-07-18,1306
2024-07-19,1002
2024-07-20,751
2024-07-21,753
2024-07-22,1154
2024-07-23,1250
2024-07-24,1327
2024-07-25,1231
2024-07-26,1126
2024-07-27,943
2024-07-28,819
2024-07-29,1133
2024-07-30,1154
2024-07-31,1276
2024-08-01,1245
2024-08-02,884
2024-08-03,931
2024-08-04,690
2024-08-05,1189
2024-08-06,1391
2024-08-07,1329
2024-08-08,1343
2024-08-09,971
2024-08-10,736
2024-08-11,545
2024-08-12,1067
2024-08-13,1349
2024-08-14,1305
2024-08-15,1274
2024-08-16,949
2024-08-17,923
2024-08-18,723
2024-08-19,1134
2024-08-20,1340
2024-08-21,1250
2024-08-22,1435
2024-08-23,1066
2024-08-24,1143
2024-08-25,767
2024-08-26,930
2024-08-27,1164
2024-08-28,1227
2024-08-29,1157
2024-08-30,952
2024-08-31,532
2024-09-01,531
2024-09-02,1022
2024-09-03,1341
2024-09-04,1248
2024-09-05,1131
2024-09-06,1012
2024-09-07,870
2024-09-08,906
2024-09-09,1003
2024-09-10,1219
2024-09-11,1218
2024-09-12,1021
2024-09-13,956
2024-09-14,685
2024-09-15,445
2024-09-16,211
2024-09-17,628
2024-09-18,964
2024-09-19,1001
2024-09-20,820
2024-09-21,817
2024-09-22,683
2024-09-23,914
2024-09-24,1087
2024-09-25,1153
2024-09-26,1210
2024-09-27,933
2024-09-28,1186
2024-09-29,821
2024-09-30,803
2024-10-01,1229
2024-10-02,1152
2024-10-03,1143
2024-10-04,950
2024-10-05,992
2024-10-06,929
2024-10-07,1079
2024-10-08,1132
2024-10-09,1189
2024-10-10,1255
2024-10-11,949
2024-10-12,937
2024-10-13,681
2024-10-14,929
2024-10-15,1182
2024-10-16,1359
2024-10-17,1221
2024-10-18,1048
2024-10-19,904
2024-10-20,735
2024-10-21,850
2024-10-22,1404
2024-10-23,1317
2024-10-24,1360
2024-10-25,971
2024-10-26,881
2024-10-27,763
2024-10-28,1024
2024-10-29,1105
2024-10-30,976
2024-10-31,277
2024-11-01,675
2024-11-02,572
2024-11-03,534
2024-11-04,1241
2024-11-05,1214
2024-11-06,1226
2024-11-07,1297
2024-11-08,966
2024-11-09,883
2024-11-10,889
2024-11-11,1129
2024-11-12,1435
2024-11-13,1294
2024-11-14,1460
2024-11-15,1121
2024-11-16,865
2024-11-17,697
2024-11-18,1245
2024-11-19,1384
2024-11-20,1230
2024-11-21,1283
2024-11-22,905
2024-11-23,932
2024-11-24,732
2024-11-25,1029
2024-11-26,1165
2024-11-27,1293
2024-11-28,1203
2024-11-29,773
2024-11-30,702
2024-12-01,543
2024-12-02,1181
2024-12-03,1093
2024-12-04,1323
2024-12-05,1230
2024-12-06,1030
2024-12-07,773
2024-12-08,1054
2024-12-09,1041
2024-12-10,1322
2024-12-11,1194
2024-12-12,1374
2024-12-13,1111
2024-12-14,1111
2024-12-15,918
2024-12-16,1041
2024-12-17,1226
2024-12-18,1336
2024-12-19,1127
2024-12-20,875
2024-12-21,793
2024-12-22,864
2024-12-23,1015
2024-12-24,830
2024-12-25,245
2024-12-26,923
2024-12-27,715
2024-12-28,656
2024-12-29,618
2024-12-30,982
2024-12-31,918
2025-01-01,636
2025-01-02,760
2025-01-03,717
2025-01-04,487
2025-01-05,711
2025-01-06,947
2025-01-07,1094
2025-01-08,1287
2025-01-09,1308
2025-01-10,1023
2025-01-11,686
2025-01-12,698
2025-01-13,1194
2025-01-14,1228
2025-01-15,1396
2025-01-16,1257
2025-01-17,954
2025-01-18,807
2025-01-19,877
2025-01-20,1175
2025-01-21,1313
2025-01-22,1377
2025-01-23,1474
2025-01-24,1013
2025-01-25,678
2025-01-26,680
2025-01-27,703
2025-01-28,678
2025-01-29,105
2025-01-30,115
2025-01-31,407
2025-02-01,406
2025-02-02,506
2025-02-03,955
2025-02-04,1207
2025-02-05,1293
2025-02-06,1341
2025-02-07,1305
2025-02-08,670
2025-02-09,749
2025-02-10,968
2025-02-11,784
2025-02-12,1373
2025-02-13,1401
2025-02-14,1040
2025-02-15,615
2025-02-16,895
2025-02-17,1188
2025-02-18,1458
2025-02-19,1500
2025-02-20,1375
2025-02-21,1146
2025-02-22,811
2025-02-23,1052
2025-02-24,1260
2025-02-25,1501
2025-02-26,1568
2025-02-27,1352
2025-02-28,1005
2025-03-01,531
2025-03-02,436
2025-03-03,780
2025-03-04,994
2025-03-05,1128
2025-03-06,1100
2025-03-07,953
2025-03-08,482
2025-03-09,640
2025-03-10,1071
2025-03-11,1207
2025-03-12,1075
2025-03-13,1060
2025-03-14,860
2025-03-15,482
2025-03-16,450
2025-03-17,1003
2025-03-18,602
2025-03-19,1113
2025-03-20,1017
2025-03-21,949
2025-03-22,605
2025-03-23,503
2025-03-24,810
2025-03-25,990
2025-03-26,902
2025-03-27,675
2025-03-28,532
2025-03-29,215
2025-03-30,128
2025-03-31,88
2025-04-01,146
2025-04-02,337
2025-04-03,485
2025-04-04,454
2025-04-05,290
2025-04-06,490
2025-04-07,974
2025-04-08,1217
2025-04-09,1240
2025-04-10,1284
2025-04-11,1222
2025-04-12,512
2025-04-13,563
2025-04-14,1218
2025-04-15,1342
2025-04-16,1395
2025-04-17,1055
2025-04-18,893
2025-04-19,504
2025-04-20,488
2025-04-21,1153
2025-04-22,1140
2025-04-23,1237
2025-04-24,1340
2025-04-25,985
2025-04-26,631
2025-04-27,742
2025-04-28,1021
2025-04-29,1048
2025-04-30,1210
2025-05-01,182
2025-05-02,856
2025-05-03,425
2025-05-04,715
2025-05-05,1085
2025-05-06,1200
2025-05-07,1329
2025-05-08,1210
2025-05-09,1038
2025-05-10,670
2025-05-11,694
2025-05-12,429
2025-05-13,1172
2025-05-14,1259
2025-05-15,1187
2025-05-16,1101
2025-05-17,834
2025-05-18,830
2025-05-19,987
2025-05-20,1150
2025-05-21,1116
2025-05-22,1039
2025-05-23,972
2025-05-24,951
2025-05-25,896
2025-05-26,1137
2025-05-27,1186
2025-05-28,1180
2025-05-29,1053
2025-05-30,784
2025-05-31,549
2025-06-01,728
2025-06-02,279
2025-06-03,925
2025-06-04,978
2025-06-05,843
2025-06-06,573
2025-06-07,112
2025-06-08,184
2025-06-09,672
2025-06-10,1027
2025-06-11,1049
2025-06-12,1134
2025-06-13,1131
2025-06-14,833
2025-06-15,900
2025-06-16,1030
2025-06-17,1281
2025-06-18,1284
2025-06-19,1251
2025-06-20,1261
2025-06-21,682
2025-06-22,919
2025-06-23,1066
2025-06-24,1155
2025-06-25,1188
2025-06-26,1002
2025-06-27,315
2025-06-28,722
2025-06-29,943
2025-06-30,990
2025-07-01,994
2025-07-02,1103
2025-07-03,1199
2025-07-04,1180
2025-07-05,669
2025-07-06,743
2025-07-07,977
2025-07-08,1142
2025-07-09,1239
2025-07-10,1061
2025-07-11,1084
2025-07-12,862
2025-07-13,721
2025-07-14,939
2025-07-15,1162
2025-07-16,1252
2025-07-17,1076
2025-07-18,1190
2025-07-19,922
2025-07-20,801
2025-07-21,1047
2025-07-22,979
2025-07-23,1021
2025-07-24,1104
2025-07-25,902
2025-07-26,1014
2025-07-27,760
2025-07-28,787
2025-07-29,1100
2025-07-30,1084
2025-07-31,904
2025-08-01,949
2025-08-02,860
2025-08-03,834
2025-08-04,1008
2025-08-05,1127
2025-08-06,1293
2025-08-07,1175
2025-08-08,1126
2025-08-09,824
2025-08-10,821
2025-08-11,961
2025-08-12,1107
2025-08-13,1465
2025-08-14,1317
2025-08-15,1025
2025-08-16,1013
2025-08-17,914
2025-08-18,979
2025-08-19,1023
2025-08-20,1258
2025-08-21,1208
2025-08-22,1104
2025-08-23,1000
2025-08-24,842
2025-08-25,1044
2025-08-26,1122
2025-08-27,1164
2025-08-28,1256
2025-08-29,1160
2025-08-30,756
2025-08-31,374
2025-09-01,581
2025-09-02,1016
2025-09-03,1077
2025-09-04,1177
2025-09-05,545
2025-09-06,795
2025-09-07,705
2025-09-08,1088
2025-09-09,1141
2025-09-10,1166
2025-09-11,1269
2025-09-12,1265
2025-09-13,564
2025-09-14,457
2025-09-15,231
2025-09-16,324
2025-09-17,797
2025-09-18,1025
2025-09-19,872
2025-09-20,721
2025-09-21,918
2025-09-22,871
2025-09-23,1089
2025-09-24,1103
2025-09-25,1106
2025-09-26,1065
2025-09-27,1011
2025-09-28,814
2025-09-29,811
2025-09-30,826
2025-10-01,1010
2025-10-02,1153
2025-10-03,997
2025-10-04,876
2025-10-05,647
2025-10-06,947
2025-10-07,1026
2025-10-08,1039
2025-10-09,1123
2025-10-10,984
2025-10-11,690
2025-10-12,640
2025-10-13,800
2025-10-14,1074
2025-10-15,1170
2025-10-16,990
2025-10-17,999
2025-10-18,673
2025-10-19,598
2025-10-20,206
2025-10-21,622
2025-10-22,871
2025-10-23,929
2025-10-24,833
2025-10-25,676
2025-10-26,754
2025-10-27,870
2025-10-28,843
2025-10-29,885
2025-10-30,1022
2025-10-31,946
2025-11-01,629
2025-11-02,542
2025-11-03,980
2025-11-04,1009
2025-11-05,980
2025-11-06,931
2025-11-07,632
2025-11-08,538
2025-11-09,518
2025-11-10,911
2025-11-11,912
2025-11-12,960
2025-11-13,1063
2025-11-14,903
2025-11-15,613
2025-11-16,553
2025-11-17,792
2025-11-18,884
2025-11-19,1144
2025-11-20,1093
2025-11-21,768
2025-11-22,622
2025-11-23,635
2025-11-24,764
2025-11-25,852
2025-11-26,845
2025-11-27,920
2025-11-28,764
2025-11-29,519
2025-11-30,422
2025-12-01,765
2025-12-02,842
2025-12-03,918
2025-12-04,914
2025-12-05,865
2025-12-06,489
2025-12-07,468
2025-12-08,696
2025-12-09,843
2025-12-10,881
2025-12-11,735
2025-12-12,860
2025-12-13,674
2025-12-14,606
2025-12-15,707
2025-12-16,892
2025-12-17,881
2025-12-18,936
2025-12-19,853
2025-12-20,530
2025-12-21,488
2025-12-22,757
2025-12-23,689
2025-12-24,630
2025-12-25,181
2025-12-26,472
2025-12-27,439
2025-12-28,407
2025-12-29,750
2025-12-30,794
2025-12-31,709
2026-01-01,385
2026-01-02,459
2026-01-03,306
2026-01-04,403
2026-01-05,727
2026-01-06,872
2026-01-07,1021
2026-01-08,1104
2026-01-09,864
2026-01-10,418
2026-01-11,441
2026-01-12,876
2026-01-13,940
2026-01-14,1078
2026-01-15,1078
2026-01-16,836
2026-01-17,418
2026-01-18,460
2026-01-19,944
2026-01-20,1086
2026-01-21,1358
2026-01-22,1119
2026-01-23,884
2026-01-24,670
2026-01-25,534
2026-01-26,1154
2026-01-27,1115
2026-01-28,1168
2026-01-29,1152
2026-01-30,909
2026-01-31,495
2026-02-01,539
2026-02-02,666
2026-02-03,959
2026-02-04,1176
2026-02-05,1159
2026-02-06,1005
2026-02-07,641
2026-02-08,634
2026-02-09,1051
2026-02-10,1246
2026-02-11,1322
2026-02-12,1097
2026-02-13,1055
2026-02-14,587
2026-02-15,623
2026-02-16,549
2026-02-17,142
2026-02-18,134
2026-02-19,370
2026-02-20,509
2026-02-21,316
2026-02-22,475
2026-02-23,731
2026-02-24,782
2026-02-25,984
2026-02-26,891
2026-02-27,957
2026-02-28,429
2026-03-01,527
2026-03-02,722
2026-03-03,904
2026-03-04,498
2026-03-05,957
2026-03-06,824
2026-03-07,512
2026-03-08,465
2026-03-09,763
2026-03-10,1126
2026-03-11,1176
2026-03-12,922
2026-03-13,1019
2026-03-14,584
2026-03-15,579
2026-03-16,797
2026-03-17,789
2026-03-18,708
2026-03-19,366
2026-03-20,97
2026-03-21,0
2026-03-22,58
2026-03-23,119
2026-03-24,339
2026-03-25,497
2026-03-26,642
2026-03-27,614
2026-03-28,379
2026-03-29,439
2026-03-30,802
2026-03-31,939
2026-04-01,1326
2026-04-02,1285
2026-04-03,787
2026-04-04,423
2026-04-05,560
2026-04-06,1020
2026-04-07,1260
2026-04-08,1301
2026-04-09,1176
2026-04-10,1096
2026-04-11,593
2026-04-12,585
2026-04-13,938
2026-04-14,1272
2026-04-15,1182
2026-04-16,1235
2026-04-17,1189
2026-04-18,583
2026-04-19,540
2026-04-20,1081
2026-04-21,1188
2026-04-22,1453
2026-04-23,1389
2026-04-24,1286
2026-04-25,634
2026-04-26,604
2026-04-27,996
2026-04-28,1231
2026-04-29,1408
2026-04-30,1097
2026-05-01,368
2026-05-02,468
2026-05-03,630
2026-05-04,1000
2026-05-05,1185
2026-05-06,1471
2026-05-07,1205
2026-05-08,1269
2026-05-09,806
2026-05-10,709
2026-05-11,1085
2026-05-12,1168
2026-05-13,1270
2026-05-14,1168
2026-05-15,1054
2026-05-16,824
2026-05-17,810
2026-05-18,945
2026-05-19,1169
2026-05-20,1416
2026-05-21,1233
2026-05-22,1073
2026-05-23,876
2026-05-24,826
2026-05-25,780
2026-05-26,522
2026-05-27,127
2026-05-28,452
2026-05-29,567
2026-05-30,356
2026-05-31,254
2026-06-01,169
2026-06-02,398
2026-06-03,918
2026-06-04,878
2026-06-05,858
2026-06-06,529
2026-06-07,550
2026-06-08,939
2026-06-09,1192
2026-06-10,1361
2026-06-11,1266
2026-06-12,1165
2026-06-13,915
2026-06-14,821
2026-06-15,1007
2026-06-16,1063
2026-06-17,342
2026-06-18,1053
2026-06-19,1082
2026-06-20,692
2026-06-21,736
2026-06-22,967
2026-06-23,1110
2026-06-24,1371
2026-06-25,1277
2026-06-26,1135
2026-06-27,797
2026-06-28,989
2026-06-29,903
2026-06-30,1062
2026-07-01,1091
2026-07-02,1110
2026-07-03,980
2026-07-04,757
2026-07-05,654
2026-07-06,975
2026-07-07,1150
2026-07-08,1292
2026-07-09,1192
2026-07-10,1025
2026-07-11,736
2026-07-12,529
2026-07-13,876
2026-07-14,1234
2026-07-15,1205
2026-07-16,1139
2026-07-17,1319
2026-07-18,912
2026-07-19,788
2026-07-20,976
2026-07-21,1158
2026-07-22,1322
2026-07-23,1264
2026-07-24,1094
2026-07-25,908
2026-07-26,875
2026-07-27,1082
2026-07-28,1296
2026-07-29,1197
2026-07-30,1237
2026-07-31,959
2026-08-01,740
2026-08-02,738
2026-08-03,941
2026-08-04,1280
2026-08-05,1283
2026-08-06,1325
2026-08-07,1186
2026-08-08,845
2026-08-09,754
2026-08-10,1041
2026-08-11,1297
2026-08-12,1367
2026-08-13,1216
2026-08-14,1193
2026-08-15,1021
2026-08-16,866
2026-08-17,1015
2026-08-18,1457
2026-08-19,1479
2026-08-20,1331
2026-08-21,1140
2026-08-22,1062
2026-08-23,889
2026-08-24,1008
2026-08-25,523
2026-08-26,1076
2026-08-27,1262
2026-08-28,1108
2026-08-29,681
2026-08-30,719
2026-08-31,416
2026-09-01,785
2026-09-02,1044
2026-09-03,914
2026-09-04,817
2026-09-05,1062
2026-09-06,694
2026-09-07,75
