date,object,value
1979-01-01,total,7890
1980-01-01,total,10292
1981-01-01,total,13686
1982-01-01,total,15922
1983-01-01,total,16124
1984-01-01,total,17506
1985-01-01,total,18766
1986-01-01,total,20075
1987-01-01,total,20185
1988-01-01,total,21212
1989-01-01,total,22982
1990-01-01,total,25026
1991-01-01,total,28296
1992-01-01,total,32075
1993-01-01,total,32217
1994-01-01,total,35064
1995-01-01,total,36573
1996-01-01,total,43865
1997-01-01,total,44665
1998-01-01,total,44585
1999-01-01,total,46699
2000-01-01,total,56547
2001-01-01,total,63757
2002-01-01,total,68699
2003-01-01,total,75224
2004-01-01,total,91298
2005-01-01,total,97744
2006-01-01,total,107694
2007-01-01,total,123084
2008-01-01,total,153499
2009-01-01,total,157067
2010-01-01,total,151633
2011-01-01,total,182594
2012-01-01,total,205537
2013-01-01,total,211270
2014-01-01,total,219589
2015-01-01,total,216998
2016-01-01,total,210173
2017-01-01,total,217695
2018-01-01,total,230960
2019-01-01,total,263343
2020-01-01,total,224600
2021-01-01,total,231516
2022-01-01,total,292693
2023-01-01,total,311267
1979-01-01,emoluments,2370
1980-01-01,emoluments,2854
1981-01-01,emoluments,3600
1982-01-01,emoluments,3928
1983-01-01,emoluments,5666
1984-01-01,emoluments,5848
1985-01-01,emoluments,6002
1986-01-01,emoluments,6454
1987-01-01,emoluments,6504
1988-01-01,emoluments,6872
1989-01-01,emoluments,7381
1990-01-01,emoluments,7966
1991-01-01,emoluments,8640
1992-01-01,emoluments,10383
1993-01-01,emoluments,10322
1994-01-01,emoluments,11016
1995-01-01,emoluments,11434
1996-01-01,emoluments,14324
1997-01-01,emoluments,13195
1998-01-01,emoluments,13984
1999-01-01,emoluments,14436
2000-01-01,emoluments,16357
2001-01-01,emoluments,17443
2002-01-01,emoluments,20242
2003-01-01,emoluments,21721
2004-01-01,emoluments,23779
2005-01-01,emoluments,25587
2006-01-01,emoluments,28522
2007-01-01,emoluments,32587
2008-01-01,emoluments,41011
2009-01-01,emoluments,42778
2010-01-01,emoluments,46663
2011-01-01,emoluments,50148
2012-01-01,emoluments,60016
2013-01-01,emoluments,61002
2014-01-01,emoluments,66947
2015-01-01,emoluments,70050
2016-01-01,emoluments,73108
2017-01-01,emoluments,77036
2018-01-01,emoluments,79989
2019-01-01,emoluments,80534
2020-01-01,emoluments,82996
2021-01-01,emoluments,85854
2022-01-01,emoluments,87789
2023-01-01,emoluments,91860
1979-01-01,retirement_charges,338
1980-01-01,retirement_charges,516
1981-01-01,retirement_charges,585
1982-01-01,retirement_charges,587
1983-01-01,retirement_charges,629
1984-01-01,retirement_charges,681
1985-01-01,retirement_charges,775
1986-01-01,retirement_charges,817
1987-01-01,retirement_charges,938
1988-01-01,retirement_charges,961
1989-01-01,retirement_charges,1073
1990-01-01,retirement_charges,1154
1991-01-01,retirement_charges,1815
1992-01-01,retirement_charges,2183
1993-01-01,retirement_charges,2320
1994-01-01,retirement_charges,2737
1995-01-01,retirement_charges,2755
1996-01-01,retirement_charges,3509
1997-01-01,retirement_charges,3638
1998-01-01,retirement_charges,3658
1999-01-01,retirement_charges,3792
2000-01-01,retirement_charges,4187
2001-01-01,retirement_charges,4711
2002-01-01,retirement_charges,5134
2003-01-01,retirement_charges,5870
2004-01-01,retirement_charges,6060
2005-01-01,retirement_charges,6809
2006-01-01,retirement_charges,7008
2007-01-01,retirement_charges,8251
2008-01-01,retirement_charges,10022
2009-01-01,retirement_charges,10146
2010-01-01,retirement_charges,11515
2011-01-01,retirement_charges,13565
2012-01-01,retirement_charges,14079
2013-01-01,retirement_charges,14842
2014-01-01,retirement_charges,18218
2015-01-01,retirement_charges,18872
2016-01-01,retirement_charges,21029
2017-01-01,retirement_charges,22800
2018-01-01,retirement_charges,25177
2019-01-01,retirement_charges,25894
2020-01-01,retirement_charges,27533
2021-01-01,retirement_charges,29095
2022-01-01,retirement_charges,31397
2023-01-01,retirement_charges,34080
1979-01-01,debt_service,1271
1980-01-01,debt_service,1547
1981-01-01,debt_service,2046
1982-01-01,debt_service,2724
1983-01-01,debt_service,3453
1984-01-01,debt_service,4430
1985-01-01,debt_service,5042
1986-01-01,debt_service,5239
1987-01-01,debt_service,5763
1988-01-01,debt_service,6178
1989-01-01,debt_service,6743
1990-01-01,debt_service,6830
1991-01-01,debt_service,7048
1992-01-01,debt_service,7304
1993-01-01,debt_service,7166
1994-01-01,debt_service,6815
1995-01-01,debt_service,6521
1996-01-01,debt_service,6795
1997-01-01,debt_service,6426
1998-01-01,debt_service,6928
1999-01-01,debt_service,7941
2000-01-01,debt_service,9055
2001-01-01,debt_service,9634
2002-01-01,debt_service,9669
2003-01-01,debt_service,10546
2004-01-01,debt_service,10920
2005-01-01,debt_service,11604
2006-01-01,debt_service,12495
2007-01-01,debt_service,12911
2008-01-01,debt_service,12797
2009-01-01,debt_service,14222
2010-01-01,debt_service,15621
2011-01-01,debt_service,17716
2012-01-01,debt_service,19537
2013-01-01,debt_service,20776
2014-01-01,debt_service,22588
2015-01-01,debt_service,24283
2016-01-01,debt_service,26480
2017-01-01,debt_service,27863
2018-01-01,debt_service,30547
2019-01-01,debt_service,32933
2020-01-01,debt_service,34495
2021-01-01,debt_service,38069
2022-01-01,debt_service,41269
2023-01-01,debt_service,46331
1979-01-01,debt_service_dom,0
1980-01-01,debt_service_dom,1144
1981-01-01,debt_service_dom,1408
1982-01-01,debt_service_dom,1810
1983-01-01,debt_service_dom,2259
1984-01-01,debt_service_dom,2719
1985-01-01,debt_service_dom,2961
1986-01-01,debt_service_dom,3297
1987-01-01,debt_service_dom,3727
1988-01-01,debt_service_dom,4200
1989-01-01,debt_service_dom,4751
1990-01-01,debt_service_dom,4890
1991-01-01,debt_service_dom,5277
1992-01-01,debt_service_dom,5732
1993-01-01,debt_service_dom,5827
1994-01-01,debt_service_dom,5679
1995-01-01,debt_service_dom,5635
1996-01-01,debt_service_dom,6045
1997-01-01,debt_service_dom,5789
1998-01-01,debt_service_dom,5897
1999-01-01,debt_service_dom,7057
2000-01-01,debt_service_dom,7868
2001-01-01,debt_service_dom,8484
2002-01-01,debt_service_dom,7977
2003-01-01,debt_service_dom,8663
2004-01-01,debt_service_dom,9161
2005-01-01,debt_service_dom,9875
2006-01-01,debt_service_dom,10990
2007-01-01,debt_service_dom,11485
2008-01-01,debt_service_dom,11642
2009-01-01,debt_service_dom,13312
2010-01-01,debt_service_dom,14963
2011-01-01,debt_service_dom,17032
2012-01-01,debt_service_dom,19035
2013-01-01,debt_service_dom,20291
2014-01-01,debt_service_dom,22089
2015-01-01,debt_service_dom,23714
2016-01-01,debt_service_dom,25732
2017-01-01,debt_service_dom,27159
2018-01-01,debt_service_dom,29891
2019-01-01,debt_service_dom,32239
2020-01-01,debt_service_dom,33770
2021-01-01,debt_service_dom,37295
2022-01-01,debt_service_dom,40553
2023-01-01,debt_service_dom,45612
1979-01-01,debt_service_ext,0
1980-01-01,debt_service_ext,403
1981-01-01,debt_service_ext,638
1982-01-01,debt_service_ext,914
1983-01-01,debt_service_ext,1194
1984-01-01,debt_service_ext,1711
1985-01-01,debt_service_ext,2081
1986-01-01,debt_service_ext,1942
1987-01-01,debt_service_ext,2036
1988-01-01,debt_service_ext,1978
1989-01-01,debt_service_ext,1992
1990-01-01,debt_service_ext,1940
1991-01-01,debt_service_ext,1771
1992-01-01,debt_service_ext,1572
1993-01-01,debt_service_ext,1339
1994-01-01,debt_service_ext,1136
1995-01-01,debt_service_ext,886
1996-01-01,debt_service_ext,750
1997-01-01,debt_service_ext,637
1998-01-01,debt_service_ext,1031
1999-01-01,debt_service_ext,884
2000-01-01,debt_service_ext,1187
2001-01-01,debt_service_ext,1150
2002-01-01,debt_service_ext,1692
2003-01-01,debt_service_ext,1883
2004-01-01,debt_service_ext,1758
2005-01-01,debt_service_ext,1729
2006-01-01,debt_service_ext,1506
2007-01-01,debt_service_ext,1426
2008-01-01,debt_service_ext,1155
2009-01-01,debt_service_ext,909
2010-01-01,debt_service_ext,658
2011-01-01,debt_service_ext,684
2012-01-01,debt_service_ext,502
2013-01-01,debt_service_ext,485
2014-01-01,debt_service_ext,499
2015-01-01,debt_service_ext,569
2016-01-01,debt_service_ext,748
2017-01-01,debt_service_ext,704
2018-01-01,debt_service_ext,656
2019-01-01,debt_service_ext,693
2020-01-01,debt_service_ext,725
2021-01-01,debt_service_ext,774
2022-01-01,debt_service_ext,716
2023-01-01,debt_service_ext,720
1979-01-01,supplies_services,1216
1980-01-01,supplies_services,1484
1981-01-01,supplies_services,1929
1982-01-01,supplies_services,2181
1983-01-01,supplies_services,2056
1984-01-01,supplies_services,2438
1985-01-01,supplies_services,2514
1986-01-01,supplies_services,2559
1987-01-01,supplies_services,2364
1988-01-01,supplies_services,2403
1989-01-01,supplies_services,2631
1990-01-01,supplies_services,2931
1991-01-01,supplies_services,3343
1992-01-01,supplies_services,3707
1993-01-01,supplies_services,4150
1994-01-01,supplies_services,4908
1995-01-01,supplies_services,5948
1996-01-01,supplies_services,5673
1997-01-01,supplies_services,6363
1998-01-01,supplies_services,5212
1999-01-01,supplies_services,6074
2000-01-01,supplies_services,7360
2001-01-01,supplies_services,10703
2002-01-01,supplies_services,11269
2003-01-01,supplies_services,13968
2004-01-01,supplies_services,16633
2005-01-01,supplies_services,17984
2006-01-01,supplies_services,20923
2007-01-01,supplies_services,23622
2008-01-01,supplies_services,25197
2009-01-01,supplies_services,26372
2010-01-01,supplies_services,23841
2011-01-01,supplies_services,28949
2012-01-01,supplies_services,31963
2013-01-01,supplies_services,33860
2014-01-01,supplies_services,34259
2015-01-01,supplies_services,36373
2016-01-01,supplies_services,30070
2017-01-01,supplies_services,34738
2018-01-01,supplies_services,35283
2019-01-01,supplies_services,31507
2020-01-01,supplies_services,29323
2021-01-01,supplies_services,24924
2022-01-01,supplies_services,34692
2023-01-01,supplies_services,35898
1979-01-01,subsidies_sa,165
1980-01-01,subsidies_sa,713
1981-01-01,subsidies_sa,1101
1982-01-01,subsidies_sa,1232
1983-01-01,subsidies_sa,1137
1984-01-01,subsidies_sa,492
1985-01-01,subsidies_sa,302
1986-01-01,subsidies_sa,271
1987-01-01,subsidies_sa,279
1988-01-01,subsidies_sa,320
1989-01-01,subsidies_sa,389
1990-01-01,subsidies_sa,494
1991-01-01,subsidies_sa,965
1992-01-01,subsidies_sa,560
1993-01-01,subsidies_sa,589
1994-01-01,subsidies_sa,588
1995-01-01,subsidies_sa,612
1996-01-01,subsidies_sa,850
1997-01-01,subsidies_sa,958
1998-01-01,subsidies_sa,1151
1999-01-01,subsidies_sa,1136
2000-01-01,subsidies_sa,4824
2001-01-01,subsidies_sa,4552
2002-01-01,subsidies_sa,3677
2003-01-01,subsidies_sa,2679
2004-01-01,subsidies_sa,5796
2005-01-01,subsidies_sa,13387
2006-01-01,subsidies_sa,10112
2007-01-01,subsidies_sa,10481
2008-01-01,subsidies_sa,35166
2009-01-01,subsidies_sa,20345
2010-01-01,subsidies_sa,23106
2011-01-01,subsidies_sa,36256
2012-01-01,subsidies_sa,44081
2013-01-01,subsidies_sa,43349
2014-01-01,subsidies_sa,39703
2015-01-01,subsidies_sa,27269
2016-01-01,subsidies_sa,24690
2017-01-01,subsidies_sa,22354
2018-01-01,subsidies_sa,27516
2019-01-01,subsidies_sa,23901
2020-01-01,subsidies_sa,19793
2021-01-01,subsidies_sa,23041
2022-01-01,subsidies_sa,67358
2023-01-01,subsidies_sa,77878
1979-01-01,asset_acquisition,146
1980-01-01,asset_acquisition,181
1981-01-01,asset_acquisition,440
1982-01-01,asset_acquisition,217
1983-01-01,asset_acquisition,169
1984-01-01,asset_acquisition,145
1985-01-01,asset_acquisition,159
1986-01-01,asset_acquisition,192
1987-01-01,asset_acquisition,93
1988-01-01,asset_acquisition,179
1989-01-01,asset_acquisition,191
1990-01-01,asset_acquisition,239
1991-01-01,asset_acquisition,303
1992-01-01,asset_acquisition,343
1993-01-01,asset_acquisition,815
1994-01-01,asset_acquisition,851
1995-01-01,asset_acquisition,1033
1996-01-01,asset_acquisition,874
1997-01-01,asset_acquisition,905
1998-01-01,asset_acquisition,434
1999-01-01,asset_acquisition,422
2000-01-01,asset_acquisition,572
2001-01-01,asset_acquisition,1339
2002-01-01,asset_acquisition,968
2003-01-01,asset_acquisition,1409
2004-01-01,asset_acquisition,1764
2005-01-01,asset_acquisition,1603
2006-01-01,asset_acquisition,1949
2007-01-01,asset_acquisition,2532
2008-01-01,asset_acquisition,2835
2009-01-01,asset_acquisition,2582
2010-01-01,asset_acquisition,1869
2011-01-01,asset_acquisition,2665
2012-01-01,asset_acquisition,1770
2013-01-01,asset_acquisition,1415
2014-01-01,asset_acquisition,1802
2015-01-01,asset_acquisition,1723
2016-01-01,asset_acquisition,676
2017-01-01,asset_acquisition,516
2018-01-01,asset_acquisition,447
2019-01-01,asset_acquisition,770
2020-01-01,asset_acquisition,631
2021-01-01,asset_acquisition,596
2022-01-01,asset_acquisition,766
2023-01-01,asset_acquisition,1023
1979-01-01,grants_transfers,2186
1980-01-01,grants_transfers,2252
1981-01-01,grants_transfers,3066
1982-01-01,grants_transfers,4862
1983-01-01,grants_transfers,2768
1984-01-01,grants_transfers,3097
1985-01-01,grants_transfers,3453
1986-01-01,grants_transfers,3972
1987-01-01,grants_transfers,3733
1988-01-01,grants_transfers,3734
1989-01-01,grants_transfers,4098
1990-01-01,grants_transfers,4766
1991-01-01,grants_transfers,5615
1992-01-01,grants_transfers,6868
1993-01-01,grants_transfers,5966
1994-01-01,grants_transfers,7102
1995-01-01,grants_transfers,7190
1996-01-01,grants_transfers,10557
1997-01-01,grants_transfers,11143
1998-01-01,grants_transfers,10822
1999-01-01,grants_transfers,11124
2000-01-01,grants_transfers,11757
2001-01-01,grants_transfers,13524
2002-01-01,grants_transfers,15948
2003-01-01,grants_transfers,16323
2004-01-01,grants_transfers,21264
2005-01-01,grants_transfers,20427
2006-01-01,grants_transfers,26294
2007-01-01,grants_transfers,31501
2008-01-01,grants_transfers,25623
2009-01-01,grants_transfers,39937
2010-01-01,grants_transfers,27862
2011-01-01,grants_transfers,32157
2012-01-01,grants_transfers,32625
2013-01-01,grants_transfers,34795
2014-01-01,grants_transfers,34588
2015-01-01,grants_transfers,37319
2016-01-01,grants_transfers,33206
2017-01-01,grants_transfers,31348
2018-01-01,grants_transfers,30905
2019-01-01,grants_transfers,66050
2020-01-01,grants_transfers,28868
2021-01-01,grants_transfers,29137
2022-01-01,grants_transfers,28555
2023-01-01,grants_transfers,23340
1979-01-01,other,198
1980-01-01,other,745
1981-01-01,other,919
1982-01-01,other,191
1983-01-01,other,246
1984-01-01,other,375
1985-01-01,other,519
1986-01-01,other,571
1987-01-01,other,511
1988-01-01,other,565
1989-01-01,other,476
1990-01-01,other,646
1991-01-01,other,567
1992-01-01,other,728
1993-01-01,other,889
1994-01-01,other,1048
1995-01-01,other,1081
1996-01-01,other,1283
1997-01-01,other,2037
1998-01-01,other,2396
1999-01-01,other,1774
2000-01-01,other,2435
2001-01-01,other,1851
2002-01-01,other,1792
2003-01-01,other,2706
2004-01-01,other,5082
2005-01-01,other,343
2006-01-01,other,391
2007-01-01,other,1197
2008-01-01,other,849
2009-01-01,other,685
2010-01-01,other,1155
2011-01-01,other,1138
2012-01-01,other,1466
2013-01-01,other,1232
2014-01-01,other,1484
2015-01-01,other,1108
2016-01-01,other,913
2017-01-01,other,1040
2018-01-01,other,1097
2019-01-01,other,1755
2020-01-01,other,961
2021-01-01,other,800
2022-01-01,other,867
2023-01-01,other,858
