series,date,group,index
index,2015-01-01,492,105.9
index,2015-01-01,501,100.4
index,2015-01-01,511,99.0
index,2015-01-01,512,112.5
index,2015-01-01,531,104.2
index,2015-01-01,532,107.7
index,2015-01-01,551,101.6
index,2015-01-01,561,118.7
index,2015-01-01,562,113.3
index,2015-01-01,563,119.5
index,2015-01-01,611,99.2
index,2015-01-01,612,101.0
index,2015-01-01,620,101.6
index,2015-01-01,631,100.3
index,2015-01-01,682,117.7
index,2015-01-01,691,100.4
index,2015-01-01,692,104.6
index,2015-01-01,711,100.3
index,2015-01-01,851,113.6
index,2015-01-01,852,111.2
index,2015-01-01,853,105.5
index,2015-01-01,854,105.5
index,2015-01-01,861,100.5
index,2015-01-01,862,101.3
index,2015-01-01,869,100.9
index,2015-01-01,920,100.4
index,2015-01-01,931,103.7
index,2015-01-01,932,102.0
index,2015-04-01,492,106.5
index,2015-04-01,501,100.4
index,2015-04-01,511,97.5
index,2015-04-01,512,113.4
index,2015-04-01,531,104.2
index,2015-04-01,532,108.2
index,2015-04-01,551,101.8
index,2015-04-01,561,120.5
index,2015-04-01,562,114.4
index,2015-04-01,563,122.5
index,2015-04-01,611,99.2
index,2015-04-01,612,101.0
index,2015-04-01,620,101.6
index,2015-04-01,631,100.3
index,2015-04-01,682,117.7
index,2015-04-01,691,100.4
index,2015-04-01,692,104.6
index,2015-04-01,711,100.4
index,2015-04-01,851,115.1
index,2015-04-01,852,111.8
index,2015-04-01,853,106.1
index,2015-04-01,854,105.7
index,2015-04-01,861,100.5
index,2015-04-01,862,101.4
index,2015-04-01,869,101.1
index,2015-04-01,920,101.1
index,2015-04-01,931,104.2
index,2015-04-01,932,102.2
index,2015-07-01,492,106.6
index,2015-07-01,501,100.4
index,2015-07-01,511,100.0
index,2015-07-01,512,113.8
index,2015-07-01,531,104.2
index,2015-07-01,532,108.6
index,2015-07-01,551,101.8
index,2015-07-01,561,122.1
index,2015-07-01,562,115.5
index,2015-07-01,563,123.6
index,2015-07-01,611,99.2
index,2015-07-01,612,101.0
index,2015-07-01,620,101.6
index,2015-07-01,631,100.3
index,2015-07-01,682,118.7
index,2015-07-01,691,100.4
index,2015-07-01,692,104.8
index,2015-07-01,711,100.4
index,2015-07-01,851,115.1
index,2015-07-01,852,112.5
index,2015-07-01,853,106.1
index,2015-07-01,854,105.7
index,2015-07-01,861,100.5
index,2015-07-01,862,101.4
index,2015-07-01,869,101.2
index,2015-07-01,920,101.8
index,2015-07-01,931,104.1
index,2015-07-01,932,104.4
index,2015-10-01,492,106.7
index,2015-10-01,501,100.4
index,2015-10-01,511,102.8
index,2015-10-01,512,114.7
index,2015-10-01,531,104.2
index,2015-10-01,532,108.8
index,2015-10-01,551,101.9
index,2015-10-01,561,123.0
index,2015-10-01,562,116.8
index,2015-10-01,563,124.6
index,2015-10-01,611,99.2
index,2015-10-01,612,101.0
index,2015-10-01,620,101.6
index,2015-10-01,631,101.4
index,2015-10-01,682,119.0
index,2015-10-01,691,102.6
index,2015-10-01,692,105.2
index,2015-10-01,711,100.4
index,2015-10-01,851,115.1
index,2015-10-01,852,112.5
index,2015-10-01,853,106.1
index,2015-10-01,854,105.7
index,2015-10-01,861,100.7
index,2015-10-01,862,102.3
index,2015-10-01,869,101.4
index,2015-10-01,920,102.2
index,2015-10-01,931,104.1
index,2015-10-01,932,104.4
index,2016-01-01,492,107.0
index,2016-01-01,501,100.5
index,2016-01-01,511,103.4
index,2016-01-01,512,114.7
index,2016-01-01,531,104.2
index,2016-01-01,532,109.7
index,2016-01-01,551,101.8
index,2016-01-01,561,124.4
index,2016-01-01,562,117.8
index,2016-01-01,563,125.5
index,2016-01-01,611,99.2
index,2016-01-01,612,101.0
index,2016-01-01,620,102.0
index,2016-01-01,631,101.4
index,2016-01-01,682,119.3
index,2016-01-01,691,102.6
index,2016-01-01,692,105.2
index,2016-01-01,711,100.4
index,2016-01-01,851,117.9
index,2016-01-01,852,114.5
index,2016-01-01,853,107.0
index,2016-01-01,854,106.6
index,2016-01-01,861,101.0
index,2016-01-01,862,104.0
index,2016-01-01,869,101.5
index,2016-01-01,920,101.4
index,2016-01-01,931,104.6
index,2016-01-01,932,104.4
index,2016-04-01,492,107.1
index,2016-04-01,501,100.5
index,2016-04-01,511,98.5
index,2016-04-01,512,114.7
index,2016-04-01,531,104.2
index,2016-04-01,532,109.7
index,2016-04-01,551,101.8
index,2016-04-01,561,125.2
index,2016-04-01,562,118.2
index,2016-04-01,563,126.2
index,2016-04-01,611,99.2
index,2016-04-01,612,101.0
index,2016-04-01,620,102.1
index,2016-04-01,631,101.4
index,2016-04-01,682,120.1
index,2016-04-01,691,102.6
index,2016-04-01,692,105.4
index,2016-04-01,711,100.4
index,2016-04-01,851,117.9
index,2016-04-01,852,114.6
index,2016-04-01,853,107.4
index,2016-04-01,854,106.6
index,2016-04-01,861,101.0
index,2016-04-01,862,104.2
index,2016-04-01,869,101.9
index,2016-04-01,920,101.3
index,2016-04-01,931,104.6
index,2016-04-01,932,104.4
index,2016-07-01,492,107.2
index,2016-07-01,501,100.5
index,2016-07-01,511,98.3
index,2016-07-01,512,114.7
index,2016-07-01,531,104.2
index,2016-07-01,532,109.7
index,2016-07-01,551,101.8
index,2016-07-01,561,126.2
index,2016-07-01,562,118.4
index,2016-07-01,563,126.8
index,2016-07-01,611,99.2
index,2016-07-01,612,101.0
index,2016-07-01,620,102.2
index,2016-07-01,631,101.4
index,2016-07-01,682,120.3
index,2016-07-01,691,102.6
index,2016-07-01,692,105.6
index,2016-07-01,711,100.4
index,2016-07-01,851,118.5
index,2016-07-01,852,118.5
index,2016-07-01,853,108.2
index,2016-07-01,854,106.6
index,2016-07-01,861,101.6
index,2016-07-01,862,104.3
index,2016-07-01,869,102.2
index,2016-07-01,920,100.4
index,2016-07-01,931,104.7
index,2016-07-01,932,104.5
index,2016-10-01,492,107.2
index,2016-10-01,501,100.5
index,2016-10-01,511,98.1
index,2016-10-01,512,114.7
index,2016-10-01,531,111.1
index,2016-10-01,532,109.7
index,2016-10-01,551,102.0
index,2016-10-01,561,127.2
index,2016-10-01,562,118.9
index,2016-10-01,563,127.3
index,2016-10-01,611,99.2
index,2016-10-01,612,101.0
index,2016-10-01,620,102.2
index,2016-10-01,631,101.4
index,2016-10-01,682,121.1
index,2016-10-01,691,103.1
index,2016-10-01,692,105.6
index,2016-10-01,711,101.2
index,2016-10-01,851,118.5
index,2016-10-01,852,118.5
index,2016-10-01,853,108.3
index,2016-10-01,854,106.6
index,2016-10-01,861,101.8
index,2016-10-01,862,104.7
index,2016-10-01,869,102.8
index,2016-10-01,920,98.2
index,2016-10-01,931,104.9
index,2016-10-01,932,104.7
index,2017-01-01,492,107.3
index,2017-01-01,501,100.1
index,2017-01-01,511,97.6
index,2017-01-01,512,114.7
index,2017-01-01,531,111.1
index,2017-01-01,532,110.1
index,2017-01-01,551,102.7
index,2017-01-01,561,129.4
index,2017-01-01,562,119.5
index,2017-01-01,563,128.6
index,2017-01-01,611,99.2
index,2017-01-01,612,101.1
index,2017-01-01,620,102.2
index,2017-01-01,631,101.4
index,2017-01-01,682,121.2
index,2017-01-01,691,103.1
index,2017-01-01,692,106.1
index,2017-01-01,711,101.2
index,2017-01-01,851,120.7
index,2017-01-01,852,121.2
index,2017-01-01,853,109.6
index,2017-01-01,854,108.4
index,2017-01-01,861,104.0
index,2017-01-01,862,105.7
index,2017-01-01,869,104.6
index,2017-01-01,920,98.0
index,2017-01-01,931,105.4
index,2017-01-01,932,105.4
index,2017-04-01,492,107.3
index,2017-04-01,501,100.1
index,2017-04-01,511,97.4
index,2017-04-01,512,114.7
index,2017-04-01,531,111.1
index,2017-04-01,532,110.5
index,2017-04-01,551,103.0
index,2017-04-01,561,131.2
index,2017-04-01,562,120.0
index,2017-04-01,563,129.6
index,2017-04-01,611,99.2
index,2017-04-01,612,101.1
index,2017-04-01,620,102.3
index,2017-04-01,631,101.4
index,2017-04-01,682,122.7
index,2017-04-01,691,103.1
index,2017-04-01,692,106.1
index,2017-04-01,711,101.7
index,2017-04-01,851,120.7
index,2017-04-01,852,121.2
index,2017-04-01,853,110.2
index,2017-04-01,854,108.4
index,2017-04-01,861,104.1
index,2017-04-01,862,106.2
index,2017-04-01,869,104.7
index,2017-04-01,920,98.5
index,2017-04-01,931,105.7
index,2017-04-01,932,105.7
index,2017-07-01,492,107.4
index,2017-07-01,501,100.1
index,2017-07-01,511,98.5
index,2017-07-01,512,114.7
index,2017-07-01,531,111.1
index,2017-07-01,532,110.5
index,2017-07-01,551,103.0
index,2017-07-01,561,132.3
index,2017-07-01,562,120.4
index,2017-07-01,563,130.6
index,2017-07-01,611,99.2
index,2017-07-01,612,101.1
index,2017-07-01,620,102.5
index,2017-07-01,631,101.4
index,2017-07-01,682,122.9
index,2017-07-01,691,103.1
index,2017-07-01,692,106.1
index,2017-07-01,711,101.7
index,2017-07-01,851,120.7
index,2017-07-01,852,125.7
index,2017-07-01,853,110.3
index,2017-07-01,854,108.4
index,2017-07-01,861,104.2
index,2017-07-01,862,106.4
index,2017-07-01,869,105.0
index,2017-07-01,920,98.0
index,2017-07-01,931,105.7
index,2017-07-01,932,105.8
index,2017-10-01,492,107.6
index,2017-10-01,501,100.1
index,2017-10-01,511,99.1
index,2017-10-01,512,114.7
index,2017-10-01,531,111.1
index,2017-10-01,532,110.5
index,2017-10-01,551,103.3
index,2017-10-01,561,133.5
index,2017-10-01,562,120.6
index,2017-10-01,563,131.5
index,2017-10-01,611,99.2
index,2017-10-01,612,101.1
index,2017-10-01,620,102.6
index,2017-10-01,631,101.4
index,2017-10-01,682,123.0
index,2017-10-01,691,103.9
index,2017-10-01,692,106.2
index,2017-10-01,711,101.8
index,2017-10-01,851,120.7
index,2017-10-01,852,125.7
index,2017-10-01,853,110.3
index,2017-10-01,854,108.4
index,2017-10-01,861,104.2
index,2017-10-01,862,106.5
index,2017-10-01,869,105.4
index,2017-10-01,920,99.1
index,2017-10-01,931,105.8
index,2017-10-01,932,105.9
index,2018-01-01,492,107.3
index,2018-01-01,501,100.2
index,2018-01-01,511,99.0
index,2018-01-01,512,114.5
index,2018-01-01,522,103.4
index,2018-01-01,531,110.9
index,2018-01-01,532,110.5
index,2018-01-01,551,102.7
index,2018-01-01,561,134.9
index,2018-01-01,562,120.7
index,2018-01-01,563,132.8
index,2018-01-01,611,99.0
index,2018-01-01,612,101.0
index,2018-01-01,620,103.1
index,2018-01-01,631,101.0
index,2018-01-01,682,122.9
index,2018-01-01,691,104.2
index,2018-01-01,692,106.6
index,2018-01-01,711,102.3
index,2018-01-01,851,122.3
index,2018-01-01,852,127.3
index,2018-01-01,853,110.8
index,2018-01-01,854,109.8
index,2018-01-01,861,104.7
index,2018-01-01,862,107.0
index,2018-01-01,869,105.8
index,2018-01-01,920,100.2
index,2018-01-01,931,105.5
index,2018-01-01,932,106.3
index,2018-04-01,492,107.3
index,2018-04-01,501,100.2
index,2018-04-01,511,99.4
index,2018-04-01,512,114.5
index,2018-04-01,522,103.5
index,2018-04-01,531,110.9
index,2018-04-01,532,110.5
index,2018-04-01,551,102.6
index,2018-04-01,561,135.6
index,2018-04-01,562,120.7
index,2018-04-01,563,133.4
index,2018-04-01,611,99.0
index,2018-04-01,612,101.0
index,2018-04-01,620,103.1
index,2018-04-01,631,101.0
index,2018-04-01,682,123.2
index,2018-04-01,691,104.2
index,2018-04-01,692,106.6
index,2018-04-01,711,102.4
index,2018-04-01,851,122.3
index,2018-04-01,852,127.3
index,2018-04-01,853,110.6
index,2018-04-01,854,109.8
index,2018-04-01,861,104.7
index,2018-04-01,862,107.2
index,2018-04-01,869,105.8
index,2018-04-01,920,100.2
index,2018-04-01,931,105.6
index,2018-04-01,932,106.7
index,2018-07-01,492,107.4
index,2018-07-01,501,99.9
index,2018-07-01,511,99.2
index,2018-07-01,512,114.5
index,2018-07-01,522,103.5
index,2018-07-01,531,112.0
index,2018-07-01,532,110.7
index,2018-07-01,551,102.7
index,2018-07-01,561,135.8
index,2018-07-01,562,120.6
index,2018-07-01,563,133.4
index,2018-07-01,611,99.0
index,2018-07-01,612,101.0
index,2018-07-01,620,103.2
index,2018-07-01,631,101.0
index,2018-07-01,682,123.6
index,2018-07-01,691,104.2
index,2018-07-01,692,106.6
index,2018-07-01,711,102.4
index,2018-07-01,851,122.3
index,2018-07-01,852,127.3
index,2018-07-01,853,111.5
index,2018-07-01,854,109.8
index,2018-07-01,861,104.9
index,2018-07-01,862,107.4
index,2018-07-01,869,105.9
index,2018-07-01,920,100.7
index,2018-07-01,931,105.5
index,2018-07-01,932,106.6
index,2018-10-01,492,107.4
index,2018-10-01,501,99.8
index,2018-10-01,511,99.3
index,2018-10-01,512,114.5
index,2018-10-01,522,103.5
index,2018-10-01,531,112.0
index,2018-10-01,532,110.4
index,2018-10-01,551,103.0
index,2018-10-01,561,137.5
index,2018-10-01,562,120.8
index,2018-10-01,563,133.9
index,2018-10-01,611,99.0
index,2018-10-01,612,101.0
index,2018-10-01,620,103.1
index,2018-10-01,631,101.0
index,2018-10-01,682,123.8
index,2018-10-01,691,104.2
index,2018-10-01,692,106.6
index,2018-10-01,711,102.4
index,2018-10-01,851,122.3
index,2018-10-01,852,127.3
index,2018-10-01,853,112.0
index,2018-10-01,854,109.8
index,2018-10-01,861,104.9
index,2018-10-01,862,107.4
index,2018-10-01,869,105.9
index,2018-10-01,920,101.2
index,2018-10-01,931,105.5
index,2018-10-01,932,106.5
index,2019-01-01,492,107.5
index,2019-01-01,501,100.5
index,2019-01-01,511,100.1
index,2019-01-01,512,114.5
index,2019-01-01,522,103.5
index,2019-01-01,531,112.4
index,2019-01-01,532,110.7
index,2019-01-01,551,103.1
index,2019-01-01,561,138.9
index,2019-01-01,562,120.9
index,2019-01-01,563,134.4
index,2019-01-01,611,99.0
index,2019-01-01,612,100.9
index,2019-01-01,620,103.2
index,2019-01-01,631,101.0
index,2019-01-01,682,124.0
index,2019-01-01,691,104.2
index,2019-01-01,692,106.7
index,2019-01-01,711,102.4
index,2019-01-01,851,124.8
index,2019-01-01,852,128.8
index,2019-01-01,853,111.2
index,2019-01-01,854,110.9
index,2019-01-01,861,105.0
index,2019-01-01,862,107.5
index,2019-01-01,869,105.9
index,2019-01-01,920,100.8
index,2019-01-01,931,105.4
index,2019-01-01,932,106.6
index,2019-04-01,492,107.5
index,2019-04-01,501,100.2
index,2019-04-01,511,100.5
index,2019-04-01,512,114.5
index,2019-04-01,522,103.5
index,2019-04-01,531,112.0
index,2019-04-01,532,110.7
index,2019-04-01,551,103.1
index,2019-04-01,561,139.5
index,2019-04-01,562,121.0
index,2019-04-01,563,134.8
index,2019-04-01,611,99.0
index,2019-04-01,612,101.1
index,2019-04-01,620,103.2
index,2019-04-01,631,101.0
index,2019-04-01,682,124.2
index,2019-04-01,691,104.2
index,2019-04-01,692,106.7
index,2019-04-01,711,102.4
index,2019-04-01,851,124.8
index,2019-04-01,852,128.8
index,2019-04-01,853,111.3
index,2019-04-01,854,110.9
index,2019-04-01,861,105.0
index,2019-04-01,862,107.5
index,2019-04-01,869,105.9
index,2019-04-01,920,101.4
index,2019-04-01,931,105.5
index,2019-04-01,932,106.8
index,2019-07-01,492,107.5
index,2019-07-01,501,100.2
index,2019-07-01,511,99.2
index,2019-07-01,512,114.5
index,2019-07-01,522,103.5
index,2019-07-01,531,121.0
index,2019-07-01,532,110.8
index,2019-07-01,551,103.0
index,2019-07-01,561,140.0
index,2019-07-01,562,120.9
index,2019-07-01,563,135.3
index,2019-07-01,611,99.0
index,2019-07-01,612,101.1
index,2019-07-01,620,103.3
index,2019-07-01,631,101.0
index,2019-07-01,682,124.2
index,2019-07-01,691,104.2
index,2019-07-01,692,106.7
index,2019-07-01,711,102.5
index,2019-07-01,851,124.8
index,2019-07-01,852,131.8
index,2019-07-01,853,111.3
index,2019-07-01,854,110.9
index,2019-07-01,861,105.1
index,2019-07-01,862,107.5
index,2019-07-01,869,106.0
index,2019-07-01,920,100.1
index,2019-07-01,931,105.6
index,2019-07-01,932,106.9
index,2019-10-01,492,107.5
index,2019-10-01,501,100.4
index,2019-10-01,511,98.8
index,2019-10-01,512,114.5
index,2019-10-01,522,103.5
index,2019-10-01,531,121.0
index,2019-10-01,532,110.8
index,2019-10-01,551,103.0
index,2019-10-01,561,140.6
index,2019-10-01,562,121.1
index,2019-10-01,563,135.7
index,2019-10-01,611,99.0
index,2019-10-01,612,101.1
index,2019-10-01,620,103.3
index,2019-10-01,631,101.0
index,2019-10-01,682,124.2
index,2019-10-01,691,104.1
index,2019-10-01,692,106.7
index,2019-10-01,711,102.5
index,2019-10-01,851,124.8
index,2019-10-01,852,131.8
index,2019-10-01,853,111.3
index,2019-10-01,854,110.9
index,2019-10-01,861,105.1
index,2019-10-01,862,107.5
index,2019-10-01,869,106.0
index,2019-10-01,920,100.0
index,2019-10-01,931,105.5
index,2019-10-01,932,106.8
index,2020-01-01,492,107.5
index,2020-01-01,501,100.8
index,2020-01-01,511,99.4
index,2020-01-01,512,114.5
index,2020-01-01,522,103.5
index,2020-01-01,531,121.0
index,2020-01-01,532,111.2
index,2020-01-01,551,102.9
index,2020-01-01,561,141.2
index,2020-01-01,562,121.3
index,2020-01-01,563,136.2
index,2020-01-01,611,99.0
index,2020-01-01,612,101.1
index,2020-01-01,620,103.3
index,2020-01-01,631,101.0
index,2020-01-01,682,124.8
index,2020-01-01,691,104.1
index,2020-01-01,692,106.7
index,2020-01-01,711,102.5
index,2020-01-01,851,125.0
index,2020-01-01,852,134.9
index,2020-01-01,853,111.3
index,2020-01-01,854,110.9
index,2020-01-01,861,105.3
index,2020-01-01,862,107.6
index,2020-01-01,869,106.1
index,2020-01-01,920,100.0
index,2020-01-01,931,105.5
index,2020-01-01,932,107.0
index,2020-04-01,492,107.5
index,2020-04-01,501,100.8
index,2020-04-01,511,100.4
index,2020-04-01,512,118.4
index,2020-04-01,522,103.6
index,2020-04-01,531,124.8
index,2020-04-01,532,112.8
index,2020-04-01,551,102.7
index,2020-04-01,561,141.6
index,2020-04-01,562,121.4
index,2020-04-01,563,136.4
index,2020-04-01,611,99.0
index,2020-04-01,612,101.0
index,2020-04-01,620,103.4
index,2020-04-01,631,101.0
index,2020-04-01,682,125.0
index,2020-04-01,691,104.1
index,2020-04-01,692,106.7
index,2020-04-01,711,102.4
index,2020-04-01,851,125.0
index,2020-04-01,852,134.9
index,2020-04-01,853,111.7
index,2020-04-01,854,110.9
index,2020-04-01,861,106.7
index,2020-04-01,862,108.5
index,2020-04-01,869,106.4
index,2020-04-01,920,99.9
index,2020-04-01,931,105.7
index,2020-04-01,932,106.8
index,2020-07-01,492,107.7
index,2020-07-01,501,100.8
index,2020-07-01,511,104.5
index,2020-07-01,512,118.6
index,2020-07-01,522,103.6
index,2020-07-01,531,124.8
index,2020-07-01,532,113.9
index,2020-07-01,551,102.7
index,2020-07-01,561,142.6
index,2020-07-01,562,121.4
index,2020-07-01,563,136.7
index,2020-07-01,611,99.0
index,2020-07-01,612,100.9
index,2020-07-01,620,103.4
index,2020-07-01,631,101.0
index,2020-07-01,682,126.3
index,2020-07-01,691,104.1
index,2020-07-01,692,106.7
index,2020-07-01,711,102.4
index,2020-07-01,851,125.0
index,2020-07-01,852,136.3
index,2020-07-01,853,111.8
index,2020-07-01,854,110.9
index,2020-07-01,861,106.7
index,2020-07-01,862,108.8
index,2020-07-01,869,105.8
index,2020-07-01,920,98.5
index,2020-07-01,931,105.8
index,2020-07-01,932,106.7
index,2020-10-01,492,107.7
index,2020-10-01,501,100.8
index,2020-10-01,511,100.5
index,2020-10-01,512,118.6
index,2020-10-01,522,103.6
index,2020-10-01,531,124.8
index,2020-10-01,532,114.2
index,2020-10-01,551,102.7
index,2020-10-01,561,143.2
index,2020-10-01,562,121.3
index,2020-10-01,563,137.0
index,2020-10-01,611,99.0
index,2020-10-01,612,100.9
index,2020-10-01,620,103.4
index,2020-10-01,631,101.0
index,2020-10-01,682,126.1
index,2020-10-01,691,104.1
index,2020-10-01,692,106.7
index,2020-10-01,711,102.4
index,2020-10-01,851,125.0
index,2020-10-01,852,136.3
index,2020-10-01,853,111.7
index,2020-10-01,854,110.9
index,2020-10-01,861,106.7
index,2020-10-01,862,108.8
index,2020-10-01,869,105.7
index,2020-10-01,920,97.3
index,2020-10-01,931,105.9
index,2020-10-01,932,106.5
index,2021-01-01,492,108.8
index,2021-01-01,501,101.8
index,2021-01-01,511,96.8
index,2021-01-01,512,118.6
index,2021-01-01,522,103.5
index,2021-01-01,531,124.8
index,2021-01-01,532,114.5
index,2021-01-01,551,103.1
index,2021-01-01,561,143.7
index,2021-01-01,562,121.4
index,2021-01-01,563,137.2
index,2021-01-01,611,99.0
index,2021-01-01,612,101.0
index,2021-01-01,620,103.4
index,2021-01-01,631,101.0
index,2021-01-01,682,126.6
index,2021-01-01,691,104.1
index,2021-01-01,692,106.7
index,2021-01-01,711,102.5
index,2021-01-01,851,126.9
index,2021-01-01,852,137.0
index,2021-01-01,853,111.9
index,2021-01-01,854,111.6
index,2021-01-01,861,106.9
index,2021-01-01,862,108.9
index,2021-01-01,869,105.8
index,2021-01-01,920,98.5
index,2021-01-01,931,106.7
index,2021-01-01,932,106.8
index,2021-04-01,492,108.8
index,2021-04-01,501,101.8
index,2021-04-01,511,97.3
index,2021-04-01,512,118.6
index,2021-04-01,522,103.5
index,2021-04-01,531,124.8
index,2021-04-01,532,114.6
index,2021-04-01,551,103.1
index,2021-04-01,561,144.3
index,2021-04-01,562,121.4
index,2021-04-01,563,137.4
index,2021-04-01,611,99.0
index,2021-04-01,612,100.9
index,2021-04-01,620,103.4
index,2021-04-01,631,101.0
index,2021-04-01,682,126.6
index,2021-04-01,691,104.1
index,2021-04-01,692,106.7
index,2021-04-01,711,102.5
index,2021-04-01,851,126.9
index,2021-04-01,852,137.0
index,2021-04-01,853,111.9
index,2021-04-01,854,111.6
index,2021-04-01,861,106.9
index,2021-04-01,862,109.0
index,2021-04-01,869,105.7
index,2021-04-01,920,99.8
index,2021-04-01,931,106.7
index,2021-04-01,932,107.3
index,2021-07-01,492,108.8
index,2021-07-01,501,101.8
index,2021-07-01,511,98.3
index,2021-07-01,512,118.6
index,2021-07-01,522,103.6
index,2021-07-01,531,124.8
index,2021-07-01,532,114.7
index,2021-07-01,551,103.2
index,2021-07-01,561,144.6
index,2021-07-01,562,121.4
index,2021-07-01,563,137.5
index,2021-07-01,611,99.0
index,2021-07-01,612,100.9
index,2021-07-01,620,103.6
index,2021-07-01,631,101.0
index,2021-07-01,682,126.6
index,2021-07-01,691,104.1
index,2021-07-01,692,106.7
index,2021-07-01,711,102.5
index,2021-07-01,851,126.9
index,2021-07-01,852,137.4
index,2021-07-01,853,111.8
index,2021-07-01,854,111.6
index,2021-07-01,861,106.9
index,2021-07-01,862,109.0
index,2021-07-01,869,105.6
index,2021-07-01,920,99.5
index,2021-07-01,931,106.8
index,2021-07-01,932,107.9
index,2021-10-01,492,109.0
index,2021-10-01,501,101.9
index,2021-10-01,511,101.3
index,2021-10-01,512,118.6
index,2021-10-01,522,103.6
index,2021-10-01,531,124.8
index,2021-10-01,532,114.8
index,2021-10-01,551,103.2
index,2021-10-01,561,145.8
index,2021-10-01,562,121.4
index,2021-10-01,563,138.1
index,2021-10-01,611,99.0
index,2021-10-01,612,100.9
index,2021-10-01,620,103.5
index,2021-10-01,631,101.0
index,2021-10-01,682,126.9
index,2021-10-01,691,104.3
index,2021-10-01,692,106.7
index,2021-10-01,711,102.5
index,2021-10-01,851,126.9
index,2021-10-01,852,137.4
index,2021-10-01,853,112.0
index,2021-10-01,854,111.6
index,2021-10-01,861,107.0
index,2021-10-01,862,109.2
index,2021-10-01,869,105.6
index,2021-10-01,920,96.9
index,2021-10-01,931,106.9
index,2021-10-01,932,107.9
index,2022-01-01,492,109.2
index,2022-01-01,501,102.2
index,2022-01-01,511,96.7
index,2022-01-01,512,118.6
index,2022-01-01,522,103.6
index,2022-01-01,531,128.6
index,2022-01-01,532,114.9
index,2022-01-01,551,103.2
index,2022-01-01,561,147.4
index,2022-01-01,562,121.5
index,2022-01-01,563,139.3
index,2022-01-01,611,99.0
index,2022-01-01,612,100.9
index,2022-01-01,620,103.6
index,2022-01-01,631,101.0
index,2022-01-01,682,126.9
index,2022-01-01,691,104.3
index,2022-01-01,692,106.9
index,2022-01-01,711,102.6
index,2022-01-01,851,128.8
index,2022-01-01,852,138.4
index,2022-01-01,853,112.3
index,2022-01-01,854,112.2
index,2022-01-01,861,107.1
index,2022-01-01,862,109.3
index,2022-01-01,869,105.7
index,2022-01-01,920,99.7
index,2022-01-01,931,107.0
index,2022-01-01,932,108.4
index,2022-04-01,492,109.8
index,2022-04-01,501,102.6
index,2022-04-01,511,99.2
index,2022-04-01,512,120.9
index,2022-04-01,522,103.6
index,2022-04-01,531,131.6
index,2022-04-01,532,115.4
index,2022-04-01,551,103.7
index,2022-04-01,561,152.1
index,2022-04-01,562,121.7
index,2022-04-01,563,142.8
index,2022-04-01,611,99.0
index,2022-04-01,612,100.9
index,2022-04-01,620,103.6
index,2022-04-01,631,101.0
index,2022-04-01,682,127.0
index,2022-04-01,691,104.3
index,2022-04-01,692,107.4
index,2022-04-01,711,102.7
index,2022-04-01,851,128.8
index,2022-04-01,852,138.4
index,2022-04-01,853,112.7
index,2022-04-01,854,112.2
index,2022-04-01,861,107.1
index,2022-04-01,862,109.5
index,2022-04-01,869,105.7
index,2022-04-01,920,103.2
index,2022-04-01,931,107.1
index,2022-04-01,932,108.7
index,2022-07-01,492,110.0
index,2022-07-01,501,102.7
index,2022-07-01,511,115.8
index,2022-07-01,512,123.0
index,2022-07-01,522,103.6
index,2022-07-01,531,134.0
index,2022-07-01,532,115.6
index,2022-07-01,551,103.8
index,2022-07-01,561,156.7
index,2022-07-01,562,122.4
index,2022-07-01,563,146.6
index,2022-07-01,611,99.0
index,2022-07-01,612,101.0
index,2022-07-01,620,103.2
index,2022-07-01,631,101.0
index,2022-07-01,682,127.0
index,2022-07-01,691,104.3
index,2022-07-01,692,107.5
index,2022-07-01,711,102.9
index,2022-07-01,851,128.8
index,2022-07-01,852,140.5
index,2022-07-01,853,112.9
index,2022-07-01,854,112.2
index,2022-07-01,861,107.2
index,2022-07-01,862,109.6
index,2022-07-01,869,105.7
index,2022-07-01,920,108.5
index,2022-07-01,931,107.4
index,2022-07-01,932,108.8
index,2022-10-01,492,110.1
index,2022-10-01,501,102.7
index,2022-10-01,511,120.4
index,2022-10-01,512,122.1
index,2022-10-01,522,103.6
index,2022-10-01,531,134.0
index,2022-10-01,532,115.8
index,2022-10-01,551,104.3
index,2022-10-01,561,159.7
index,2022-10-01,562,122.7
index,2022-10-01,563,148.3
index,2022-10-01,611,99.0
index,2022-10-01,612,101.0
index,2022-10-01,620,103.2
index,2022-10-01,631,101.2
index,2022-10-01,682,126.9
index,2022-10-01,691,104.6
index,2022-10-01,692,107.5
index,2022-10-01,711,103.0
index,2022-10-01,851,128.8
index,2022-10-01,852,140.5
index,2022-10-01,853,113.0
index,2022-10-01,854,112.2
index,2022-10-01,861,107.2
index,2022-10-01,862,109.7
index,2022-10-01,869,105.7
index,2022-10-01,920,103.0
index,2022-10-01,931,107.8
index,2022-10-01,932,109.5
index,2023-01-01,492,110.3
index,2023-01-01,501,102.7
index,2023-01-01,511,121.5
index,2023-01-01,512,121.4
index,2023-01-01,522,103.6
index,2023-01-01,531,134.0
index,2023-01-01,532,116.1
index,2023-01-01,551,105.2
index,2023-01-01,561,161.8
index,2023-01-01,562,123.1
index,2023-01-01,563,150.6
index,2023-01-01,611,99.0
index,2023-01-01,612,101.0
index,2023-01-01,620,103.1
index,2023-01-01,631,101.2
index,2023-01-01,682,126.9
index,2023-01-01,691,104.6
index,2023-01-01,692,107.9
index,2023-01-01,711,103.1
index,2023-01-01,851,130.2
index,2023-01-01,852,141.0
index,2023-01-01,853,113.5
index,2023-01-01,854,112.4
index,2023-01-01,861,107.3
index,2023-01-01,862,109.9
index,2023-01-01,869,105.9
index,2023-01-01,920,100.7
index,2023-01-01,931,108.2
index,2023-01-01,932,110.5
index,2023-04-01,492,110.5
index,2023-04-01,501,102.7
index,2023-04-01,511,118.5
index,2023-04-01,512,120.6
index,2023-04-01,522,103.6
index,2023-04-01,531,134.0
index,2023-04-01,532,116.1
index,2023-04-01,551,105.5
index,2023-04-01,561,163.1
index,2023-04-01,562,123.2
index,2023-04-01,563,151.9
index,2023-04-01,611,99.0
index,2023-04-01,612,101.0
index,2023-04-01,620,103.1
index,2023-04-01,631,101.2
index,2023-04-01,682,126.9
index,2023-04-01,691,104.6
index,2023-04-01,692,107.9
index,2023-04-01,711,103.2
index,2023-04-01,851,130.2
index,2023-04-01,852,141.0
index,2023-04-01,853,113.8
index,2023-04-01,854,112.4
index,2023-04-01,861,107.3
index,2023-04-01,862,109.9
index,2023-04-01,869,106.0
index,2023-04-01,920,105.4
index,2023-04-01,931,108.6
index,2023-04-01,932,110.6
index,2023-07-01,492,110.8
index,2023-07-01,501,102.8
index,2023-07-01,511,118.0
index,2023-07-01,512,120.2
index,2023-07-01,522,103.6
index,2023-07-01,531,138.8
index,2023-07-01,532,116.3
index,2023-07-01,551,105.5
index,2023-07-01,561,164.9
index,2023-07-01,562,123.4
index,2023-07-01,563,152.9
index,2023-07-01,611,99.0
index,2023-07-01,612,101.0
index,2023-07-01,620,103.1
index,2023-07-01,631,101.2
index,2023-07-01,682,127.2
index,2023-07-01,691,104.6
index,2023-07-01,692,107.9
index,2023-07-01,711,103.2
index,2023-07-01,851,130.2
index,2023-07-01,852,143.2
index,2023-07-01,853,113.9
index,2023-07-01,854,112.4
index,2023-07-01,861,107.4
index,2023-07-01,862,110.0
index,2023-07-01,869,106.0
index,2023-07-01,920,109.1
index,2023-07-01,931,108.6
index,2023-07-01,932,112.6
index,2023-10-01,492,110.9
index,2023-10-01,501,102.8
index,2023-10-01,511,117.2
index,2023-10-01,512,121.3
index,2023-10-01,522,103.6
index,2023-10-01,531,138.8
index,2023-10-01,532,116.3
index,2023-10-01,551,105.6
index,2023-10-01,561,165.7
index,2023-10-01,562,123.5
index,2023-10-01,563,154.3
index,2023-10-01,611,99.0
index,2023-10-01,612,101.0
index,2023-10-01,620,103.1
index,2023-10-01,631,101.3
index,2023-10-01,682,127.6
index,2023-10-01,691,104.7
index,2023-10-01,692,108.0
index,2023-10-01,711,103.3
index,2023-10-01,851,130.2
index,2023-10-01,852,143.2
index,2023-10-01,853,114.0
index,2023-10-01,854,112.4
index,2023-10-01,861,107.4
index,2023-10-01,862,110.0
index,2023-10-01,869,106.0
index,2023-10-01,920,109.4
index,2023-10-01,931,108.9
index,2023-10-01,932,112.5
index,2024-01-01,492,111.0
index,2024-01-01,501,102.8
index,2024-01-01,511,120.5
index,2024-01-01,512,120.8
index,2024-01-01,522,103.6
index,2024-01-01,531,138.8
index,2024-01-01,532,116.5
index,2024-01-01,551,105.9
index,2024-01-01,561,166.4
index,2024-01-01,562,124.7
index,2024-01-01,563,155.6
index,2024-01-01,611,99.0
index,2024-01-01,612,101.0
index,2024-01-01,620,103.1
index,2024-01-01,631,101.4
index,2024-01-01,682,127.7
index,2024-01-01,691,104.7
index,2024-01-01,692,108.1
index,2024-01-01,711,103.4
index,2024-01-01,851,131.5
index,2024-01-01,852,144.1
index,2024-01-01,853,114.1
index,2024-01-01,854,112.8
index,2024-01-01,861,107.5
index,2024-01-01,862,110.1
index,2024-01-01,869,106.1
index,2024-01-01,920,109.6
index,2024-01-01,931,109.1
index,2024-01-01,932,112.8
index,2024-04-01,492,111.1
index,2024-04-01,501,102.8
index,2024-04-01,511,111.5
index,2024-04-01,512,120.8
index,2024-04-01,522,103.6
index,2024-04-01,531,138.8
index,2024-04-01,532,116.7
index,2024-04-01,551,106.2
index,2024-04-01,561,167.4
index,2024-04-01,562,125.2
index,2024-04-01,563,157.4
index,2024-04-01,611,99.0
index,2024-04-01,612,100.8
index,2024-04-01,620,103.2
index,2024-04-01,631,101.4
index,2024-04-01,682,127.9
index,2024-04-01,691,104.7
index,2024-04-01,692,108.1
index,2024-04-01,711,103.5
index,2024-04-01,851,131.5
index,2024-04-01,852,144.1
index,2024-04-01,853,114.6
index,2024-04-01,854,112.8
index,2024-04-01,861,107.6
index,2024-04-01,862,110.3
index,2024-04-01,869,106.3
index,2024-04-01,920,114.9
index,2024-04-01,931,109.5
index,2024-04-01,932,113.1
index,2024-07-01,492,111.2
index,2024-07-01,501,102.8
index,2024-07-01,511,108.5
index,2024-07-01,512,120.6
index,2024-07-01,522,103.6
index,2024-07-01,531,138.8
index,2024-07-01,532,116.7
index,2024-07-01,551,106.3
index,2024-07-01,561,169.1
index,2024-07-01,562,125.3
index,2024-07-01,563,158.6
index,2024-07-01,611,99.0
index,2024-07-01,612,100.8
index,2024-07-01,620,103.2
index,2024-07-01,631,101.5
index,2024-07-01,682,127.3
index,2024-07-01,691,104.7
index,2024-07-01,692,108.3
index,2024-07-01,711,103.6
index,2024-07-01,851,131.5
index,2024-07-01,852,145.6
index,2024-07-01,853,114.6
index,2024-07-01,854,112.8
index,2024-07-01,861,107.6
index,2024-07-01,862,110.3
index,2024-07-01,869,106.4
index,2024-07-01,920,116.0
index,2024-07-01,931,109.6
index,2024-07-01,932,113.6
index,2024-10-01,492,111.4
index,2024-10-01,501,102.9
index,2024-10-01,511,106.1
index,2024-10-01,512,120.2
index,2024-10-01,522,103.6
index,2024-10-01,531,138.8
index,2024-10-01,532,116.8
index,2024-10-01,551,106.5
index,2024-10-01,561,171.4
index,2024-10-01,562,125.7
index,2024-10-01,563,159.3
index,2024-10-01,611,99.0
index,2024-10-01,612,100.8
index,2024-10-01,620,103.2
index,2024-10-01,631,101.5
index,2024-10-01,682,127.3
index,2024-10-01,691,105.1
index,2024-10-01,692,108.4
index,2024-10-01,711,103.6
index,2024-10-01,851,131.5
index,2024-10-01,852,145.6
index,2024-10-01,853,114.7
index,2024-10-01,854,112.8
index,2024-10-01,861,107.9
index,2024-10-01,862,110.4
index,2024-10-01,869,106.5
index,2024-10-01,920,117.1
index,2024-10-01,931,109.9
index,2024-10-01,932,114.6
index,2025-01-01,492,112.1
index,2025-01-01,501,103.1
index,2025-01-01,511,105.5
index,2025-01-01,512,120.6
index,2025-01-01,522,103.6
index,2025-01-01,531,138.8
index,2025-01-01,532,117.9
index,2025-01-01,551,107.2
index,2025-01-01,561,173.1
index,2025-01-01,562,127.1
index,2025-01-01,563,160.5
index,2025-01-01,611,99.0
index,2025-01-01,612,100.9
index,2025-01-01,620,103.1
index,2025-01-01,631,101.5
index,2025-01-01,682,127.8
index,2025-01-01,691,105.1
index,2025-01-01,692,108.9
index,2025-01-01,711,103.7
index,2025-01-01,851,132.7
index,2025-01-01,852,146.8
index,2025-01-01,853,115.4
index,2025-01-01,854,113.3
index,2025-01-01,861,108.2
index,2025-01-01,862,110.7
index,2025-01-01,869,106.8
index,2025-01-01,920,117.9
index,2025-01-01,931,110.4
index,2025-01-01,932,115.2
index,2025-04-01,492,112.3
index,2025-04-01,501,103.1
index,2025-04-01,511,106.2
index,2025-04-01,512,120.6
index,2025-04-01,522,103.6
index,2025-04-01,531,138.8
index,2025-04-01,532,118.2
index,2025-04-01,551,107.4
index,2025-04-01,561,174.4
index,2025-04-01,562,127.3
index,2025-04-01,563,161.7
index,2025-04-01,611,99.0
index,2025-04-01,612,100.8
index,2025-04-01,620,103.2
index,2025-04-01,631,101.6
index,2025-04-01,682,127.8
index,2025-04-01,691,105.1
index,2025-04-01,692,109.0
index,2025-04-01,711,103.9
index,2025-04-01,851,132.7
index,2025-04-01,852,146.8
index,2025-04-01,853,115.9
index,2025-04-01,854,113.3
index,2025-04-01,861,108.5
index,2025-04-01,862,110.8
index,2025-04-01,869,106.8
index,2025-04-01,920,120.7
index,2025-04-01,931,110.8
index,2025-04-01,932,115.3
index,2025-07-01,492,112.4
index,2025-07-01,501,103.1
index,2025-07-01,511,108.9
index,2025-07-01,512,122.3
index,2025-07-01,522,103.6
index,2025-07-01,531,138.8
index,2025-07-01,532,118.2
index,2025-07-01,551,107.5
index,2025-07-01,561,175.8
index,2025-07-01,562,127.5
index,2025-07-01,563,163.3
index,2025-07-01,611,99.0
index,2025-07-01,612,100.7
index,2025-07-01,620,103.1
index,2025-07-01,631,101.6
index,2025-07-01,682,127.9
index,2025-07-01,691,105.1
index,2025-07-01,692,109.1
index,2025-07-01,711,104.0
index,2025-07-01,851,132.7
index,2025-07-01,852,148.9
index,2025-07-01,853,116.3
index,2025-07-01,854,113.3
index,2025-07-01,861,108.6
index,2025-07-01,862,110.9
index,2025-07-01,869,107.0
index,2025-07-01,920,116.1
index,2025-07-01,931,111.1
index,2025-07-01,932,115.4
index,2025-10-01,492,112.6
index,2025-10-01,501,103.1
index,2025-10-01,511,113.6
index,2025-10-01,512,124.6
index,2025-10-01,522,103.6
index,2025-10-01,531,138.8
index,2025-10-01,532,118.5
index,2025-10-01,551,107.6
index,2025-10-01,561,177.4
index,2025-10-01,562,127.9
index,2025-10-01,563,164.0
index,2025-10-01,611,99.0
index,2025-10-01,612,100.6
index,2025-10-01,620,103.1
index,2025-10-01,631,101.6
index,2025-10-01,682,128.1
index,2025-10-01,691,105.2
index,2025-10-01,692,109.1
index,2025-10-01,711,104.3
index,2025-10-01,851,132.7
index,2025-10-01,852,148.9
index,2025-10-01,853,116.5
index,2025-10-01,854,113.3
index,2025-10-01,861,108.7
index,2025-10-01,862,111.1
index,2025-10-01,869,107.0
index,2025-10-01,920,111.5
index,2025-10-01,931,111.3
index,2025-10-01,932,116.0
index,2026-01-01,492,113.9
index,2026-01-01,501,103.5
index,2026-01-01,511,112.2
index,2026-01-01,512,124.9
index,2026-01-01,522,106.2
index,2026-01-01,531,141.5
index,2026-01-01,532,119.5
index,2026-01-01,551,108.9
index,2026-01-01,561,182.1
index,2026-01-01,562,128.7
index,2026-01-01,563,165.5
index,2026-01-01,611,99.2
index,2026-01-01,612,100.9
index,2026-01-01,620,103.9
index,2026-01-01,631,101.6
index,2026-01-01,682,128.6
index,2026-01-01,691,105.5
index,2026-01-01,692,110.2
index,2026-01-01,711,104.4
index,2026-01-01,851,133.9
index,2026-01-01,852,149.3
index,2026-01-01,853,117.1
index,2026-01-01,854,114.6
index,2026-01-01,861,109.6
index,2026-01-01,862,111.6
index,2026-01-01,869,108.0
index,2026-01-01,920,118.4
index,2026-01-01,931,111.8
index,2026-01-01,932,119.1
growth_yoy,2019-01-01,492,0.2
growth_yoy,2019-01-01,501,0.3
growth_yoy,2019-01-01,511,1.1
growth_yoy,2019-01-01,512,0.0
growth_yoy,2019-01-01,522,0.1
growth_yoy,2019-01-01,531,1.4
growth_yoy,2019-01-01,532,0.2
growth_yoy,2019-01-01,551,0.4
growth_yoy,2019-01-01,561,3.0
growth_yoy,2019-01-01,562,0.2
growth_yoy,2019-01-01,563,1.2
growth_yoy,2019-01-01,611,0.0
growth_yoy,2019-01-01,612,-0.1
growth_yoy,2019-01-01,620,0.1
growth_yoy,2019-01-01,631,0.0
growth_yoy,2019-01-01,682,0.9
growth_yoy,2019-01-01,691,0.0
growth_yoy,2019-01-01,692,0.1
growth_yoy,2019-01-01,711,0.1
growth_yoy,2019-01-01,851,2.0
growth_yoy,2019-01-01,852,1.2
growth_yoy,2019-01-01,853,0.4
growth_yoy,2019-01-01,854,1.0
growth_yoy,2019-01-01,861,0.3
growth_yoy,2019-01-01,862,0.5
growth_yoy,2019-01-01,869,0.1
growth_yoy,2019-01-01,920,0.6
growth_yoy,2019-01-01,931,-0.1
growth_yoy,2019-01-01,932,0.3
growth_yoy,2019-04-01,492,0.2
growth_yoy,2019-04-01,501,0.0
growth_yoy,2019-04-01,511,1.1
growth_yoy,2019-04-01,512,0.0
growth_yoy,2019-04-01,522,0.0
growth_yoy,2019-04-01,531,1.0
growth_yoy,2019-04-01,532,0.2
growth_yoy,2019-04-01,551,0.5
growth_yoy,2019-04-01,561,2.9
growth_yoy,2019-04-01,562,0.2
growth_yoy,2019-04-01,563,1.0
growth_yoy,2019-04-01,611,0.0
growth_yoy,2019-04-01,612,0.1
growth_yoy,2019-04-01,620,0.1
growth_yoy,2019-04-01,631,0.0
growth_yoy,2019-04-01,682,0.8
growth_yoy,2019-04-01,691,0.0
growth_yoy,2019-04-01,692,0.1
growth_yoy,2019-04-01,711,0.0
growth_yoy,2019-04-01,851,2.0
growth_yoy,2019-04-01,852,1.2
growth_yoy,2019-04-01,853,0.6
growth_yoy,2019-04-01,854,1.0
growth_yoy,2019-04-01,861,0.3
growth_yoy,2019-04-01,862,0.3
growth_yoy,2019-04-01,869,0.1
growth_yoy,2019-04-01,920,1.2
growth_yoy,2019-04-01,931,-0.1
growth_yoy,2019-04-01,932,0.1
growth_yoy,2019-07-01,492,0.1
growth_yoy,2019-07-01,501,0.3
growth_yoy,2019-07-01,511,0.0
growth_yoy,2019-07-01,512,0.0
growth_yoy,2019-07-01,522,0.0
growth_yoy,2019-07-01,531,8.0
growth_yoy,2019-07-01,532,0.1
growth_yoy,2019-07-01,551,0.3
growth_yoy,2019-07-01,561,3.1
growth_yoy,2019-07-01,562,0.2
growth_yoy,2019-07-01,563,1.4
growth_yoy,2019-07-01,611,0.0
growth_yoy,2019-07-01,612,0.1
growth_yoy,2019-07-01,620,0.1
growth_yoy,2019-07-01,631,0.0
growth_yoy,2019-07-01,682,0.5
growth_yoy,2019-07-01,691,0.0
growth_yoy,2019-07-01,692,0.1
growth_yoy,2019-07-01,711,0.1
growth_yoy,2019-07-01,851,2.0
growth_yoy,2019-07-01,852,3.5
growth_yoy,2019-07-01,853,-0.2
growth_yoy,2019-07-01,854,1.0
growth_yoy,2019-07-01,861,0.2
growth_yoy,2019-07-01,862,0.1
growth_yoy,2019-07-01,869,0.1
growth_yoy,2019-07-01,920,-0.6
growth_yoy,2019-07-01,931,0.1
growth_yoy,2019-07-01,932,0.3
growth_yoy,2019-10-01,492,0.1
growth_yoy,2019-10-01,501,0.6
growth_yoy,2019-10-01,511,-0.5
growth_yoy,2019-10-01,512,0.0
growth_yoy,2019-10-01,522,0.0
growth_yoy,2019-10-01,531,8.0
growth_yoy,2019-10-01,532,0.4
growth_yoy,2019-10-01,551,0.0
growth_yoy,2019-10-01,561,2.3
growth_yoy,2019-10-01,562,0.2
growth_yoy,2019-10-01,563,1.3
growth_yoy,2019-10-01,611,0.0
growth_yoy,2019-10-01,612,0.1
growth_yoy,2019-10-01,620,0.2
growth_yoy,2019-10-01,631,0.0
growth_yoy,2019-10-01,682,0.3
growth_yoy,2019-10-01,691,-0.1
growth_yoy,2019-10-01,692,0.1
growth_yoy,2019-10-01,711,0.1
growth_yoy,2019-10-01,851,2.0
growth_yoy,2019-10-01,852,3.5
growth_yoy,2019-10-01,853,-0.6
growth_yoy,2019-10-01,854,1.0
growth_yoy,2019-10-01,861,0.2
growth_yoy,2019-10-01,862,0.1
growth_yoy,2019-10-01,869,0.1
growth_yoy,2019-10-01,920,-1.2
growth_yoy,2019-10-01,931,0.0
growth_yoy,2019-10-01,932,0.3
growth_yoy,2020-01-01,492,0.0
growth_yoy,2020-01-01,501,0.3
growth_yoy,2020-01-01,511,-0.7
growth_yoy,2020-01-01,512,0.0
growth_yoy,2020-01-01,522,0.0
growth_yoy,2020-01-01,531,7.7
growth_yoy,2020-01-01,532,0.5
growth_yoy,2020-01-01,551,-0.2
growth_yoy,2020-01-01,561,1.7
growth_yoy,2020-01-01,562,0.3
growth_yoy,2020-01-01,563,1.3
growth_yoy,2020-01-01,611,0.0
growth_yoy,2020-01-01,612,0.2
growth_yoy,2020-01-01,620,0.1
growth_yoy,2020-01-01,631,0.0
growth_yoy,2020-01-01,682,0.6
growth_yoy,2020-01-01,691,-0.1
growth_yoy,2020-01-01,692,0.0
growth_yoy,2020-01-01,711,0.1
growth_yoy,2020-01-01,851,0.2
growth_yoy,2020-01-01,852,4.7
growth_yoy,2020-01-01,853,0.1
growth_yoy,2020-01-01,854,0.0
growth_yoy,2020-01-01,861,0.3
growth_yoy,2020-01-01,862,0.1
growth_yoy,2020-01-01,869,0.2
growth_yoy,2020-01-01,920,-0.8
growth_yoy,2020-01-01,931,0.1
growth_yoy,2020-01-01,932,0.4
growth_yoy,2020-04-01,492,0.0
growth_yoy,2020-04-01,501,0.6
growth_yoy,2020-04-01,511,-0.1
growth_yoy,2020-04-01,512,3.4
growth_yoy,2020-04-01,522,0.1
growth_yoy,2020-04-01,531,11.4
growth_yoy,2020-04-01,532,1.9
growth_yoy,2020-04-01,551,-0.4
growth_yoy,2020-04-01,561,1.5
growth_yoy,2020-04-01,562,0.3
growth_yoy,2020-04-01,563,1.2
growth_yoy,2020-04-01,611,0.0
growth_yoy,2020-04-01,612,-0.1
growth_yoy,2020-04-01,620,0.2
growth_yoy,2020-04-01,631,0.0
growth_yoy,2020-04-01,682,0.6
growth_yoy,2020-04-01,691,-0.1
growth_yoy,2020-04-01,692,0.0
growth_yoy,2020-04-01,711,0.0
growth_yoy,2020-04-01,851,0.2
growth_yoy,2020-04-01,852,4.7
growth_yoy,2020-04-01,853,0.4
growth_yoy,2020-04-01,854,0.0
growth_yoy,2020-04-01,861,1.6
growth_yoy,2020-04-01,862,0.9
growth_yoy,2020-04-01,869,0.5
growth_yoy,2020-04-01,920,-1.5
growth_yoy,2020-04-01,931,0.2
growth_yoy,2020-04-01,932,0.0
growth_yoy,2020-07-01,492,0.2
growth_yoy,2020-07-01,501,0.6
growth_yoy,2020-07-01,511,5.3
growth_yoy,2020-07-01,512,3.6
growth_yoy,2020-07-01,522,0.1
growth_yoy,2020-07-01,531,3.1
growth_yoy,2020-07-01,532,2.8
growth_yoy,2020-07-01,551,-0.3
growth_yoy,2020-07-01,561,1.9
growth_yoy,2020-07-01,562,0.4
growth_yoy,2020-07-01,563,1.0
growth_yoy,2020-07-01,611,0.0
growth_yoy,2020-07-01,612,-0.2
growth_yoy,2020-07-01,620,0.1
growth_yoy,2020-07-01,631,0.0
growth_yoy,2020-07-01,682,1.7
growth_yoy,2020-07-01,691,-0.1
growth_yoy,2020-07-01,692,0.0
growth_yoy,2020-07-01,711,-0.1
growth_yoy,2020-07-01,851,0.2
growth_yoy,2020-07-01,852,3.4
growth_yoy,2020-07-01,853,0.4
growth_yoy,2020-07-01,854,0.0
growth_yoy,2020-07-01,861,1.5
growth_yoy,2020-07-01,862,1.2
growth_yoy,2020-07-01,869,-0.2
growth_yoy,2020-07-01,920,-1.6
growth_yoy,2020-07-01,931,0.2
growth_yoy,2020-07-01,932,-0.2
growth_yoy,2020-10-01,492,0.2
growth_yoy,2020-10-01,501,0.4
growth_yoy,2020-10-01,511,1.7
growth_yoy,2020-10-01,512,3.6
growth_yoy,2020-10-01,522,0.1
growth_yoy,2020-10-01,531,3.1
growth_yoy,2020-10-01,532,3.1
growth_yoy,2020-10-01,551,-0.3
growth_yoy,2020-10-01,561,1.8
growth_yoy,2020-10-01,562,0.2
growth_yoy,2020-10-01,563,1.0
growth_yoy,2020-10-01,611,0.0
growth_yoy,2020-10-01,612,-0.2
growth_yoy,2020-10-01,620,0.1
growth_yoy,2020-10-01,631,0.0
growth_yoy,2020-10-01,682,1.5
growth_yoy,2020-10-01,691,0.0
growth_yoy,2020-10-01,692,0.0
growth_yoy,2020-10-01,711,-0.1
growth_yoy,2020-10-01,851,0.2
growth_yoy,2020-10-01,852,3.4
growth_yoy,2020-10-01,853,0.4
growth_yoy,2020-10-01,854,0.0
growth_yoy,2020-10-01,861,1.5
growth_yoy,2020-10-01,862,1.2
growth_yoy,2020-10-01,869,-0.3
growth_yoy,2020-10-01,920,-2.7
growth_yoy,2020-10-01,931,0.4
growth_yoy,2020-10-01,932,-0.3
growth_yoy,2021-01-01,492,1.2
growth_yoy,2021-01-01,501,1.0
growth_yoy,2021-01-01,511,-2.6
growth_yoy,2021-01-01,512,3.6
growth_yoy,2021-01-01,522,0.0
growth_yoy,2021-01-01,531,3.1
growth_yoy,2021-01-01,532,3.0
growth_yoy,2021-01-01,551,0.2
growth_yoy,2021-01-01,561,1.8
growth_yoy,2021-01-01,562,0.1
growth_yoy,2021-01-01,563,0.7
growth_yoy,2021-01-01,611,0.0
growth_yoy,2021-01-01,612,-0.1
growth_yoy,2021-01-01,620,0.1
growth_yoy,2021-01-01,631,0.0
growth_yoy,2021-01-01,682,1.4
growth_yoy,2021-01-01,691,0.0
growth_yoy,2021-01-01,692,0.0
growth_yoy,2021-01-01,711,0.0
growth_yoy,2021-01-01,851,1.5
growth_yoy,2021-01-01,852,1.6
growth_yoy,2021-01-01,853,0.5
growth_yoy,2021-01-01,854,0.6
growth_yoy,2021-01-01,861,1.5
growth_yoy,2021-01-01,862,1.2
growth_yoy,2021-01-01,869,-0.3
growth_yoy,2021-01-01,920,-1.5
growth_yoy,2021-01-01,931,1.1
growth_yoy,2021-01-01,932,-0.2
growth_yoy,2021-04-01,492,1.2
growth_yoy,2021-04-01,501,1.0
growth_yoy,2021-04-01,511,-3.1
growth_yoy,2021-04-01,512,0.2
growth_yoy,2021-04-01,522,-0.1
growth_yoy,2021-04-01,531,0.0
growth_yoy,2021-04-01,532,1.6
growth_yoy,2021-04-01,551,0.4
growth_yoy,2021-04-01,561,1.9
growth_yoy,2021-04-01,562,0.0
growth_yoy,2021-04-01,563,0.7
growth_yoy,2021-04-01,611,0.0
growth_yoy,2021-04-01,612,-0.1
growth_yoy,2021-04-01,620,0.0
growth_yoy,2021-04-01,631,0.0
growth_yoy,2021-04-01,682,1.3
growth_yoy,2021-04-01,691,0.0
growth_yoy,2021-04-01,692,0.0
growth_yoy,2021-04-01,711,0.1
growth_yoy,2021-04-01,851,1.5
growth_yoy,2021-04-01,852,1.6
growth_yoy,2021-04-01,853,0.2
growth_yoy,2021-04-01,854,0.6
growth_yoy,2021-04-01,861,0.2
growth_yoy,2021-04-01,862,0.5
growth_yoy,2021-04-01,869,-0.7
growth_yoy,2021-04-01,920,-0.1
growth_yoy,2021-04-01,931,0.9
growth_yoy,2021-04-01,932,0.5
growth_yoy,2021-07-01,492,1.0
growth_yoy,2021-07-01,501,1.0
growth_yoy,2021-07-01,511,-5.9
growth_yoy,2021-07-01,512,0.0
growth_yoy,2021-07-01,522,0.0
growth_yoy,2021-07-01,531,0.0
growth_yoy,2021-07-01,532,0.7
growth_yoy,2021-07-01,551,0.5
growth_yoy,2021-07-01,561,1.4
growth_yoy,2021-07-01,562,0.0
growth_yoy,2021-07-01,563,0.6
growth_yoy,2021-07-01,611,0.0
growth_yoy,2021-07-01,612,0.0
growth_yoy,2021-07-01,620,0.2
growth_yoy,2021-07-01,631,0.0
growth_yoy,2021-07-01,682,0.2
growth_yoy,2021-07-01,691,0.0
growth_yoy,2021-07-01,692,0.0
growth_yoy,2021-07-01,711,0.1
growth_yoy,2021-07-01,851,1.5
growth_yoy,2021-07-01,852,0.8
growth_yoy,2021-07-01,853,0.0
growth_yoy,2021-07-01,854,0.6
growth_yoy,2021-07-01,861,0.2
growth_yoy,2021-07-01,862,0.2
growth_yoy,2021-07-01,869,-0.2
growth_yoy,2021-07-01,920,1.0
growth_yoy,2021-07-01,931,0.9
growth_yoy,2021-07-01,932,1.1
growth_yoy,2021-10-01,492,1.2
growth_yoy,2021-10-01,501,1.1
growth_yoy,2021-10-01,511,0.8
growth_yoy,2021-10-01,512,0.0
growth_yoy,2021-10-01,522,0.0
growth_yoy,2021-10-01,531,0.0
growth_yoy,2021-10-01,532,0.5
growth_yoy,2021-10-01,551,0.5
growth_yoy,2021-10-01,561,1.8
growth_yoy,2021-10-01,562,0.1
growth_yoy,2021-10-01,563,0.8
growth_yoy,2021-10-01,611,0.0
growth_yoy,2021-10-01,612,0.0
growth_yoy,2021-10-01,620,0.1
growth_yoy,2021-10-01,631,0.0
growth_yoy,2021-10-01,682,0.6
growth_yoy,2021-10-01,691,0.2
growth_yoy,2021-10-01,692,0.0
growth_yoy,2021-10-01,711,0.1
growth_yoy,2021-10-01,851,1.5
growth_yoy,2021-10-01,852,0.8
growth_yoy,2021-10-01,853,0.3
growth_yoy,2021-10-01,854,0.6
growth_yoy,2021-10-01,861,0.3
growth_yoy,2021-10-01,862,0.4
growth_yoy,2021-10-01,869,-0.1
growth_yoy,2021-10-01,920,-0.4
growth_yoy,2021-10-01,931,0.9
growth_yoy,2021-10-01,932,1.3
growth_yoy,2022-01-01,492,0.4
growth_yoy,2022-01-01,501,0.4
growth_yoy,2022-01-01,511,-0.1
growth_yoy,2022-01-01,512,0.0
growth_yoy,2022-01-01,522,0.1
growth_yoy,2022-01-01,531,3.0
growth_yoy,2022-01-01,532,0.3
growth_yoy,2022-01-01,551,0.1
growth_yoy,2022-01-01,561,2.6
growth_yoy,2022-01-01,562,0.1
growth_yoy,2022-01-01,563,1.5
growth_yoy,2022-01-01,611,0.0
growth_yoy,2022-01-01,612,-0.1
growth_yoy,2022-01-01,620,0.2
growth_yoy,2022-01-01,631,0.0
growth_yoy,2022-01-01,682,0.2
growth_yoy,2022-01-01,691,0.2
growth_yoy,2022-01-01,692,0.2
growth_yoy,2022-01-01,711,0.1
growth_yoy,2022-01-01,851,1.5
growth_yoy,2022-01-01,852,1.0
growth_yoy,2022-01-01,853,0.4
growth_yoy,2022-01-01,854,0.5
growth_yoy,2022-01-01,861,0.2
growth_yoy,2022-01-01,862,0.4
growth_yoy,2022-01-01,869,-0.1
growth_yoy,2022-01-01,920,1.2
growth_yoy,2022-01-01,931,0.3
growth_yoy,2022-01-01,932,1.5
growth_yoy,2022-04-01,492,0.9
growth_yoy,2022-04-01,501,0.8
growth_yoy,2022-04-01,511,2.0
growth_yoy,2022-04-01,512,1.9
growth_yoy,2022-04-01,522,0.1
growth_yoy,2022-04-01,531,5.4
growth_yoy,2022-04-01,532,0.7
growth_yoy,2022-04-01,551,0.6
growth_yoy,2022-04-01,561,5.4
growth_yoy,2022-04-01,562,0.2
growth_yoy,2022-04-01,563,3.9
growth_yoy,2022-04-01,611,0.0
growth_yoy,2022-04-01,612,0.0
growth_yoy,2022-04-01,620,0.2
growth_yoy,2022-04-01,631,0.0
growth_yoy,2022-04-01,682,0.3
growth_yoy,2022-04-01,691,0.2
growth_yoy,2022-04-01,692,0.7
growth_yoy,2022-04-01,711,0.2
growth_yoy,2022-04-01,851,1.5
growth_yoy,2022-04-01,852,1.0
growth_yoy,2022-04-01,853,0.7
growth_yoy,2022-04-01,854,0.5
growth_yoy,2022-04-01,861,0.2
growth_yoy,2022-04-01,862,0.5
growth_yoy,2022-04-01,869,0.0
growth_yoy,2022-04-01,920,3.4
growth_yoy,2022-04-01,931,0.4
growth_yoy,2022-04-01,932,1.3
growth_yoy,2022-07-01,492,1.1
growth_yoy,2022-07-01,501,0.9
growth_yoy,2022-07-01,511,17.8
growth_yoy,2022-07-01,512,3.7
growth_yoy,2022-07-01,522,0.0
growth_yoy,2022-07-01,531,7.4
growth_yoy,2022-07-01,532,0.8
growth_yoy,2022-07-01,551,0.6
growth_yoy,2022-07-01,561,8.4
growth_yoy,2022-07-01,562,0.8
growth_yoy,2022-07-01,563,6.6
growth_yoy,2022-07-01,611,0.0
growth_yoy,2022-07-01,612,0.1
growth_yoy,2022-07-01,620,-0.4
growth_yoy,2022-07-01,631,0.0
growth_yoy,2022-07-01,682,0.3
growth_yoy,2022-07-01,691,0.2
growth_yoy,2022-07-01,692,0.7
growth_yoy,2022-07-01,711,0.4
growth_yoy,2022-07-01,851,1.5
growth_yoy,2022-07-01,852,2.3
growth_yoy,2022-07-01,853,1.0
growth_yoy,2022-07-01,854,0.5
growth_yoy,2022-07-01,861,0.3
growth_yoy,2022-07-01,862,0.6
growth_yoy,2022-07-01,869,0.1
growth_yoy,2022-07-01,920,9.0
growth_yoy,2022-07-01,931,0.6
growth_yoy,2022-07-01,932,0.8
growth_yoy,2022-10-01,492,1.0
growth_yoy,2022-10-01,501,0.8
growth_yoy,2022-10-01,511,18.9
growth_yoy,2022-10-01,512,3.0
growth_yoy,2022-10-01,522,0.0
growth_yoy,2022-10-01,531,7.4
growth_yoy,2022-10-01,532,0.9
growth_yoy,2022-10-01,551,1.1
growth_yoy,2022-10-01,561,9.5
growth_yoy,2022-10-01,562,1.1
growth_yoy,2022-10-01,563,7.4
growth_yoy,2022-10-01,611,0.0
growth_yoy,2022-10-01,612,0.1
growth_yoy,2022-10-01,620,-0.3
growth_yoy,2022-10-01,631,0.2
growth_yoy,2022-10-01,682,0.0
growth_yoy,2022-10-01,691,0.3
growth_yoy,2022-10-01,692,0.7
growth_yoy,2022-10-01,711,0.5
growth_yoy,2022-10-01,851,1.5
growth_yoy,2022-10-01,852,2.3
growth_yoy,2022-10-01,853,0.9
growth_yoy,2022-10-01,854,0.5
growth_yoy,2022-10-01,861,0.2
growth_yoy,2022-10-01,862,0.5
growth_yoy,2022-10-01,869,0.1
growth_yoy,2022-10-01,920,6.3
growth_yoy,2022-10-01,931,0.8
growth_yoy,2022-10-01,932,1.5
growth_yoy,2023-01-01,492,1.0
growth_yoy,2023-01-01,501,0.5
growth_yoy,2023-01-01,511,25.6
growth_yoy,2023-01-01,512,2.4
growth_yoy,2023-01-01,522,0.0
growth_yoy,2023-01-01,531,4.2
growth_yoy,2023-01-01,532,1.0
growth_yoy,2023-01-01,551,1.9
growth_yoy,2023-01-01,561,9.8
growth_yoy,2023-01-01,562,1.3
growth_yoy,2023-01-01,563,8.1
growth_yoy,2023-01-01,611,0.0
growth_yoy,2023-01-01,612,0.1
growth_yoy,2023-01-01,620,-0.5
growth_yoy,2023-01-01,631,0.2
growth_yoy,2023-01-01,682,0.0
growth_yoy,2023-01-01,691,0.3
growth_yoy,2023-01-01,692,0.9
growth_yoy,2023-01-01,711,0.5
growth_yoy,2023-01-01,851,1.1
growth_yoy,2023-01-01,852,1.9
growth_yoy,2023-01-01,853,1.1
growth_yoy,2023-01-01,854,0.2
growth_yoy,2023-01-01,861,0.2
growth_yoy,2023-01-01,862,0.5
growth_yoy,2023-01-01,869,0.2
growth_yoy,2023-01-01,920,1.0
growth_yoy,2023-01-01,931,1.1
growth_yoy,2023-01-01,932,1.9
growth_yoy,2023-04-01,492,0.6
growth_yoy,2023-04-01,501,0.1
growth_yoy,2023-04-01,511,19.5
growth_yoy,2023-04-01,512,-0.2
growth_yoy,2023-04-01,522,0.0
growth_yoy,2023-04-01,531,1.8
growth_yoy,2023-04-01,532,0.6
growth_yoy,2023-04-01,551,1.7
growth_yoy,2023-04-01,561,7.2
growth_yoy,2023-04-01,562,1.2
growth_yoy,2023-04-01,563,6.4
growth_yoy,2023-04-01,611,0.0
growth_yoy,2023-04-01,612,0.1
growth_yoy,2023-04-01,620,-0.5
growth_yoy,2023-04-01,631,0.2
growth_yoy,2023-04-01,682,-0.1
growth_yoy,2023-04-01,691,0.3
growth_yoy,2023-04-01,692,0.5
growth_yoy,2023-04-01,711,0.5
growth_yoy,2023-04-01,851,1.1
growth_yoy,2023-04-01,852,1.9
growth_yoy,2023-04-01,853,1.0
growth_yoy,2023-04-01,854,0.2
growth_yoy,2023-04-01,861,0.2
growth_yoy,2023-04-01,862,0.4
growth_yoy,2023-04-01,869,0.3
growth_yoy,2023-04-01,920,2.1
growth_yoy,2023-04-01,931,1.4
growth_yoy,2023-04-01,932,1.7
growth_yoy,2023-07-01,492,0.7
growth_yoy,2023-07-01,501,0.1
growth_yoy,2023-07-01,511,1.9
growth_yoy,2023-07-01,512,-2.3
growth_yoy,2023-07-01,522,0.0
growth_yoy,2023-07-01,531,3.6
growth_yoy,2023-07-01,532,0.6
growth_yoy,2023-07-01,551,1.6
growth_yoy,2023-07-01,561,5.2
growth_yoy,2023-07-01,562,0.8
growth_yoy,2023-07-01,563,4.3
growth_yoy,2023-07-01,611,0.0
growth_yoy,2023-07-01,612,0.0
growth_yoy,2023-07-01,620,-0.1
growth_yoy,2023-07-01,631,0.2
growth_yoy,2023-07-01,682,0.2
growth_yoy,2023-07-01,691,0.3
growth_yoy,2023-07-01,692,0.4
growth_yoy,2023-07-01,711,0.3
growth_yoy,2023-07-01,851,1.1
growth_yoy,2023-07-01,852,1.9
growth_yoy,2023-07-01,853,0.9
growth_yoy,2023-07-01,854,0.2
growth_yoy,2023-07-01,861,0.2
growth_yoy,2023-07-01,862,0.4
growth_yoy,2023-07-01,869,0.3
growth_yoy,2023-07-01,920,0.6
growth_yoy,2023-07-01,931,1.1
growth_yoy,2023-07-01,932,3.5
growth_yoy,2023-10-01,492,0.7
growth_yoy,2023-10-01,501,0.1
growth_yoy,2023-10-01,511,-2.7
growth_yoy,2023-10-01,512,-0.7
growth_yoy,2023-10-01,522,0.0
growth_yoy,2023-10-01,531,3.6
growth_yoy,2023-10-01,532,0.4
growth_yoy,2023-10-01,551,1.2
growth_yoy,2023-10-01,561,3.8
growth_yoy,2023-10-01,562,0.7
growth_yoy,2023-10-01,563,4.0
growth_yoy,2023-10-01,611,0.0
growth_yoy,2023-10-01,612,0.0
growth_yoy,2023-10-01,620,-0.1
growth_yoy,2023-10-01,631,0.1
growth_yoy,2023-10-01,682,0.6
growth_yoy,2023-10-01,691,0.1
growth_yoy,2023-10-01,692,0.5
growth_yoy,2023-10-01,711,0.3
growth_yoy,2023-10-01,851,1.1
growth_yoy,2023-10-01,852,1.9
growth_yoy,2023-10-01,853,0.9
growth_yoy,2023-10-01,854,0.2
growth_yoy,2023-10-01,861,0.2
growth_yoy,2023-10-01,862,0.3
growth_yoy,2023-10-01,869,0.3
growth_yoy,2023-10-01,920,6.2
growth_yoy,2023-10-01,931,1.0
growth_yoy,2023-10-01,932,2.7
growth_yoy,2024-01-01,492,0.6
growth_yoy,2024-01-01,501,0.1
growth_yoy,2024-01-01,511,-0.8
growth_yoy,2024-01-01,512,-0.5
growth_yoy,2024-01-01,522,0.0
growth_yoy,2024-01-01,531,3.6
growth_yoy,2024-01-01,532,0.3
growth_yoy,2024-01-01,551,0.7
growth_yoy,2024-01-01,561,2.8
growth_yoy,2024-01-01,562,1.3
growth_yoy,2024-01-01,563,3.3
growth_yoy,2024-01-01,611,0.0
growth_yoy,2024-01-01,612,0.0
growth_yoy,2024-01-01,620,0.0
growth_yoy,2024-01-01,631,0.2
growth_yoy,2024-01-01,682,0.6
growth_yoy,2024-01-01,691,0.1
growth_yoy,2024-01-01,692,0.2
growth_yoy,2024-01-01,711,0.3
growth_yoy,2024-01-01,851,1.0
growth_yoy,2024-01-01,852,2.2
growth_yoy,2024-01-01,853,0.5
growth_yoy,2024-01-01,854,0.4
growth_yoy,2024-01-01,861,0.2
growth_yoy,2024-01-01,862,0.2
growth_yoy,2024-01-01,869,0.2
growth_yoy,2024-01-01,920,8.8
growth_yoy,2024-01-01,931,0.8
growth_yoy,2024-01-01,932,2.1
growth_yoy,2024-04-01,492,0.5
growth_yoy,2024-04-01,501,0.1
growth_yoy,2024-04-01,511,-5.9
growth_yoy,2024-04-01,512,0.2
growth_yoy,2024-04-01,522,0.0
growth_yoy,2024-04-01,531,3.6
growth_yoy,2024-04-01,532,0.5
growth_yoy,2024-04-01,551,0.7
growth_yoy,2024-04-01,561,2.6
growth_yoy,2024-04-01,562,1.6
growth_yoy,2024-04-01,563,3.6
growth_yoy,2024-04-01,611,0.0
growth_yoy,2024-04-01,612,-0.2
growth_yoy,2024-04-01,620,0.1
growth_yoy,2024-04-01,631,0.2
growth_yoy,2024-04-01,682,0.8
growth_yoy,2024-04-01,691,0.1
growth_yoy,2024-04-01,692,0.2
growth_yoy,2024-04-01,711,0.3
growth_yoy,2024-04-01,851,1.0
growth_yoy,2024-04-01,852,2.2
growth_yoy,2024-04-01,853,0.7
growth_yoy,2024-04-01,854,0.4
growth_yoy,2024-04-01,861,0.3
growth_yoy,2024-04-01,862,0.4
growth_yoy,2024-04-01,869,0.3
growth_yoy,2024-04-01,920,9.0
growth_yoy,2024-04-01,931,0.8
growth_yoy,2024-04-01,932,2.3
growth_yoy,2024-07-01,492,0.4
growth_yoy,2024-07-01,501,0.0
growth_yoy,2024-07-01,511,-8.1
growth_yoy,2024-07-01,512,0.3
growth_yoy,2024-07-01,522,0.0
growth_yoy,2024-07-01,531,0.0
growth_yoy,2024-07-01,532,0.3
growth_yoy,2024-07-01,551,0.8
growth_yoy,2024-07-01,561,2.5
growth_yoy,2024-07-01,562,1.5
growth_yoy,2024-07-01,563,3.7
growth_yoy,2024-07-01,611,0.0
growth_yoy,2024-07-01,612,-0.2
growth_yoy,2024-07-01,620,0.1
growth_yoy,2024-07-01,631,0.3
growth_yoy,2024-07-01,682,0.1
growth_yoy,2024-07-01,691,0.1
growth_yoy,2024-07-01,692,0.4
growth_yoy,2024-07-01,711,0.4
growth_yoy,2024-07-01,851,1.0
growth_yoy,2024-07-01,852,1.7
growth_yoy,2024-07-01,853,0.6
growth_yoy,2024-07-01,854,0.4
growth_yoy,2024-07-01,861,0.2
growth_yoy,2024-07-01,862,0.3
growth_yoy,2024-07-01,869,0.4
growth_yoy,2024-07-01,920,6.3
growth_yoy,2024-07-01,931,0.9
growth_yoy,2024-07-01,932,0.9
growth_yoy,2024-10-01,492,0.5
growth_yoy,2024-10-01,501,0.1
growth_yoy,2024-10-01,511,-9.5
growth_yoy,2024-10-01,512,-0.9
growth_yoy,2024-10-01,522,0.0
growth_yoy,2024-10-01,531,0.0
growth_yoy,2024-10-01,532,0.4
growth_yoy,2024-10-01,551,0.9
growth_yoy,2024-10-01,561,3.4
growth_yoy,2024-10-01,562,1.8
growth_yoy,2024-10-01,563,3.2
growth_yoy,2024-10-01,611,0.0
growth_yoy,2024-10-01,612,-0.2
growth_yoy,2024-10-01,620,0.1
growth_yoy,2024-10-01,631,0.2
growth_yoy,2024-10-01,682,-0.2
growth_yoy,2024-10-01,691,0.4
growth_yoy,2024-10-01,692,0.4
growth_yoy,2024-10-01,711,0.3
growth_yoy,2024-10-01,851,1.0
growth_yoy,2024-10-01,852,1.7
growth_yoy,2024-10-01,853,0.6
growth_yoy,2024-10-01,854,0.4
growth_yoy,2024-10-01,861,0.5
growth_yoy,2024-10-01,862,0.4
growth_yoy,2024-10-01,869,0.5
growth_yoy,2024-10-01,920,7.0
growth_yoy,2024-10-01,931,0.9
growth_yoy,2024-10-01,932,1.9
growth_yoy,2025-01-01,492,1.0
growth_yoy,2025-01-01,501,0.3
growth_yoy,2025-01-01,511,-12.4
growth_yoy,2025-01-01,512,-0.2
growth_yoy,2025-01-01,522,0.0
growth_yoy,2025-01-01,531,0.0
growth_yoy,2025-01-01,532,1.2
growth_yoy,2025-01-01,551,1.2
growth_yoy,2025-01-01,561,4.0
growth_yoy,2025-01-01,562,1.9
growth_yoy,2025-01-01,563,3.1
growth_yoy,2025-01-01,611,0.0
growth_yoy,2025-01-01,612,-0.1
growth_yoy,2025-01-01,620,0.0
growth_yoy,2025-01-01,631,0.1
growth_yoy,2025-01-01,682,0.1
growth_yoy,2025-01-01,691,0.4
growth_yoy,2025-01-01,692,0.7
growth_yoy,2025-01-01,711,0.3
growth_yoy,2025-01-01,851,0.9
growth_yoy,2025-01-01,852,1.9
growth_yoy,2025-01-01,853,1.1
growth_yoy,2025-01-01,854,0.4
growth_yoy,2025-01-01,861,0.7
growth_yoy,2025-01-01,862,0.5
growth_yoy,2025-01-01,869,0.7
growth_yoy,2025-01-01,920,7.6
growth_yoy,2025-01-01,931,1.2
growth_yoy,2025-01-01,932,2.1
growth_yoy,2025-04-01,492,1.1
growth_yoy,2025-04-01,501,0.3
growth_yoy,2025-04-01,511,-4.8
growth_yoy,2025-04-01,512,-0.2
growth_yoy,2025-04-01,522,0.0
growth_yoy,2025-04-01,531,0.0
growth_yoy,2025-04-01,532,1.3
growth_yoy,2025-04-01,551,1.1
growth_yoy,2025-04-01,561,4.2
growth_yoy,2025-04-01,562,1.7
growth_yoy,2025-04-01,563,2.7
growth_yoy,2025-04-01,611,0.0
growth_yoy,2025-04-01,612,0.0
growth_yoy,2025-04-01,620,0.0
growth_yoy,2025-04-01,631,0.2
growth_yoy,2025-04-01,682,-0.1
growth_yoy,2025-04-01,691,0.4
growth_yoy,2025-04-01,692,0.8
growth_yoy,2025-04-01,711,0.4
growth_yoy,2025-04-01,851,0.9
growth_yoy,2025-04-01,852,1.9
growth_yoy,2025-04-01,853,1.1
growth_yoy,2025-04-01,854,0.4
growth_yoy,2025-04-01,861,0.8
growth_yoy,2025-04-01,862,0.5
growth_yoy,2025-04-01,869,0.5
growth_yoy,2025-04-01,920,5.0
growth_yoy,2025-04-01,931,1.2
growth_yoy,2025-04-01,932,1.9
growth_yoy,2025-07-01,492,1.1
growth_yoy,2025-07-01,501,0.3
growth_yoy,2025-07-01,511,0.4
growth_yoy,2025-07-01,512,1.4
growth_yoy,2025-07-01,522,0.0
growth_yoy,2025-07-01,531,0.0
growth_yoy,2025-07-01,532,1.3
growth_yoy,2025-07-01,551,1.1
growth_yoy,2025-07-01,561,4.0
growth_yoy,2025-07-01,562,1.8
growth_yoy,2025-07-01,563,3.0
growth_yoy,2025-07-01,611,0.0
growth_yoy,2025-07-01,612,-0.1
growth_yoy,2025-07-01,620,-0.1
growth_yoy,2025-07-01,631,0.1
growth_yoy,2025-07-01,682,0.5
growth_yoy,2025-07-01,691,0.4
growth_yoy,2025-07-01,692,0.7
growth_yoy,2025-07-01,711,0.4
growth_yoy,2025-07-01,851,0.9
growth_yoy,2025-07-01,852,2.3
growth_yoy,2025-07-01,853,1.5
growth_yoy,2025-07-01,854,0.4
growth_yoy,2025-07-01,861,0.9
growth_yoy,2025-07-01,862,0.5
growth_yoy,2025-07-01,869,0.6
growth_yoy,2025-07-01,920,0.1
growth_yoy,2025-07-01,931,1.4
growth_yoy,2025-07-01,932,1.6
growth_yoy,2025-10-01,492,1.1
growth_yoy,2025-10-01,501,0.2
growth_yoy,2025-10-01,511,7.1
growth_yoy,2025-10-01,512,3.7
growth_yoy,2025-10-01,522,0.0
growth_yoy,2025-10-01,531,0.0
growth_yoy,2025-10-01,532,1.5
growth_yoy,2025-10-01,551,1.0
growth_yoy,2025-10-01,561,3.5
growth_yoy,2025-10-01,562,1.8
growth_yoy,2025-10-01,563,3.0
growth_yoy,2025-10-01,611,0.0
growth_yoy,2025-10-01,612,-0.2
growth_yoy,2025-10-01,620,-0.1
growth_yoy,2025-10-01,631,0.1
growth_yoy,2025-10-01,682,0.6
growth_yoy,2025-10-01,691,0.1
growth_yoy,2025-10-01,692,0.6
growth_yoy,2025-10-01,711,0.7
growth_yoy,2025-10-01,851,0.9
growth_yoy,2025-10-01,852,2.3
growth_yoy,2025-10-01,853,1.6
growth_yoy,2025-10-01,854,0.4
growth_yoy,2025-10-01,861,0.7
growth_yoy,2025-10-01,862,0.6
growth_yoy,2025-10-01,869,0.5
growth_yoy,2025-10-01,920,-4.8
growth_yoy,2025-10-01,931,1.3
growth_yoy,2025-10-01,932,1.2
growth_yoy,2026-01-01,492,1.6
growth_yoy,2026-01-01,501,0.4
growth_yoy,2026-01-01,511,6.4
growth_yoy,2026-01-01,512,3.6
growth_yoy,2026-01-01,522,2.5
growth_yoy,2026-01-01,531,1.9
growth_yoy,2026-01-01,532,1.4
growth_yoy,2026-01-01,551,1.6
growth_yoy,2026-01-01,561,5.2
growth_yoy,2026-01-01,562,1.3
growth_yoy,2026-01-01,563,3.1
growth_yoy,2026-01-01,611,0.2
growth_yoy,2026-01-01,612,0.0
growth_yoy,2026-01-01,620,0.8
growth_yoy,2026-01-01,631,0.1
growth_yoy,2026-01-01,682,0.6
growth_yoy,2026-01-01,691,0.4
growth_yoy,2026-01-01,692,1.2
growth_yoy,2026-01-01,711,0.7
growth_yoy,2026-01-01,851,0.9
growth_yoy,2026-01-01,852,1.7
growth_yoy,2026-01-01,853,1.5
growth_yoy,2026-01-01,854,1.1
growth_yoy,2026-01-01,861,1.3
growth_yoy,2026-01-01,862,0.8
growth_yoy,2026-01-01,869,1.1
growth_yoy,2026-01-01,920,0.4
growth_yoy,2026-01-01,931,1.3
growth_yoy,2026-01-01,932,3.4
growth_qoq,2018-04-01,492,0.0
growth_qoq,2018-04-01,501,0.0
growth_qoq,2018-04-01,511,0.4
growth_qoq,2018-04-01,512,0.0
growth_qoq,2018-04-01,522,0.1
growth_qoq,2018-04-01,531,0.0
growth_qoq,2018-04-01,532,0.0
growth_qoq,2018-04-01,551,-0.1
growth_qoq,2018-04-01,561,0.5
growth_qoq,2018-04-01,562,0.0
growth_qoq,2018-04-01,563,0.5
growth_qoq,2018-04-01,611,0.0
growth_qoq,2018-04-01,612,0.0
growth_qoq,2018-04-01,620,0.0
growth_qoq,2018-04-01,631,0.0
growth_qoq,2018-04-01,682,0.2
growth_qoq,2018-04-01,691,0.0
growth_qoq,2018-04-01,692,0.0
growth_qoq,2018-04-01,711,0.1
growth_qoq,2018-04-01,851,0.0
growth_qoq,2018-04-01,852,0.0
growth_qoq,2018-04-01,853,-0.2
growth_qoq,2018-04-01,854,0.0
growth_qoq,2018-04-01,861,0.0
growth_qoq,2018-04-01,862,0.2
growth_qoq,2018-04-01,869,0.0
growth_qoq,2018-04-01,920,0.0
growth_qoq,2018-04-01,931,0.1
growth_qoq,2018-04-01,932,0.4
growth_qoq,2018-07-01,492,0.1
growth_qoq,2018-07-01,501,-0.3
growth_qoq,2018-07-01,511,-0.2
growth_qoq,2018-07-01,512,0.0
growth_qoq,2018-07-01,522,0.0
growth_qoq,2018-07-01,531,1.0
growth_qoq,2018-07-01,532,0.2
growth_qoq,2018-07-01,551,0.1
growth_qoq,2018-07-01,561,0.1
growth_qoq,2018-07-01,562,-0.1
growth_qoq,2018-07-01,563,0.0
growth_qoq,2018-07-01,611,0.0
growth_qoq,2018-07-01,612,0.0
growth_qoq,2018-07-01,620,0.1
growth_qoq,2018-07-01,631,0.0
growth_qoq,2018-07-01,682,0.3
growth_qoq,2018-07-01,691,0.0
growth_qoq,2018-07-01,692,0.0
growth_qoq,2018-07-01,711,0.0
growth_qoq,2018-07-01,851,0.0
growth_qoq,2018-07-01,852,0.0
growth_qoq,2018-07-01,853,0.8
growth_qoq,2018-07-01,854,0.0
growth_qoq,2018-07-01,861,0.2
growth_qoq,2018-07-01,862,0.2
growth_qoq,2018-07-01,869,0.1
growth_qoq,2018-07-01,920,0.5
growth_qoq,2018-07-01,931,-0.1
growth_qoq,2018-07-01,932,-0.1
growth_qoq,2018-10-01,492,0.0
growth_qoq,2018-10-01,501,-0.1
growth_qoq,2018-10-01,511,0.1
growth_qoq,2018-10-01,512,0.0
growth_qoq,2018-10-01,522,0.0
growth_qoq,2018-10-01,531,0.0
growth_qoq,2018-10-01,532,-0.3
growth_qoq,2018-10-01,551,0.3
growth_qoq,2018-10-01,561,1.3
growth_qoq,2018-10-01,562,0.2
growth_qoq,2018-10-01,563,0.4
growth_qoq,2018-10-01,611,0.0
growth_qoq,2018-10-01,612,0.0
growth_qoq,2018-10-01,620,-0.1
growth_qoq,2018-10-01,631,0.0
growth_qoq,2018-10-01,682,0.2
growth_qoq,2018-10-01,691,0.0
growth_qoq,2018-10-01,692,0.0
growth_qoq,2018-10-01,711,0.0
growth_qoq,2018-10-01,851,0.0
growth_qoq,2018-10-01,852,0.0
growth_qoq,2018-10-01,853,0.4
growth_qoq,2018-10-01,854,0.0
growth_qoq,2018-10-01,861,0.0
growth_qoq,2018-10-01,862,0.0
growth_qoq,2018-10-01,869,0.0
growth_qoq,2018-10-01,920,0.5
growth_qoq,2018-10-01,931,0.0
growth_qoq,2018-10-01,932,-0.1
growth_qoq,2019-01-01,492,0.1
growth_qoq,2019-01-01,501,0.7
growth_qoq,2019-01-01,511,0.8
growth_qoq,2019-01-01,512,0.0
growth_qoq,2019-01-01,522,0.0
growth_qoq,2019-01-01,531,0.4
growth_qoq,2019-01-01,532,0.3
growth_qoq,2019-01-01,551,0.1
growth_qoq,2019-01-01,561,1.0
growth_qoq,2019-01-01,562,0.1
growth_qoq,2019-01-01,563,0.4
growth_qoq,2019-01-01,611,0.0
growth_qoq,2019-01-01,612,-0.1
growth_qoq,2019-01-01,620,0.1
growth_qoq,2019-01-01,631,0.0
growth_qoq,2019-01-01,682,0.2
growth_qoq,2019-01-01,691,0.0
growth_qoq,2019-01-01,692,0.1
growth_qoq,2019-01-01,711,0.0
growth_qoq,2019-01-01,851,2.0
growth_qoq,2019-01-01,852,1.2
growth_qoq,2019-01-01,853,-0.7
growth_qoq,2019-01-01,854,1.0
growth_qoq,2019-01-01,861,0.1
growth_qoq,2019-01-01,862,0.1
growth_qoq,2019-01-01,869,0.0
growth_qoq,2019-01-01,920,-0.4
growth_qoq,2019-01-01,931,-0.1
growth_qoq,2019-01-01,932,0.1
growth_qoq,2019-04-01,492,0.0
growth_qoq,2019-04-01,501,-0.3
growth_qoq,2019-04-01,511,0.4
growth_qoq,2019-04-01,512,0.0
growth_qoq,2019-04-01,522,0.0
growth_qoq,2019-04-01,531,-0.4
growth_qoq,2019-04-01,532,0.0
growth_qoq,2019-04-01,551,0.0
growth_qoq,2019-04-01,561,0.4
growth_qoq,2019-04-01,562,0.1
growth_qoq,2019-04-01,563,0.3
growth_qoq,2019-04-01,611,0.0
growth_qoq,2019-04-01,612,0.2
growth_qoq,2019-04-01,620,0.0
growth_qoq,2019-04-01,631,0.0
growth_qoq,2019-04-01,682,0.2
growth_qoq,2019-04-01,691,0.0
growth_qoq,2019-04-01,692,0.0
growth_qoq,2019-04-01,711,0.0
growth_qoq,2019-04-01,851,0.0
growth_qoq,2019-04-01,852,0.0
growth_qoq,2019-04-01,853,0.1
growth_qoq,2019-04-01,854,0.0
growth_qoq,2019-04-01,861,0.0
growth_qoq,2019-04-01,862,0.0
growth_qoq,2019-04-01,869,0.0
growth_qoq,2019-04-01,920,0.6
growth_qoq,2019-04-01,931,0.1
growth_qoq,2019-04-01,932,0.2
growth_qoq,2019-07-01,492,0.0
growth_qoq,2019-07-01,501,0.0
growth_qoq,2019-07-01,511,-1.3
growth_qoq,2019-07-01,512,0.0
growth_qoq,2019-07-01,522,0.0
growth_qoq,2019-07-01,531,8.0
growth_qoq,2019-07-01,532,0.1
growth_qoq,2019-07-01,551,-0.1
growth_qoq,2019-07-01,561,0.4
growth_qoq,2019-07-01,562,-0.1
growth_qoq,2019-07-01,563,0.4
growth_qoq,2019-07-01,611,0.0
growth_qoq,2019-07-01,612,0.0
growth_qoq,2019-07-01,620,0.1
growth_qoq,2019-07-01,631,0.0
growth_qoq,2019-07-01,682,0.0
growth_qoq,2019-07-01,691,0.0
growth_qoq,2019-07-01,692,0.0
growth_qoq,2019-07-01,711,0.1
growth_qoq,2019-07-01,851,0.0
growth_qoq,2019-07-01,852,2.3
growth_qoq,2019-07-01,853,0.0
growth_qoq,2019-07-01,854,0.0
growth_qoq,2019-07-01,861,0.1
growth_qoq,2019-07-01,862,0.0
growth_qoq,2019-07-01,869,0.1
growth_qoq,2019-07-01,920,-1.3
growth_qoq,2019-07-01,931,0.1
growth_qoq,2019-07-01,932,0.1
growth_qoq,2019-10-01,492,0.0
growth_qoq,2019-10-01,501,0.2
growth_qoq,2019-10-01,511,-0.4
growth_qoq,2019-10-01,512,0.0
growth_qoq,2019-10-01,522,0.0
growth_qoq,2019-10-01,531,0.0
growth_qoq,2019-10-01,532,0.0
growth_qoq,2019-10-01,551,0.0
growth_qoq,2019-10-01,561,0.4
growth_qoq,2019-10-01,562,0.2
growth_qoq,2019-10-01,563,0.3
growth_qoq,2019-10-01,611,0.0
growth_qoq,2019-10-01,612,0.0
growth_qoq,2019-10-01,620,0.0
growth_qoq,2019-10-01,631,0.0
growth_qoq,2019-10-01,682,0.0
growth_qoq,2019-10-01,691,-0.1
growth_qoq,2019-10-01,692,0.0
growth_qoq,2019-10-01,711,0.0
growth_qoq,2019-10-01,851,0.0
growth_qoq,2019-10-01,852,0.0
growth_qoq,2019-10-01,853,0.0
growth_qoq,2019-10-01,854,0.0
growth_qoq,2019-10-01,861,0.0
growth_qoq,2019-10-01,862,0.0
growth_qoq,2019-10-01,869,0.0
growth_qoq,2019-10-01,920,-0.1
growth_qoq,2019-10-01,931,-0.1
growth_qoq,2019-10-01,932,-0.1
growth_qoq,2020-01-01,492,0.0
growth_qoq,2020-01-01,501,0.4
growth_qoq,2020-01-01,511,0.6
growth_qoq,2020-01-01,512,0.0
growth_qoq,2020-01-01,522,0.0
growth_qoq,2020-01-01,531,0.0
growth_qoq,2020-01-01,532,0.4
growth_qoq,2020-01-01,551,-0.1
growth_qoq,2020-01-01,561,0.4
growth_qoq,2020-01-01,562,0.2
growth_qoq,2020-01-01,563,0.4
growth_qoq,2020-01-01,611,0.0
growth_qoq,2020-01-01,612,0.0
growth_qoq,2020-01-01,620,0.0
growth_qoq,2020-01-01,631,0.0
growth_qoq,2020-01-01,682,0.5
growth_qoq,2020-01-01,691,0.0
growth_qoq,2020-01-01,692,0.0
growth_qoq,2020-01-01,711,0.0
growth_qoq,2020-01-01,851,0.2
growth_qoq,2020-01-01,852,2.4
growth_qoq,2020-01-01,853,0.0
growth_qoq,2020-01-01,854,0.0
growth_qoq,2020-01-01,861,0.2
growth_qoq,2020-01-01,862,0.1
growth_qoq,2020-01-01,869,0.1
growth_qoq,2020-01-01,920,0.0
growth_qoq,2020-01-01,931,0.0
growth_qoq,2020-01-01,932,0.2
growth_qoq,2020-04-01,492,0.0
growth_qoq,2020-04-01,501,0.0
growth_qoq,2020-04-01,511,1.0
growth_qoq,2020-04-01,512,3.4
growth_qoq,2020-04-01,522,0.1
growth_qoq,2020-04-01,531,3.1
growth_qoq,2020-04-01,532,1.4
growth_qoq,2020-04-01,551,-0.2
growth_qoq,2020-04-01,561,0.3
growth_qoq,2020-04-01,562,0.1
growth_qoq,2020-04-01,563,0.1
growth_qoq,2020-04-01,611,0.0
growth_qoq,2020-04-01,612,-0.1
growth_qoq,2020-04-01,620,0.1
growth_qoq,2020-04-01,631,0.0
growth_qoq,2020-04-01,682,0.2
growth_qoq,2020-04-01,691,0.0
growth_qoq,2020-04-01,692,0.0
growth_qoq,2020-04-01,711,-0.1
growth_qoq,2020-04-01,851,0.0
growth_qoq,2020-04-01,852,0.0
growth_qoq,2020-04-01,853,0.4
growth_qoq,2020-04-01,854,0.0
growth_qoq,2020-04-01,861,1.3
growth_qoq,2020-04-01,862,0.8
growth_qoq,2020-04-01,869,0.3
growth_qoq,2020-04-01,920,-0.1
growth_qoq,2020-04-01,931,0.2
growth_qoq,2020-04-01,932,-0.2
growth_qoq,2020-07-01,492,0.2
growth_qoq,2020-07-01,501,0.0
growth_qoq,2020-07-01,511,4.1
growth_qoq,2020-07-01,512,0.2
growth_qoq,2020-07-01,522,0.0
growth_qoq,2020-07-01,531,0.0
growth_qoq,2020-07-01,532,1.0
growth_qoq,2020-07-01,551,0.0
growth_qoq,2020-07-01,561,0.7
growth_qoq,2020-07-01,562,0.0
growth_qoq,2020-07-01,563,0.2
growth_qoq,2020-07-01,611,0.0
growth_qoq,2020-07-01,612,-0.1
growth_qoq,2020-07-01,620,0.0
growth_qoq,2020-07-01,631,0.0
growth_qoq,2020-07-01,682,1.0
growth_qoq,2020-07-01,691,0.0
growth_qoq,2020-07-01,692,0.0
growth_qoq,2020-07-01,711,0.0
growth_qoq,2020-07-01,851,0.0
growth_qoq,2020-07-01,852,1.0
growth_qoq,2020-07-01,853,0.1
growth_qoq,2020-07-01,854,0.0
growth_qoq,2020-07-01,861,0.0
growth_qoq,2020-07-01,862,0.3
growth_qoq,2020-07-01,869,-0.6
growth_qoq,2020-07-01,920,-1.4
growth_qoq,2020-07-01,931,0.1
growth_qoq,2020-07-01,932,-0.1
growth_qoq,2020-10-01,492,0.0
growth_qoq,2020-10-01,501,0.0
growth_qoq,2020-10-01,511,-3.8
growth_qoq,2020-10-01,512,0.0
growth_qoq,2020-10-01,522,0.0
growth_qoq,2020-10-01,531,0.0
growth_qoq,2020-10-01,532,0.3
growth_qoq,2020-10-01,551,0.0
growth_qoq,2020-10-01,561,0.4
growth_qoq,2020-10-01,562,-0.1
growth_qoq,2020-10-01,563,0.2
growth_qoq,2020-10-01,611,0.0
growth_qoq,2020-10-01,612,0.0
growth_qoq,2020-10-01,620,0.0
growth_qoq,2020-10-01,631,0.0
growth_qoq,2020-10-01,682,-0.2
growth_qoq,2020-10-01,691,0.0
growth_qoq,2020-10-01,692,0.0
growth_qoq,2020-10-01,711,0.0
growth_qoq,2020-10-01,851,0.0
growth_qoq,2020-10-01,852,0.0
growth_qoq,2020-10-01,853,-0.1
growth_qoq,2020-10-01,854,0.0
growth_qoq,2020-10-01,861,0.0
growth_qoq,2020-10-01,862,0.0
growth_qoq,2020-10-01,869,-0.1
growth_qoq,2020-10-01,920,-1.2
growth_qoq,2020-10-01,931,0.1
growth_qoq,2020-10-01,932,-0.2
growth_qoq,2021-01-01,492,1.0
growth_qoq,2021-01-01,501,1.0
growth_qoq,2021-01-01,511,-3.7
growth_qoq,2021-01-01,512,0.0
growth_qoq,2021-01-01,522,-0.1
growth_qoq,2021-01-01,531,0.0
growth_qoq,2021-01-01,532,0.3
growth_qoq,2021-01-01,551,0.4
growth_qoq,2021-01-01,561,0.3
growth_qoq,2021-01-01,562,0.1
growth_qoq,2021-01-01,563,0.1
growth_qoq,2021-01-01,611,0.0
growth_qoq,2021-01-01,612,0.1
growth_qoq,2021-01-01,620,0.0
growth_qoq,2021-01-01,631,0.0
growth_qoq,2021-01-01,682,0.4
growth_qoq,2021-01-01,691,0.0
growth_qoq,2021-01-01,692,0.0
growth_qoq,2021-01-01,711,0.1
growth_qoq,2021-01-01,851,1.5
growth_qoq,2021-01-01,852,0.5
growth_qoq,2021-01-01,853,0.2
growth_qoq,2021-01-01,854,0.6
growth_qoq,2021-01-01,861,0.2
growth_qoq,2021-01-01,862,0.1
growth_qoq,2021-01-01,869,0.1
growth_qoq,2021-01-01,920,1.2
growth_qoq,2021-01-01,931,0.8
growth_qoq,2021-01-01,932,0.3
growth_qoq,2021-04-01,492,0.0
growth_qoq,2021-04-01,501,0.0
growth_qoq,2021-04-01,511,0.5
growth_qoq,2021-04-01,512,0.0
growth_qoq,2021-04-01,522,0.0
growth_qoq,2021-04-01,531,0.0
growth_qoq,2021-04-01,532,0.1
growth_qoq,2021-04-01,551,0.0
growth_qoq,2021-04-01,561,0.4
growth_qoq,2021-04-01,562,0.0
growth_qoq,2021-04-01,563,0.1
growth_qoq,2021-04-01,611,0.0
growth_qoq,2021-04-01,612,-0.1
growth_qoq,2021-04-01,620,0.0
growth_qoq,2021-04-01,631,0.0
growth_qoq,2021-04-01,682,0.0
growth_qoq,2021-04-01,691,0.0
growth_qoq,2021-04-01,692,0.0
growth_qoq,2021-04-01,711,0.0
growth_qoq,2021-04-01,851,0.0
growth_qoq,2021-04-01,852,0.0
growth_qoq,2021-04-01,853,0.0
growth_qoq,2021-04-01,854,0.0
growth_qoq,2021-04-01,861,0.0
growth_qoq,2021-04-01,862,0.1
growth_qoq,2021-04-01,869,-0.1
growth_qoq,2021-04-01,920,1.3
growth_qoq,2021-04-01,931,0.0
growth_qoq,2021-04-01,932,0.5
growth_qoq,2021-07-01,492,0.0
growth_qoq,2021-07-01,501,0.0
growth_qoq,2021-07-01,511,1.0
growth_qoq,2021-07-01,512,0.0
growth_qoq,2021-07-01,522,0.1
growth_qoq,2021-07-01,531,0.0
growth_qoq,2021-07-01,532,0.1
growth_qoq,2021-07-01,551,0.1
growth_qoq,2021-07-01,561,0.2
growth_qoq,2021-07-01,562,0.0
growth_qoq,2021-07-01,563,0.1
growth_qoq,2021-07-01,611,0.0
growth_qoq,2021-07-01,612,0.0
growth_qoq,2021-07-01,620,0.2
growth_qoq,2021-07-01,631,0.0
growth_qoq,2021-07-01,682,0.0
growth_qoq,2021-07-01,691,0.0
growth_qoq,2021-07-01,692,0.0
growth_qoq,2021-07-01,711,0.0
growth_qoq,2021-07-01,851,0.0
growth_qoq,2021-07-01,852,0.3
growth_qoq,2021-07-01,853,-0.1
growth_qoq,2021-07-01,854,0.0
growth_qoq,2021-07-01,861,0.0
growth_qoq,2021-07-01,862,0.0
growth_qoq,2021-07-01,869,-0.1
growth_qoq,2021-07-01,920,-0.3
growth_qoq,2021-07-01,931,0.1
growth_qoq,2021-07-01,932,0.6
growth_qoq,2021-10-01,492,0.2
growth_qoq,2021-10-01,501,0.1
growth_qoq,2021-10-01,511,3.1
growth_qoq,2021-10-01,512,0.0
growth_qoq,2021-10-01,522,0.0
growth_qoq,2021-10-01,531,0.0
growth_qoq,2021-10-01,532,0.1
growth_qoq,2021-10-01,551,0.0
growth_qoq,2021-10-01,561,0.8
growth_qoq,2021-10-01,562,0.0
growth_qoq,2021-10-01,563,0.4
growth_qoq,2021-10-01,611,0.0
growth_qoq,2021-10-01,612,0.0
growth_qoq,2021-10-01,620,-0.1
growth_qoq,2021-10-01,631,0.0
growth_qoq,2021-10-01,682,0.2
growth_qoq,2021-10-01,691,0.2
growth_qoq,2021-10-01,692,0.0
growth_qoq,2021-10-01,711,0.0
growth_qoq,2021-10-01,851,0.0
growth_qoq,2021-10-01,852,0.0
growth_qoq,2021-10-01,853,0.2
growth_qoq,2021-10-01,854,0.0
growth_qoq,2021-10-01,861,0.1
growth_qoq,2021-10-01,862,0.2
growth_qoq,2021-10-01,869,0.0
growth_qoq,2021-10-01,920,-2.6
growth_qoq,2021-10-01,931,0.1
growth_qoq,2021-10-01,932,0.0
growth_qoq,2022-01-01,492,0.2
growth_qoq,2022-01-01,501,0.3
growth_qoq,2022-01-01,511,-4.5
growth_qoq,2022-01-01,512,0.0
growth_qoq,2022-01-01,522,0.0
growth_qoq,2022-01-01,531,3.0
growth_qoq,2022-01-01,532,0.1
growth_qoq,2022-01-01,551,0.0
growth_qoq,2022-01-01,561,1.1
growth_qoq,2022-01-01,562,0.1
growth_qoq,2022-01-01,563,0.9
growth_qoq,2022-01-01,611,0.0
growth_qoq,2022-01-01,612,0.0
growth_qoq,2022-01-01,620,0.1
growth_qoq,2022-01-01,631,0.0
growth_qoq,2022-01-01,682,0.0
growth_qoq,2022-01-01,691,0.0
growth_qoq,2022-01-01,692,0.2
growth_qoq,2022-01-01,711,0.1
growth_qoq,2022-01-01,851,1.5
growth_qoq,2022-01-01,852,0.7
growth_qoq,2022-01-01,853,0.3
growth_qoq,2022-01-01,854,0.5
growth_qoq,2022-01-01,861,0.1
growth_qoq,2022-01-01,862,0.1
growth_qoq,2022-01-01,869,0.1
growth_qoq,2022-01-01,920,2.9
growth_qoq,2022-01-01,931,0.1
growth_qoq,2022-01-01,932,0.5
growth_qoq,2022-04-01,492,0.5
growth_qoq,2022-04-01,501,0.4
growth_qoq,2022-04-01,511,2.6
growth_qoq,2022-04-01,512,1.9
growth_qoq,2022-04-01,522,0.0
growth_qoq,2022-04-01,531,2.3
growth_qoq,2022-04-01,532,0.4
growth_qoq,2022-04-01,551,0.5
growth_qoq,2022-04-01,561,3.2
growth_qoq,2022-04-01,562,0.2
growth_qoq,2022-04-01,563,2.5
growth_qoq,2022-04-01,611,0.0
growth_qoq,2022-04-01,612,0.0
growth_qoq,2022-04-01,620,0.0
growth_qoq,2022-04-01,631,0.0
growth_qoq,2022-04-01,682,0.1
growth_qoq,2022-04-01,691,0.0
growth_qoq,2022-04-01,692,0.5
growth_qoq,2022-04-01,711,0.1
growth_qoq,2022-04-01,851,0.0
growth_qoq,2022-04-01,852,0.0
growth_qoq,2022-04-01,853,0.4
growth_qoq,2022-04-01,854,0.0
growth_qoq,2022-04-01,861,0.0
growth_qoq,2022-04-01,862,0.2
growth_qoq,2022-04-01,869,0.0
growth_qoq,2022-04-01,920,3.5
growth_qoq,2022-04-01,931,0.1
growth_qoq,2022-04-01,932,0.3
growth_qoq,2022-07-01,492,0.2
growth_qoq,2022-07-01,501,0.1
growth_qoq,2022-07-01,511,16.7
growth_qoq,2022-07-01,512,1.7
growth_qoq,2022-07-01,522,0.0
growth_qoq,2022-07-01,531,1.8
growth_qoq,2022-07-01,532,0.2
growth_qoq,2022-07-01,551,0.1
growth_qoq,2022-07-01,561,3.0
growth_qoq,2022-07-01,562,0.6
growth_qoq,2022-07-01,563,2.7
growth_qoq,2022-07-01,611,0.0
growth_qoq,2022-07-01,612,0.1
growth_qoq,2022-07-01,620,-0.4
growth_qoq,2022-07-01,631,0.0
growth_qoq,2022-07-01,682,0.0
growth_qoq,2022-07-01,691,0.0
growth_qoq,2022-07-01,692,0.1
growth_qoq,2022-07-01,711,0.2
growth_qoq,2022-07-01,851,0.0
growth_qoq,2022-07-01,852,1.5
growth_qoq,2022-07-01,853,0.2
growth_qoq,2022-07-01,854,0.0
growth_qoq,2022-07-01,861,0.1
growth_qoq,2022-07-01,862,0.1
growth_qoq,2022-07-01,869,0.0
growth_qoq,2022-07-01,920,5.1
growth_qoq,2022-07-01,931,0.3
growth_qoq,2022-07-01,932,0.1
growth_qoq,2022-10-01,492,0.1
growth_qoq,2022-10-01,501,0.0
growth_qoq,2022-10-01,511,4.0
growth_qoq,2022-10-01,512,-0.7
growth_qoq,2022-10-01,522,0.0
growth_qoq,2022-10-01,531,0.0
growth_qoq,2022-10-01,532,0.2
growth_qoq,2022-10-01,551,0.5
growth_qoq,2022-10-01,561,1.9
growth_qoq,2022-10-01,562,0.2
growth_qoq,2022-10-01,563,1.2
growth_qoq,2022-10-01,611,0.0
growth_qoq,2022-10-01,612,0.0
growth_qoq,2022-10-01,620,0.0
growth_qoq,2022-10-01,631,0.2
growth_qoq,2022-10-01,682,-0.1
growth_qoq,2022-10-01,691,0.3
growth_qoq,2022-10-01,692,0.0
growth_qoq,2022-10-01,711,0.1
growth_qoq,2022-10-01,851,0.0
growth_qoq,2022-10-01,852,0.0
growth_qoq,2022-10-01,853,0.1
growth_qoq,2022-10-01,854,0.0
growth_qoq,2022-10-01,861,0.0
growth_qoq,2022-10-01,862,0.1
growth_qoq,2022-10-01,869,0.0
growth_qoq,2022-10-01,920,-5.1
growth_qoq,2022-10-01,931,0.4
growth_qoq,2022-10-01,932,0.6
growth_qoq,2023-01-01,492,0.2
growth_qoq,2023-01-01,501,0.0
growth_qoq,2023-01-01,511,0.9
growth_qoq,2023-01-01,512,-0.6
growth_qoq,2023-01-01,522,0.0
growth_qoq,2023-01-01,531,0.0
growth_qoq,2023-01-01,532,0.3
growth_qoq,2023-01-01,551,0.9
growth_qoq,2023-01-01,561,1.3
growth_qoq,2023-01-01,562,0.3
growth_qoq,2023-01-01,563,1.6
growth_qoq,2023-01-01,611,0.0
growth_qoq,2023-01-01,612,0.0
growth_qoq,2023-01-01,620,-0.1
growth_qoq,2023-01-01,631,0.0
growth_qoq,2023-01-01,682,0.0
growth_qoq,2023-01-01,691,0.0
growth_qoq,2023-01-01,692,0.4
growth_qoq,2023-01-01,711,0.1
growth_qoq,2023-01-01,851,1.1
growth_qoq,2023-01-01,852,0.4
growth_qoq,2023-01-01,853,0.4
growth_qoq,2023-01-01,854,0.2
growth_qoq,2023-01-01,861,0.1
growth_qoq,2023-01-01,862,0.2
growth_qoq,2023-01-01,869,0.2
growth_qoq,2023-01-01,920,-2.2
growth_qoq,2023-01-01,931,0.4
growth_qoq,2023-01-01,932,0.9
growth_qoq,2023-04-01,492,0.2
growth_qoq,2023-04-01,501,0.0
growth_qoq,2023-04-01,511,-2.5
growth_qoq,2023-04-01,512,-0.7
growth_qoq,2023-04-01,522,0.0
growth_qoq,2023-04-01,531,0.0
growth_qoq,2023-04-01,532,0.0
growth_qoq,2023-04-01,551,0.3
growth_qoq,2023-04-01,561,0.8
growth_qoq,2023-04-01,562,0.1
growth_qoq,2023-04-01,563,0.9
growth_qoq,2023-04-01,611,0.0
growth_qoq,2023-04-01,612,0.0
growth_qoq,2023-04-01,620,0.0
growth_qoq,2023-04-01,631,0.0
growth_qoq,2023-04-01,682,0.0
growth_qoq,2023-04-01,691,0.0
growth_qoq,2023-04-01,692,0.0
growth_qoq,2023-04-01,711,0.1
growth_qoq,2023-04-01,851,0.0
growth_qoq,2023-04-01,852,0.0
growth_qoq,2023-04-01,853,0.3
growth_qoq,2023-04-01,854,0.0
growth_qoq,2023-04-01,861,0.0
growth_qoq,2023-04-01,862,0.0
growth_qoq,2023-04-01,869,0.1
growth_qoq,2023-04-01,920,4.7
growth_qoq,2023-04-01,931,0.4
growth_qoq,2023-04-01,932,0.1
growth_qoq,2023-07-01,492,0.3
growth_qoq,2023-07-01,501,0.1
growth_qoq,2023-07-01,511,-0.4
growth_qoq,2023-07-01,512,-0.3
growth_qoq,2023-07-01,522,0.0
growth_qoq,2023-07-01,531,3.6
growth_qoq,2023-07-01,532,0.2
growth_qoq,2023-07-01,551,0.0
growth_qoq,2023-07-01,561,1.1
growth_qoq,2023-07-01,562,0.2
growth_qoq,2023-07-01,563,0.7
growth_qoq,2023-07-01,611,0.0
growth_qoq,2023-07-01,612,0.0
growth_qoq,2023-07-01,620,0.0
growth_qoq,2023-07-01,631,0.0
growth_qoq,2023-07-01,682,0.2
growth_qoq,2023-07-01,691,0.0
growth_qoq,2023-07-01,692,0.0
growth_qoq,2023-07-01,711,0.0
growth_qoq,2023-07-01,851,0.0
growth_qoq,2023-07-01,852,1.6
growth_qoq,2023-07-01,853,0.1
growth_qoq,2023-07-01,854,0.0
growth_qoq,2023-07-01,861,0.1
growth_qoq,2023-07-01,862,0.1
growth_qoq,2023-07-01,869,0.0
growth_qoq,2023-07-01,920,3.5
growth_qoq,2023-07-01,931,0.0
growth_qoq,2023-07-01,932,1.8
growth_qoq,2023-10-01,492,0.1
growth_qoq,2023-10-01,501,0.0
growth_qoq,2023-10-01,511,-0.7
growth_qoq,2023-10-01,512,0.9
growth_qoq,2023-10-01,522,0.0
growth_qoq,2023-10-01,531,0.0
growth_qoq,2023-10-01,532,0.0
growth_qoq,2023-10-01,551,0.1
growth_qoq,2023-10-01,561,0.5
growth_qoq,2023-10-01,562,0.1
growth_qoq,2023-10-01,563,0.9
growth_qoq,2023-10-01,611,0.0
growth_qoq,2023-10-01,612,0.0
growth_qoq,2023-10-01,620,0.0
growth_qoq,2023-10-01,631,0.1
growth_qoq,2023-10-01,682,0.3
growth_qoq,2023-10-01,691,0.1
growth_qoq,2023-10-01,692,0.1
growth_qoq,2023-10-01,711,0.1
growth_qoq,2023-10-01,851,0.0
growth_qoq,2023-10-01,852,0.0
growth_qoq,2023-10-01,853,0.1
growth_qoq,2023-10-01,854,0.0
growth_qoq,2023-10-01,861,0.0
growth_qoq,2023-10-01,862,0.0
growth_qoq,2023-10-01,869,0.0
growth_qoq,2023-10-01,920,0.3
growth_qoq,2023-10-01,931,0.3
growth_qoq,2023-10-01,932,-0.1
growth_qoq,2024-01-01,492,0.1
growth_qoq,2024-01-01,501,0.0
growth_qoq,2024-01-01,511,2.8
growth_qoq,2024-01-01,512,-0.4
growth_qoq,2024-01-01,522,0.0
growth_qoq,2024-01-01,531,0.0
growth_qoq,2024-01-01,532,0.2
growth_qoq,2024-01-01,551,0.3
growth_qoq,2024-01-01,561,0.4
growth_qoq,2024-01-01,562,1.0
growth_qoq,2024-01-01,563,0.8
growth_qoq,2024-01-01,611,0.0
growth_qoq,2024-01-01,612,0.0
growth_qoq,2024-01-01,620,0.0
growth_qoq,2024-01-01,631,0.1
growth_qoq,2024-01-01,682,0.1
growth_qoq,2024-01-01,691,0.0
growth_qoq,2024-01-01,692,0.1
growth_qoq,2024-01-01,711,0.1
growth_qoq,2024-01-01,851,1.0
growth_qoq,2024-01-01,852,0.6
growth_qoq,2024-01-01,853,0.1
growth_qoq,2024-01-01,854,0.4
growth_qoq,2024-01-01,861,0.1
growth_qoq,2024-01-01,862,0.1
growth_qoq,2024-01-01,869,0.1
growth_qoq,2024-01-01,920,0.2
growth_qoq,2024-01-01,931,0.2
growth_qoq,2024-01-01,932,0.3
growth_qoq,2024-04-01,492,0.1
growth_qoq,2024-04-01,501,0.0
growth_qoq,2024-04-01,511,-7.5
growth_qoq,2024-04-01,512,0.0
growth_qoq,2024-04-01,522,0.0
growth_qoq,2024-04-01,531,0.0
growth_qoq,2024-04-01,532,0.2
growth_qoq,2024-04-01,551,0.3
growth_qoq,2024-04-01,561,0.6
growth_qoq,2024-04-01,562,0.4
growth_qoq,2024-04-01,563,1.2
growth_qoq,2024-04-01,611,0.0
growth_qoq,2024-04-01,612,-0.2
growth_qoq,2024-04-01,620,0.1
growth_qoq,2024-04-01,631,0.0
growth_qoq,2024-04-01,682,0.2
growth_qoq,2024-04-01,691,0.0
growth_qoq,2024-04-01,692,0.0
growth_qoq,2024-04-01,711,0.1
growth_qoq,2024-04-01,851,0.0
growth_qoq,2024-04-01,852,0.0
growth_qoq,2024-04-01,853,0.4
growth_qoq,2024-04-01,854,0.0
growth_qoq,2024-04-01,861,0.1
growth_qoq,2024-04-01,862,0.2
growth_qoq,2024-04-01,869,0.2
growth_qoq,2024-04-01,920,4.8
growth_qoq,2024-04-01,931,0.4
growth_qoq,2024-04-01,932,0.3
growth_qoq,2024-07-01,492,0.1
growth_qoq,2024-07-01,501,0.0
growth_qoq,2024-07-01,511,-2.7
growth_qoq,2024-07-01,512,-0.2
growth_qoq,2024-07-01,522,0.0
growth_qoq,2024-07-01,531,0.0
growth_qoq,2024-07-01,532,0.0
growth_qoq,2024-07-01,551,0.1
growth_qoq,2024-07-01,561,1.0
growth_qoq,2024-07-01,562,0.1
growth_qoq,2024-07-01,563,0.8
growth_qoq,2024-07-01,611,0.0
growth_qoq,2024-07-01,612,0.0
growth_qoq,2024-07-01,620,0.0
growth_qoq,2024-07-01,631,0.1
growth_qoq,2024-07-01,682,-0.5
growth_qoq,2024-07-01,691,0.0
growth_qoq,2024-07-01,692,0.2
growth_qoq,2024-07-01,711,0.1
growth_qoq,2024-07-01,851,0.0
growth_qoq,2024-07-01,852,1.0
growth_qoq,2024-07-01,853,0.0
growth_qoq,2024-07-01,854,0.0
growth_qoq,2024-07-01,861,0.0
growth_qoq,2024-07-01,862,0.0
growth_qoq,2024-07-01,869,0.1
growth_qoq,2024-07-01,920,1.0
growth_qoq,2024-07-01,931,0.1
growth_qoq,2024-07-01,932,0.4
growth_qoq,2024-10-01,492,0.2
growth_qoq,2024-10-01,501,0.1
growth_qoq,2024-10-01,511,-2.2
growth_qoq,2024-10-01,512,-0.3
growth_qoq,2024-10-01,522,0.0
growth_qoq,2024-10-01,531,0.0
growth_qoq,2024-10-01,532,0.1
growth_qoq,2024-10-01,551,0.2
growth_qoq,2024-10-01,561,1.4
growth_qoq,2024-10-01,562,0.3
growth_qoq,2024-10-01,563,0.4
growth_qoq,2024-10-01,611,0.0
growth_qoq,2024-10-01,612,0.0
growth_qoq,2024-10-01,620,0.0
growth_qoq,2024-10-01,631,0.0
growth_qoq,2024-10-01,682,0.0
growth_qoq,2024-10-01,691,0.4
growth_qoq,2024-10-01,692,0.1
growth_qoq,2024-10-01,711,0.0
growth_qoq,2024-10-01,851,0.0
growth_qoq,2024-10-01,852,0.0
growth_qoq,2024-10-01,853,0.1
growth_qoq,2024-10-01,854,0.0
growth_qoq,2024-10-01,861,0.3
growth_qoq,2024-10-01,862,0.1
growth_qoq,2024-10-01,869,0.1
growth_qoq,2024-10-01,920,0.9
growth_qoq,2024-10-01,931,0.3
growth_qoq,2024-10-01,932,0.9
growth_qoq,2025-01-01,492,0.6
growth_qoq,2025-01-01,501,0.2
growth_qoq,2025-01-01,511,-0.6
growth_qoq,2025-01-01,512,0.3
growth_qoq,2025-01-01,522,0.0
growth_qoq,2025-01-01,531,0.0
growth_qoq,2025-01-01,532,0.9
growth_qoq,2025-01-01,551,0.7
growth_qoq,2025-01-01,561,1.0
growth_qoq,2025-01-01,562,1.1
growth_qoq,2025-01-01,563,0.8
growth_qoq,2025-01-01,611,0.0
growth_qoq,2025-01-01,612,0.1
growth_qoq,2025-01-01,620,-0.1
growth_qoq,2025-01-01,631,0.0
growth_qoq,2025-01-01,682,0.4
growth_qoq,2025-01-01,691,0.0
growth_qoq,2025-01-01,692,0.5
growth_qoq,2025-01-01,711,0.1
growth_qoq,2025-01-01,851,0.9
growth_qoq,2025-01-01,852,0.8
growth_qoq,2025-01-01,853,0.6
growth_qoq,2025-01-01,854,0.4
growth_qoq,2025-01-01,861,0.3
growth_qoq,2025-01-01,862,0.3
growth_qoq,2025-01-01,869,0.3
growth_qoq,2025-01-01,920,0.7
growth_qoq,2025-01-01,931,0.5
growth_qoq,2025-01-01,932,0.5
growth_qoq,2025-04-01,492,0.2
growth_qoq,2025-04-01,501,0.0
growth_qoq,2025-04-01,511,0.7
growth_qoq,2025-04-01,512,0.0
growth_qoq,2025-04-01,522,0.0
growth_qoq,2025-04-01,531,0.0
growth_qoq,2025-04-01,532,0.3
growth_qoq,2025-04-01,551,0.2
growth_qoq,2025-04-01,561,0.8
growth_qoq,2025-04-01,562,0.2
growth_qoq,2025-04-01,563,0.7
growth_qoq,2025-04-01,611,0.0
growth_qoq,2025-04-01,612,-0.1
growth_qoq,2025-04-01,620,0.1
growth_qoq,2025-04-01,631,0.1
growth_qoq,2025-04-01,682,0.0
growth_qoq,2025-04-01,691,0.0
growth_qoq,2025-04-01,692,0.1
growth_qoq,2025-04-01,711,0.2
growth_qoq,2025-04-01,851,0.0
growth_qoq,2025-04-01,852,0.0
growth_qoq,2025-04-01,853,0.4
growth_qoq,2025-04-01,854,0.0
growth_qoq,2025-04-01,861,0.3
growth_qoq,2025-04-01,862,0.1
growth_qoq,2025-04-01,869,0.0
growth_qoq,2025-04-01,920,2.4
growth_qoq,2025-04-01,931,0.4
growth_qoq,2025-04-01,932,0.1
growth_qoq,2025-07-01,492,0.1
growth_qoq,2025-07-01,501,0.0
growth_qoq,2025-07-01,511,2.5
growth_qoq,2025-07-01,512,1.4
growth_qoq,2025-07-01,522,0.0
growth_qoq,2025-07-01,531,0.0
growth_qoq,2025-07-01,532,0.0
growth_qoq,2025-07-01,551,0.1
growth_qoq,2025-07-01,561,0.8
growth_qoq,2025-07-01,562,0.2
growth_qoq,2025-07-01,563,1.0
growth_qoq,2025-07-01,611,0.0
growth_qoq,2025-07-01,612,-0.1
growth_qoq,2025-07-01,620,-0.1
growth_qoq,2025-07-01,631,0.0
growth_qoq,2025-07-01,682,0.1
growth_qoq,2025-07-01,691,0.0
growth_qoq,2025-07-01,692,0.1
growth_qoq,2025-07-01,711,0.1
growth_qoq,2025-07-01,851,0.0
growth_qoq,2025-07-01,852,1.4
growth_qoq,2025-07-01,853,0.3
growth_qoq,2025-07-01,854,0.0
growth_qoq,2025-07-01,861,0.1
growth_qoq,2025-07-01,862,0.1
growth_qoq,2025-07-01,869,0.2
growth_qoq,2025-07-01,920,-3.8
growth_qoq,2025-07-01,931,0.3
growth_qoq,2025-07-01,932,0.1
growth_qoq,2025-10-01,492,0.2
growth_qoq,2025-10-01,501,0.0
growth_qoq,2025-10-01,511,4.3
growth_qoq,2025-10-01,512,1.9
growth_qoq,2025-10-01,522,0.0
growth_qoq,2025-10-01,531,0.0
growth_qoq,2025-10-01,532,0.3
growth_qoq,2025-10-01,551,0.1
growth_qoq,2025-10-01,561,0.9
growth_qoq,2025-10-01,562,0.3
growth_qoq,2025-10-01,563,0.4
growth_qoq,2025-10-01,611,0.0
growth_qoq,2025-10-01,612,-0.1
growth_qoq,2025-10-01,620,0.0
growth_qoq,2025-10-01,631,0.0
growth_qoq,2025-10-01,682,0.2
growth_qoq,2025-10-01,691,0.1
growth_qoq,2025-10-01,692,0.0
growth_qoq,2025-10-01,711,0.3
growth_qoq,2025-10-01,851,0.0
growth_qoq,2025-10-01,852,0.0
growth_qoq,2025-10-01,853,0.2
growth_qoq,2025-10-01,854,0.0
growth_qoq,2025-10-01,861,0.1
growth_qoq,2025-10-01,862,0.2
growth_qoq,2025-10-01,869,0.0
growth_qoq,2025-10-01,920,-4.0
growth_qoq,2025-10-01,931,0.2
growth_qoq,2025-10-01,932,0.5
growth_qoq,2026-01-01,492,1.2
growth_qoq,2026-01-01,501,0.4
growth_qoq,2026-01-01,511,-1.2
growth_qoq,2026-01-01,512,0.2
growth_qoq,2026-01-01,522,2.5
growth_qoq,2026-01-01,531,1.9
growth_qoq,2026-01-01,532,0.8
growth_qoq,2026-01-01,551,1.2
growth_qoq,2026-01-01,561,2.6
growth_qoq,2026-01-01,562,0.6
growth_qoq,2026-01-01,563,0.9
growth_qoq,2026-01-01,611,0.2
growth_qoq,2026-01-01,612,0.3
growth_qoq,2026-01-01,620,0.8
growth_qoq,2026-01-01,631,0.0
growth_qoq,2026-01-01,682,0.4
growth_qoq,2026-01-01,691,0.3
growth_qoq,2026-01-01,692,1.0
growth_qoq,2026-01-01,711,0.1
growth_qoq,2026-01-01,851,0.9
growth_qoq,2026-01-01,852,0.3
growth_qoq,2026-01-01,853,0.5
growth_qoq,2026-01-01,854,1.1
growth_qoq,2026-01-01,861,0.8
growth_qoq,2026-01-01,862,0.5
growth_qoq,2026-01-01,869,0.9
growth_qoq,2026-01-01,920,6.2
growth_qoq,2026-01-01,931,0.4
growth_qoq,2026-01-01,932,2.7
