date,division,index
1960-01-01,overall,20.8
1961-01-01,overall,20.8
1962-01-01,overall,20.8
1963-01-01,overall,21.5
1964-01-01,overall,21.4
1965-01-01,overall,21.9
1966-01-01,overall,22.3
1967-01-01,overall,23.2
1968-01-01,overall,23.1
1969-01-01,overall,23.0
1970-01-01,overall,23.5
1971-01-01,overall,23.9
1972-01-01,overall,24.6
1973-01-01,overall,27.0
1974-01-01,overall,31.6
1975-01-01,overall,33.2
1976-01-01,overall,34.0
1977-01-01,overall,35.6
1978-01-01,overall,37.2
1979-01-01,overall,38.5
1980-01-01,overall,41.2
1981-01-01,overall,45.2
1982-01-01,overall,47.8
1983-01-01,overall,49.5
1984-01-01,overall,51.3
1985-01-01,overall,51.5
1986-01-01,overall,51.8
1987-01-01,overall,52.2
1988-01-01,overall,53.6
1989-01-01,overall,55.1
1990-01-01,overall,56.8
1991-01-01,overall,59.2
1992-01-01,overall,62.0
1993-01-01,overall,64.2
1994-01-01,overall,66.6
1995-01-01,overall,68.9
1996-01-01,overall,71.3
1997-01-01,overall,73.2
1998-01-01,overall,77.1
1999-01-01,overall,79.2
2000-01-01,overall,80.4
2001-01-01,overall,81.6
2002-01-01,overall,83.0
2003-01-01,overall,83.9
2004-01-01,overall,85.1
2005-01-01,overall,87.7
2006-01-01,overall,90.9
2007-01-01,overall,92.7
2008-01-01,overall,97.7
2009-01-01,overall,98.3
2010-01-01,overall,100.0
2011-01-01,overall,103.2
2012-01-01,overall,104.9
2013-01-01,overall,107.1
2014-01-01,overall,110.5
2015-01-01,overall,112.8
2016-01-01,overall,115.2
2017-01-01,overall,119.5
2018-01-01,overall,120.7
2019-01-01,overall,121.5
2020-01-01,overall,120.1
2021-01-01,overall,123.1
2022-01-01,overall,127.2
2023-01-01,overall,130.4
2024-01-01,overall,132.8
2025-01-01,overall,134.6
1980-01-01,01,33.7
1981-01-01,01,37.6
1982-01-01,01,40.4
1983-01-01,01,40.6
1984-01-01,01,42.2
1985-01-01,01,41.2
1986-01-01,01,41.3
1987-01-01,01,41.1
1988-01-01,01,42.7
1989-01-01,01,44.2
1990-01-01,01,46.1
1991-01-01,01,48.3
1992-01-01,01,51.5
1993-01-01,01,52.7
1994-01-01,01,55.4
1995-01-01,01,58.1
1996-01-01,01,61.5
1997-01-01,01,64.0
1998-01-01,01,69.7
1999-01-01,01,73.0
2000-01-01,01,74.4
2001-01-01,01,74.9
2002-01-01,01,75.4
2003-01-01,01,76.3
2004-01-01,01,78.0
2005-01-01,01,80.9
2006-01-01,01,83.6
2007-01-01,01,86.2
2008-01-01,01,93.8
2009-01-01,01,97.7
2010-01-01,01,100.0
2011-01-01,01,104.8
2012-01-01,01,107.6
2013-01-01,01,111.4
2014-01-01,01,115.2
2015-01-01,01,119.4
2016-01-01,01,123.9
2017-01-01,01,128.8
2018-01-01,01,130.9
2019-01-01,01,133.1
2020-01-01,01,134.8
2021-01-01,01,137.1
2022-01-01,01,145.0
2023-01-01,01,152.0
2024-01-01,01,155.0
2025-01-01,01,158.2
1980-01-01,02,18.1
1981-01-01,02,20.5
1982-01-01,02,21.8
1983-01-01,02,26.4
1984-01-01,02,27.4
1985-01-01,02,27.7
1986-01-01,02,28.1
1987-01-01,02,30.1
1988-01-01,02,30.6
1989-01-01,02,31.0
1990-01-01,02,32.0
1991-01-01,02,34.5
1992-01-01,02,37.5
1993-01-01,02,43.1
1994-01-01,02,45.2
1995-01-01,02,46.3
1996-01-01,02,47.3
1997-01-01,02,47.9
1998-01-01,02,50.0
1999-01-01,02,53.9
2000-01-01,02,55.5
2001-01-01,02,58.1
2002-01-01,02,60.5
2003-01-01,02,58.0
2004-01-01,02,64.3
2005-01-01,02,73.4
2006-01-01,02,78.5
2007-01-01,02,84.5
2008-01-01,02,90.7
2009-01-01,02,96.2
2010-01-01,02,100.0
2011-01-01,02,104.6
2012-01-01,02,105.0
2013-01-01,02,111.3
2014-01-01,02,124.2
2015-01-01,02,141.0
2016-01-01,02,165.2
2017-01-01,02,165.5
2018-01-01,02,165.3
2019-01-01,02,167.8
2020-01-01,02,168.3
2021-01-01,02,169.2
2022-01-01,02,170.1
2023-01-01,02,171.2
2024-01-01,02,172.4
2025-01-01,02,174.0
1980-01-01,03,87.0
1981-01-01,03,94.8
1982-01-01,03,98.5
1983-01-01,03,102.0
1984-01-01,03,103.7
1985-01-01,03,104.9
1986-01-01,03,105.4
1987-01-01,03,105.9
1988-01-01,03,108.1
1989-01-01,03,110.0
1990-01-01,03,111.8
1991-01-01,03,118.8
1992-01-01,03,122.3
1993-01-01,03,123.0
1994-01-01,03,122.0
1995-01-01,03,122.0
1996-01-01,03,121.2
1997-01-01,03,120.5
1998-01-01,03,121.1
1999-01-01,03,118.6
2000-01-01,03,116.6
2001-01-01,03,113.5
2002-01-01,03,111.0
2003-01-01,03,108.7
2004-01-01,03,106.7
2005-01-01,03,105.7
2006-01-01,03,104.3
2007-01-01,03,102.9
2008-01-01,03,102.3
2009-01-01,03,101.4
2010-01-01,03,100.0
2011-01-01,03,99.8
2012-01-01,03,99.2
2013-01-01,03,98.6
2014-01-01,03,98.4
2015-01-01,03,98.9
2016-01-01,03,98.5
2017-01-01,03,98.2
2018-01-01,03,96.2
2019-01-01,03,94.3
2020-01-01,03,93.5
2021-01-01,03,93.1
2022-01-01,03,93.2
2023-01-01,03,93.5
2024-01-01,03,93.2
2025-01-01,03,93.0
1980-01-01,04,48.8
1981-01-01,04,53.6
1982-01-01,04,57.1
1983-01-01,04,60.9
1984-01-01,04,65.1
1985-01-01,04,67.7
1986-01-01,04,68.3
1987-01-01,04,67.9
1988-01-01,04,66.5
1989-01-01,04,66.0
1990-01-01,04,66.2
1991-01-01,04,68.2
1992-01-01,04,68.2
1993-01-01,04,73.2
1994-01-01,04,75.0
1995-01-01,04,77.5
1996-01-01,04,80.0
1997-01-01,04,82.6
1998-01-01,04,86.1
1999-01-01,04,87.5
2000-01-01,04,88.8
2001-01-01,04,90.0
2002-01-01,04,90.6
2003-01-01,04,91.4
2004-01-01,04,92.3
2005-01-01,04,93.4
2006-01-01,04,94.8
2007-01-01,04,96.0
2008-01-01,04,97.5
2009-01-01,04,98.9
2010-01-01,04,100.0
2011-01-01,04,101.8
2012-01-01,04,103.4
2013-01-01,04,105.2
2014-01-01,04,108.8
2015-01-01,04,111.4
2016-01-01,04,114.2
2017-01-01,04,116.7
2018-01-01,04,119.0
2019-01-01,04,121.2
2020-01-01,04,119.2
2021-01-01,04,121.0
2022-01-01,04,123.2
2023-01-01,04,125.3
2024-01-01,04,129.0
2025-01-01,04,131.1
1980-01-01,05,60.1
1981-01-01,05,64.0
1982-01-01,05,66.1
1983-01-01,05,67.8
1984-01-01,05,68.0
1985-01-01,05,68.1
1986-01-01,05,68.5
1987-01-01,05,69.4
1988-01-01,05,71.4
1989-01-01,05,73.3
1990-01-01,05,74.6
1991-01-01,05,77.9
1992-01-01,05,77.9
1993-01-01,05,81.1
1994-01-01,05,82.4
1995-01-01,05,84.7
1996-01-01,05,85.6
1997-01-01,05,85.7
1998-01-01,05,89.0
1999-01-01,05,90.2
2000-01-01,05,90.2
2001-01-01,05,90.3
2002-01-01,05,89.9
2003-01-01,05,90.0
2004-01-01,05,90.4
2005-01-01,05,91.6
2006-01-01,05,92.6
2007-01-01,05,93.6
2008-01-01,05,96.4
2009-01-01,05,99.3
2010-01-01,05,99.9
2011-01-01,05,101.8
2012-01-01,05,103.8
2013-01-01,05,105.4
2014-01-01,05,106.5
2015-01-01,05,109.4
2016-01-01,05,112.0
2017-01-01,05,114.4
2018-01-01,05,114.8
2019-01-01,05,116.4
2020-01-01,05,116.7
2021-01-01,05,118.6
2022-01-01,05,122.8
2023-01-01,05,125.6
2024-01-01,05,126.5
2025-01-01,05,126.8
1980-01-01,06,39.0
1981-01-01,06,42.3
1982-01-01,06,44.7
1983-01-01,06,50.0
1984-01-01,06,50.6
1985-01-01,06,51.9
1986-01-01,06,52.7
1987-01-01,06,53.1
1988-01-01,06,53.9
1989-01-01,06,54.8
1990-01-01,06,56.2
1991-01-01,06,59.2
1992-01-01,06,59.2
1993-01-01,06,64.4
1994-01-01,06,66.6
1995-01-01,06,68.6
1996-01-01,06,71.1
1997-01-01,06,73.7
1998-01-01,06,78.3
1999-01-01,06,80.6
2000-01-01,06,82.3
2001-01-01,06,84.7
2002-01-01,06,86.7
2003-01-01,06,88.0
2004-01-01,06,89.3
2005-01-01,06,90.8
2006-01-01,06,92.8
2007-01-01,06,94.2
2008-01-01,06,96.3
2009-01-01,06,98.4
2010-01-01,06,100.0
2011-01-01,06,102.7
2012-01-01,06,104.8
2013-01-01,06,106.8
2014-01-01,06,109.9
2015-01-01,06,114.8
2016-01-01,06,117.9
2017-01-01,06,120.9
2018-01-01,06,121.9
2019-01-01,06,122.7
2020-01-01,06,124.1
2021-01-01,06,124.6
2022-01-01,06,125.5
2023-01-01,06,128.2
2024-01-01,06,130.5
2025-01-01,06,132.1
1980-01-01,07,38.3
1981-01-01,07,41.8
1982-01-01,07,43.3
1983-01-01,07,44.3
1984-01-01,07,46.1
1985-01-01,07,47.1
1986-01-01,07,47.2
1987-01-01,07,48.6
1988-01-01,07,51.9
1989-01-01,07,55.4
1990-01-01,07,58.2
1991-01-01,07,60.7
1992-01-01,07,60.7
1993-01-01,07,66.9
1994-01-01,07,69.9
1995-01-01,07,71.2
1996-01-01,07,72.2
1997-01-01,07,72.6
1998-01-01,07,72.5
1999-01-01,07,72.9
2000-01-01,07,74.4
2001-01-01,07,77.1
2002-01-01,07,82.2
2003-01-01,07,82.2
2004-01-01,07,82.7
2005-01-01,07,87.9
2006-01-01,07,97.5
2007-01-01,07,99.8
2008-01-01,07,108.6
2009-01-01,07,98.4
2010-01-01,07,100.0
2011-01-01,07,104.4
2012-01-01,07,105.1
2013-01-01,07,107.2
2014-01-01,07,112.4
2015-01-01,07,107.3
2016-01-01,07,102.4
2017-01-01,07,115.9
2018-01-01,07,117.7
2019-01-01,07,114.0
2020-01-01,07,102.6
2021-01-01,07,113.9
2022-01-01,07,119.2
2023-01-01,07,120.5
2024-01-01,07,121.7
2025-01-01,07,122.2
2003-01-01,08,103.3
2004-01-01,08,104.2
2005-01-01,08,104.1
2006-01-01,08,102.6
2007-01-01,08,101.3
2008-01-01,08,100.7
2009-01-01,08,100.2
2010-01-01,08,100.0
2011-01-01,08,99.7
2012-01-01,08,99.1
2013-01-01,08,98.4
2014-01-01,08,97.7
2015-01-01,08,99.6
2016-01-01,08,98.0
2017-01-01,08,97.7
2018-01-01,08,96.0
2019-01-01,08,96.4
2020-01-01,08,97.5
2021-01-01,08,97.5
2022-01-01,08,97.5
2023-01-01,08,94.6
2024-01-01,08,93.2
2025-01-01,08,89.2
1980-01-01,09,69.5
1981-01-01,09,73.3
1982-01-01,09,75.4
1983-01-01,09,75.4
1984-01-01,09,73.0
1985-01-01,09,72.1
1986-01-01,09,72.5
1987-01-01,09,74.1
1988-01-01,09,75.3
1989-01-01,09,75.7
1990-01-01,09,76.3
1991-01-01,09,78.3
1992-01-01,09,78.3
1993-01-01,09,81.0
1994-01-01,09,81.5
1995-01-01,09,83.6
1996-01-01,09,86.3
1997-01-01,09,86.7
1998-01-01,09,89.5
1999-01-01,09,91.8
2000-01-01,09,92.3
2001-01-01,09,92.2
2002-01-01,09,92.4
2003-01-01,09,94.0
2004-01-01,09,93.2
2005-01-01,09,93.3
2006-01-01,09,93.9
2007-01-01,09,95.2
2008-01-01,09,96.9
2009-01-01,09,98.4
2010-01-01,09,100.0
2011-01-01,09,102.0
2012-01-01,09,103.2
2013-01-01,09,103.3
2014-01-01,09,104.9
2015-01-01,09,106.7
2016-01-01,09,109.4
2017-01-01,09,111.5
2018-01-01,09,111.0
2019-01-01,09,111.8
2020-01-01,09,112.3
2021-01-01,09,112.8
2022-01-01,09,115.4
2023-01-01,09,117.0
2024-01-01,09,119.2
2025-01-01,09,120.5
2003-01-01,10,88.0
2004-01-01,10,89.2
2005-01-01,10,90.8
2006-01-01,10,92.3
2007-01-01,10,93.9
2008-01-01,10,96.1
2009-01-01,10,98.4
2010-01-01,10,100.0
2011-01-01,10,102.2
2012-01-01,10,104.7
2013-01-01,10,107.2
2014-01-01,10,109.8
2015-01-01,10,112.4
2016-01-01,10,114.8
2017-01-01,10,116.7
2018-01-01,10,118.0
2019-01-01,10,119.7
2020-01-01,10,120.9
2021-01-01,10,121.0
2022-01-01,10,122.4
2023-01-01,10,124.7
2024-01-01,10,126.6
2025-01-01,10,129.5
2003-01-01,11,79.0
2004-01-01,11,80.4
2005-01-01,11,83.2
2006-01-01,11,86.3
2007-01-01,11,89.5
2008-01-01,11,95.4
2009-01-01,11,98.1
2010-01-01,11,100.0
2011-01-01,11,105.9
2012-01-01,11,109.0
2013-01-01,11,111.7
2014-01-01,11,116.8
2015-01-01,11,121.7
2016-01-01,11,125.1
2017-01-01,11,128.2
2018-01-01,11,130.2
2019-01-01,11,131.8
2020-01-01,11,132.4
2021-01-01,11,132.9
2022-01-01,11,139.5
2023-01-01,11,147.3
2024-01-01,11,151.9
2025-01-01,11,156.7
2010-01-01,12,100.0
2011-01-01,12,100.1
2012-01-01,12,101.4
2013-01-01,12,103.0
2014-01-01,12,104.5
2015-01-01,12,108.8
2016-01-01,12,111.2
2017-01-01,12,111.6
2018-01-01,12,110.3
2019-01-01,12,109.9
2020-01-01,12,109.9
2021-01-01,12,109.9
2022-01-01,12,110.1
2023-01-01,12,110.2
2024-01-01,12,110.5
2025-01-01,12,114.3
2003-01-01,13,85.7
2004-01-01,13,86.9
2005-01-01,13,88.0
2006-01-01,13,90.0
2007-01-01,13,90.8
2008-01-01,13,93.9
2009-01-01,13,97.3
2010-01-01,13,100.0
2011-01-01,13,102.4
2012-01-01,13,104.4
2013-01-01,13,104.7
2014-01-01,13,105.4
2015-01-01,13,109.7
2016-01-01,13,112.9
2017-01-01,13,114.2
2018-01-01,13,112.6
2019-01-01,13,113.0
2020-01-01,13,116.0
2021-01-01,13,116.6
2022-01-01,13,118.9
2023-01-01,13,121.8
2024-01-01,13,125.5
2025-01-01,13,131.0
