series,date,type,value
abs,2015-01-01,e0,289405.0
abs,2015-01-01,e1,156534.0
abs,2015-01-01,e2,37301.0
abs,2015-01-01,e3,76314.0
abs,2015-01-01,e5,199909.0
abs,2015-01-01,e6,178546.0
abs,2015-04-01,e0,293440.0
abs,2015-04-01,e1,157064.0
abs,2015-04-01,e2,37571.0
abs,2015-04-01,e3,75372.0
abs,2015-04-01,e5,201521.0
abs,2015-04-01,e6,178030.0
abs,2015-07-01,e0,295320.0
abs,2015-07-01,e1,159193.0
abs,2015-07-01,e2,38674.0
abs,2015-07-01,e3,76247.0
abs,2015-07-01,e5,206897.0
abs,2015-07-01,e6,185053.0
abs,2015-10-01,e0,298775.0
abs,2015-10-01,e1,162309.0
abs,2015-10-01,e2,40475.0
abs,2015-10-01,e3,76491.0
abs,2015-10-01,e5,209043.0
abs,2015-10-01,e6,187149.0
abs,2016-01-01,e0,301541.0
abs,2016-01-01,e1,164470.0
abs,2016-01-01,e2,38154.0
abs,2016-01-01,e3,76172.0
abs,2016-01-01,e5,201878.0
abs,2016-01-01,e6,182798.0
abs,2016-04-01,e0,305570.0
abs,2016-04-01,e1,166710.0
abs,2016-04-01,e2,39478.0
abs,2016-04-01,e3,79983.0
abs,2016-04-01,e5,205743.0
abs,2016-04-01,e6,182951.0
abs,2016-07-01,e0,308986.0
abs,2016-07-01,e1,169002.0
abs,2016-07-01,e2,39358.0
abs,2016-07-01,e3,77467.0
abs,2016-07-01,e5,206464.0
abs,2016-07-01,e6,182385.0
abs,2016-10-01,e0,313215.0
abs,2016-10-01,e1,172079.0
abs,2016-10-01,e2,38650.0
abs,2016-10-01,e3,78567.0
abs,2016-10-01,e5,214071.0
abs,2016-10-01,e6,191095.0
abs,2017-01-01,e0,318402.0
abs,2017-01-01,e1,175569.0
abs,2017-01-01,e2,40782.0
abs,2017-01-01,e3,83712.0
abs,2017-01-01,e5,222854.0
abs,2017-01-01,e6,207938.0
abs,2017-04-01,e0,323144.0
abs,2017-04-01,e1,178319.0
abs,2017-04-01,e2,41139.0
abs,2017-04-01,e3,82323.0
abs,2017-04-01,e5,224503.0
abs,2017-04-01,e6,200161.0
abs,2017-07-01,e0,327941.0
abs,2017-07-01,e1,180911.0
abs,2017-07-01,e2,41013.0
abs,2017-07-01,e3,82547.0
abs,2017-07-01,e5,228309.0
abs,2017-07-01,e6,204052.0
abs,2017-10-01,e0,331282.0
abs,2017-10-01,e1,183903.0
abs,2017-10-01,e2,41515.0
abs,2017-10-01,e3,82511.0
abs,2017-10-01,e5,224398.0
abs,2017-10-01,e6,202420.0
abs,2018-01-01,e0,335826.0
abs,2018-01-01,e1,187865.0
abs,2018-01-01,e2,40844.0
abs,2018-01-01,e3,83535.0
abs,2018-01-01,e5,228143.0
abs,2018-01-01,e6,203974.0
abs,2018-04-01,e0,340482.0
abs,2018-04-01,e1,193454.0
abs,2018-04-01,e2,42514.0
abs,2018-04-01,e3,84187.0
abs,2018-04-01,e5,230269.0
abs,2018-04-01,e6,209425.0
abs,2018-07-01,e0,342809.0
abs,2018-07-01,e1,197213.0
abs,2018-07-01,e2,43112.0
abs,2018-07-01,e3,85124.0
abs,2018-07-01,e5,229630.0
abs,2018-07-01,e6,208638.0
abs,2018-10-01,e0,344650.0
abs,2018-10-01,e1,197521.0
abs,2018-10-01,e2,43560.0
abs,2018-10-01,e3,82747.0
abs,2018-10-01,e5,229421.0
abs,2018-10-01,e6,204657.0
abs,2019-01-01,e0,349838.0
abs,2019-01-01,e1,200386.0
abs,2019-01-01,e2,42987.0
abs,2019-01-01,e3,80164.0
abs,2019-01-01,e5,227381.0
abs,2019-01-01,e6,198290.0
abs,2019-04-01,e0,359011.0
abs,2019-04-01,e1,211220.0
abs,2019-04-01,e2,42795.0
abs,2019-04-01,e3,83989.0
abs,2019-04-01,e5,229974.0
abs,2019-04-01,e6,204085.0
abs,2019-07-01,e0,360555.0
abs,2019-07-01,e1,212912.0
abs,2019-07-01,e2,43032.0
abs,2019-07-01,e3,83279.0
abs,2019-07-01,e5,228421.0
abs,2019-07-01,e6,203023.0
abs,2019-10-01,e0,354549.0
abs,2019-10-01,e1,211197.0
abs,2019-10-01,e2,43846.0
abs,2019-10-01,e3,81103.0
abs,2019-10-01,e5,222101.0
abs,2019-10-01,e6,201553.0
abs,2020-01-01,e0,350298.0
abs,2020-01-01,e1,213039.0
abs,2020-01-01,e2,44576.0
abs,2020-01-01,e3,75130.0
abs,2020-01-01,e5,211425.0
abs,2020-01-01,e6,194395.0
abs,2020-04-01,e0,298748.0
abs,2020-04-01,e1,175082.0
abs,2020-04-01,e2,43027.0
abs,2020-04-01,e3,59419.0
abs,2020-04-01,e5,180438.0
abs,2020-04-01,e6,165413.0
abs,2020-07-01,e0,353212.0
abs,2020-07-01,e1,210454.0
abs,2020-07-01,e2,46456.0
abs,2020-07-01,e3,74723.0
abs,2020-07-01,e5,219067.0
abs,2020-07-01,e6,186863.0
abs,2020-10-01,e0,343991.0
abs,2020-10-01,e1,204173.0
abs,2020-10-01,e2,45662.0
abs,2020-10-01,e3,71904.0
abs,2020-10-01,e5,219227.0
abs,2020-10-01,e6,196416.0
abs,2021-01-01,e0,348913.0
abs,2021-01-01,e1,207830.0
abs,2021-01-01,e2,47126.0
abs,2021-01-01,e3,72258.0
abs,2021-01-01,e5,238042.0
abs,2021-01-01,e6,219196.0
abs,2021-04-01,e0,347755.0
abs,2021-04-01,e1,195761.0
abs,2021-04-01,e2,47759.0
abs,2021-04-01,e3,69945.0
abs,2021-04-01,e5,247069.0
abs,2021-04-01,e6,222855.0
abs,2021-07-01,e0,337669.0
abs,2021-07-01,e1,201387.0
abs,2021-07-01,e2,47159.0
abs,2021-07-01,e3,67076.0
abs,2021-07-01,e5,241796.0
abs,2021-07-01,e6,222893.0
abs,2021-10-01,e0,356545.0
abs,2021-10-01,e1,212125.0
abs,2021-10-01,e2,48165.0
abs,2021-10-01,e3,69964.0
abs,2021-10-01,e5,257187.0
abs,2021-10-01,e6,235571.0
abs,2022-01-01,e0,366325.0
abs,2022-01-01,e1,219664.0
abs,2022-01-01,e2,50393.0
abs,2022-01-01,e3,72234.0
abs,2022-01-01,e5,267867.0
abs,2022-01-01,e6,254474.0
abs,2022-04-01,e0,379469.0
abs,2022-04-01,e1,230421.0
abs,2022-04-01,e2,49726.0
abs,2022-04-01,e3,74004.0
abs,2022-04-01,e5,284221.0
abs,2022-04-01,e6,266003.0
abs,2022-07-01,e0,386120.0
abs,2022-07-01,e1,231001.0
abs,2022-07-01,e2,50474.0
abs,2022-07-01,e3,75646.0
abs,2022-07-01,e5,293536.0
abs,2022-07-01,e6,269805.0
abs,2022-10-01,e0,384589.0
abs,2022-10-01,e1,229277.0
abs,2022-10-01,e2,50355.0
abs,2022-10-01,e3,76456.0
abs,2022-10-01,e5,281249.0
abs,2022-10-01,e6,254247.0
abs,2023-01-01,e0,387968.0
abs,2023-01-01,e1,233655.0
abs,2023-01-01,e2,50152.0
abs,2023-01-01,e3,76361.0
abs,2023-01-01,e5,262055.0
abs,2023-01-01,e6,243789.0
abs,2023-04-01,e0,388984.0
abs,2023-04-01,e1,238072.0
abs,2023-04-01,e2,52128.0
abs,2023-04-01,e3,77935.0
abs,2023-04-01,e5,258379.0
abs,2023-04-01,e6,240517.0
abs,2023-07-01,e0,396667.0
abs,2023-07-01,e1,239887.0
abs,2023-07-01,e2,53096.0
abs,2023-07-01,e3,79081.0
abs,2023-07-01,e5,257027.0
abs,2023-07-01,e6,240655.0
abs,2023-10-01,e0,397155.0
abs,2023-10-01,e1,240216.0
abs,2023-10-01,e2,54267.0
abs,2023-10-01,e3,81116.0
abs,2023-10-01,e5,260624.0
abs,2023-10-01,e6,249046.0
abs,2024-01-01,e0,404502.0
abs,2024-01-01,e1,245229.0
abs,2024-01-01,e2,54329.0
abs,2024-01-01,e3,84299.0
abs,2024-01-01,e5,277170.0
abs,2024-01-01,e6,257182.0
abs,2024-04-01,e0,411680.0
abs,2024-04-01,e1,249681.0
abs,2024-04-01,e2,53582.0
abs,2024-04-01,e3,86586.0
abs,2024-04-01,e5,280037.0
abs,2024-04-01,e6,261792.0
abs,2024-07-01,e0,417129.0
abs,2024-07-01,e1,250030.0
abs,2024-07-01,e2,55746.0
abs,2024-07-01,e3,91094.0
abs,2024-07-01,e5,285393.0
abs,2024-07-01,e6,272653.0
abs,2024-10-01,e0,418425.0
abs,2024-10-01,e1,253039.0
abs,2024-10-01,e2,55275.0
abs,2024-10-01,e3,90652.0
abs,2024-10-01,e5,284498.0
abs,2024-10-01,e6,267166.0
abs,2025-01-01,e0,422335.964
abs,2025-01-01,e1,257090.0
abs,2025-01-01,e2,55838.0
abs,2025-01-01,e3,92712.4
abs,2025-01-01,e5,289045.0
abs,2025-01-01,e6,270629.0
abs,2025-04-01,e0,430244.882
abs,2025-04-01,e1,261706.0
abs,2025-04-01,e2,56746.3
abs,2025-04-01,e3,96865.0
abs,2025-04-01,e5,292785.0
abs,2025-04-01,e6,282063.0
abs,2025-07-01,e0,438936.053
abs,2025-07-01,e1,264621.0
abs,2025-07-01,e2,58848.5
abs,2025-07-01,e3,97727.3
abs,2025-07-01,e5,297887.0
abs,2025-07-01,e6,280806.0
abs,2025-10-01,e0,444930.627
abs,2025-10-01,e1,267535.0
abs,2025-10-01,e2,58923.7
abs,2025-10-01,e3,99270.6
abs,2025-10-01,e5,303177.0
abs,2025-10-01,e6,291425.0
abs,2026-01-01,e0,444811.618
abs,2026-01-01,e1,269083.356
abs,2026-01-01,e2,58134.608
abs,2026-01-01,e3,99560.219
abs,2026-01-01,e5,304034.897
abs,2026-01-01,e6,283147.149
abs,2026-04-01,e0,456021.953
abs,2026-04-01,e1,273743.415
abs,2026-04-01,e2,61142.388
abs,2026-04-01,e3,101352.737
abs,2026-04-01,e5,342707.295
abs,2026-04-01,e6,320945.892
