series,date,section,index,index_sa
abs,2010-01-01,A,92.7,
abs,2010-02-01,A,93.3,
abs,2010-03-01,A,96.1,
abs,2010-04-01,A,95.3,
abs,2010-05-01,A,94.1,
abs,2010-06-01,A,94.4,
abs,2010-07-01,A,93.7,
abs,2010-08-01,A,98.5,
abs,2010-09-01,A,99.4,
abs,2010-10-01,A,104.6,
abs,2010-11-01,A,114.2,
abs,2010-12-01,A,123.8,
abs,2011-01-01,A,131.5,
abs,2011-02-01,A,134.1,
abs,2011-03-01,A,123.0,
abs,2011-04-01,A,121.0,
abs,2011-05-01,A,121.4,
abs,2011-06-01,A,120.6,
abs,2011-07-01,A,115.6,
abs,2011-08-01,A,116.6,
abs,2011-09-01,A,116.1,
abs,2011-10-01,A,109.4,
abs,2011-11-01,A,113.2,
abs,2011-12-01,A,113.1,
abs,2012-01-01,A,115.5,
abs,2012-02-01,A,114.1,
abs,2012-03-01,A,118.3,
abs,2012-04-01,A,120.9,
abs,2012-05-01,A,114.8,
abs,2012-06-01,A,107.5,
abs,2012-07-01,A,108.7,
abs,2012-08-01,A,102.9,
abs,2012-09-01,A,100.6,
abs,2012-10-01,A,90.7,
abs,2012-11-01,A,89.4,
abs,2012-12-01,A,87.3,
abs,2013-01-01,A,91.6,
abs,2013-02-01,A,95.2,
abs,2013-03-01,A,93.4,
abs,2013-04-01,A,91.7,
abs,2013-05-01,A,91.7,
abs,2013-06-01,A,94.4,
abs,2013-07-01,A,93.2,
abs,2013-08-01,A,93.0,
abs,2013-09-01,A,93.8,
abs,2013-10-01,A,93.4,
abs,2013-11-01,A,98.4,
abs,2013-12-01,A,100.2,
abs,2014-01-01,A,99.9,
abs,2014-02-01,A,102.1,
abs,2014-03-01,A,107.0,
abs,2014-04-01,A,102.1,
abs,2014-05-01,A,99.5,
abs,2014-06-01,A,97.0,
abs,2014-07-01,A,95.4,
abs,2014-08-01,A,89.5,
abs,2014-09-01,A,87.4,
abs,2014-10-01,A,89.3,
abs,2014-11-01,A,90.8,
abs,2014-12-01,A,90.9,
abs,2015-01-01,A,95.2,
abs,2015-02-01,A,95.0,
abs,2015-03-01,A,95.0,
abs,2015-04-01,A,92.0,
abs,2015-05-01,A,91.4,
abs,2015-06-01,A,93.7,
abs,2015-07-01,A,92.1,
abs,2015-08-01,A,87.5,
abs,2015-09-01,A,88.4,
abs,2015-10-01,A,93.1,
abs,2015-11-01,A,91.0,
abs,2015-12-01,A,92.5,
abs,2016-01-01,A,95.8,
abs,2016-02-01,A,99.0,
abs,2016-03-01,A,102.9,
abs,2016-04-01,A,105.8,
abs,2016-05-01,A,105.9,
abs,2016-06-01,A,104.9,
abs,2016-07-01,A,102.0,
abs,2016-08-01,A,107.9,
abs,2016-09-01,A,113.4,
abs,2016-10-01,A,108.8,
abs,2016-11-01,A,115.3,
abs,2016-12-01,A,124.4,
abs,2017-01-01,A,127.8,123.4
abs,2017-02-01,A,128.0,123.6
abs,2017-03-01,A,117.1,113.0
abs,2017-04-01,A,110.0,107.6
abs,2017-05-01,A,112.7,111.9
abs,2017-06-01,A,110.1,110.4
abs,2017-07-01,A,110.0,111.3
abs,2017-08-01,A,111.4,116.1
abs,2017-09-01,A,115.1,118.2
abs,2017-10-01,A,113.5,117.9
abs,2017-11-01,A,113.2,115.2
abs,2017-12-01,A,107.2,107.2
abs,2018-01-01,A,110.1,106.2
abs,2018-02-01,A,107.3,103.6
abs,2018-03-01,A,104.2,100.7
abs,2018-04-01,A,102.5,100.3
abs,2018-05-01,A,101.9,101.2
abs,2018-06-01,A,99.0,99.4
abs,2018-07-01,A,97.4,98.6
abs,2018-08-01,A,96.7,100.8
abs,2018-09-01,A,96.2,98.7
abs,2018-10-01,A,93.5,97.0
abs,2018-11-01,A,87.5,89.0
abs,2018-12-01,A,88.3,88.2
abs,2019-01-01,A,94.7,90.7
abs,2019-02-01,A,94.9,90.9
abs,2019-03-01,A,89.4,89.5
abs,2019-04-01,A,90.3,90.3
abs,2019-05-01,A,88.9,90.0
abs,2019-06-01,A,89.9,92.3
abs,2019-07-01,A,91.1,93.5
abs,2019-08-01,A,95.8,96.5
abs,2019-09-01,A,95.1,94.5
abs,2019-10-01,A,94.9,95.4
abs,2019-11-01,A,104.9,105.3
abs,2019-12-01,A,107.6,108.9
abs,2020-01-01,A,111.7,106.9
abs,2020-02-01,A,103.6,99.2
abs,2020-03-01,A,101.4,101.7
abs,2020-04-01,A,98.2,98.4
abs,2020-05-01,A,93.8,95.0
abs,2020-06-01,A,103.5,106.4
abs,2020-07-01,A,104.4,107.2
abs,2020-08-01,A,110.7,111.3
abs,2020-09-01,A,113.5,112.5
abs,2020-10-01,A,114.8,115.4
abs,2020-11-01,A,127.5,127.9
abs,2020-12-01,A,132.9,134.6
abs,2021-01-01,A,136.9,129.1
abs,2021-02-01,A,139.9,135.5
abs,2021-03-01,A,143.1,144.7
abs,2021-04-01,A,147.1,150.5
abs,2021-05-01,A,150.1,154.0
abs,2021-06-01,A,134.3,138.1
abs,2021-07-01,A,137.3,141.4
abs,2021-08-01,A,141.2,141.7
abs,2021-09-01,A,141.6,142.1
abs,2021-10-01,A,143.3,146.5
abs,2021-11-01,A,151.8,147.5
abs,2021-12-01,A,147.4,144.1
abs,2022-01-01,A,154.0,145.2
abs,2022-02-01,A,164.6,159.5
abs,2022-03-01,A,178.7,178.3
abs,2022-04-01,A,173.6,175.0
abs,2022-05-01,A,175.2,179.1
abs,2022-06-01,A,158.6,162.7
abs,2022-07-01,A,123.2,128.2
abs,2022-08-01,A,126.3,127.6
abs,2022-09-01,A,119.6,121.8
abs,2022-10-01,A,117.2,121.2
abs,2022-11-01,A,123.7,119.7
abs,2022-12-01,A,121.6,118.1
abs,2023-01-01,A,121.8,116.067
abs,2023-02-01,A,121.7,117.41
abs,2023-03-01,A,127.5,124.487
abs,2023-04-01,A,128.5,124.596
abs,2023-05-01,A,127.6,128.976
abs,2023-06-01,A,126.3,126.273
abs,2023-07-01,A,127.6,133.109
abs,2023-08-01,A,125.1,129.33
abs,2023-09-01,A,123.4,128.887
abs,2023-10-01,A,121.6,127.681
abs,2023-11-01,A,123.2,120.808
abs,2023-12-01,A,123.2,121.589
abs,2024-01-01,A,125.7,123.5
abs,2024-02-01,A,129.0,125.2
abs,2024-03-01,A,134.5,126.6
abs,2024-04-01,A,135.5,127.1
abs,2024-05-01,A,129.2,125.8
abs,2024-06-01,A,130.6,129.2
abs,2024-07-01,A,132.0,136.1
abs,2024-08-01,A,128.5,135.1
abs,2024-09-01,A,130.6,138.9
abs,2024-10-01,A,138.4,147.1
abs,2024-11-01,A,150.1,151.3
abs,2024-12-01,A,152.5,154.5
abs,2025-01-01,A,146.5,146.544
abs,2025-02-01,A,148.6,144.834
abs,2025-03-01,A,147.8,138.344
abs,2025-04-01,A,139.0,129.425
abs,2025-05-01,A,131.5,128.12
abs,2025-06-01,A,130.2,127.645
abs,2025-07-01,A,133.5,134.718
abs,2025-08-01,A,137.9,144.564
abs,2025-09-01,A,140.8,150.132
abs,2025-10-01,A,142.1,150.803
abs,2025-11-01,A,135.5,137.601
abs,2025-12-01,A,134.0,137.608
abs,2026-01-01,A,134.4,133.5
abs,2026-02-01,A,135.7,131.8
abs,2026-03-01,A,139.5,131.4
abs,2026-04-01,A,142.8,136.5
abs,2026-05-01,A,143.2,143.1
abs,2026-06-01,A,142.1,143.9
abs,2026-07-01,A,143.1,145.7
growth_yoy,2011-01-01,A,41.855,
growth_yoy,2011-02-01,A,43.73,
growth_yoy,2011-03-01,A,27.992,
growth_yoy,2011-04-01,A,26.967,
growth_yoy,2011-05-01,A,29.012,
growth_yoy,2011-06-01,A,27.754,
growth_yoy,2011-07-01,A,23.372,
growth_yoy,2011-08-01,A,18.376,
growth_yoy,2011-09-01,A,16.801,
growth_yoy,2011-10-01,A,4.589,
growth_yoy,2011-11-01,A,-0.876,
growth_yoy,2011-12-01,A,-8.643,
growth_yoy,2012-01-01,A,-12.167,
growth_yoy,2012-02-01,A,-14.914,
growth_yoy,2012-03-01,A,-3.821,
growth_yoy,2012-04-01,A,-0.083,
growth_yoy,2012-05-01,A,-5.437,
growth_yoy,2012-06-01,A,-10.862,
growth_yoy,2012-07-01,A,-5.969,
growth_yoy,2012-08-01,A,-11.75,
growth_yoy,2012-09-01,A,-13.351,
growth_yoy,2012-10-01,A,-17.093,
growth_yoy,2012-11-01,A,-21.025,
growth_yoy,2012-12-01,A,-22.812,
growth_yoy,2013-01-01,A,-20.693,
growth_yoy,2013-02-01,A,-16.564,
growth_yoy,2013-03-01,A,-21.048,
growth_yoy,2013-04-01,A,-24.152,
growth_yoy,2013-05-01,A,-20.122,
growth_yoy,2013-06-01,A,-12.186,
growth_yoy,2013-07-01,A,-14.259,
growth_yoy,2013-08-01,A,-9.621,
growth_yoy,2013-09-01,A,-6.759,
growth_yoy,2013-10-01,A,2.977,
growth_yoy,2013-11-01,A,10.067,
growth_yoy,2013-12-01,A,14.777,
growth_yoy,2014-01-01,A,9.061,
growth_yoy,2014-02-01,A,7.248,
growth_yoy,2014-03-01,A,14.561,
growth_yoy,2014-04-01,A,11.341,
growth_yoy,2014-05-01,A,8.506,
growth_yoy,2014-06-01,A,2.754,
growth_yoy,2014-07-01,A,2.361,
growth_yoy,2014-08-01,A,-3.763,
growth_yoy,2014-09-01,A,-6.823,
growth_yoy,2014-10-01,A,-4.39,
growth_yoy,2014-11-01,A,-7.724,
growth_yoy,2014-12-01,A,-9.281,
growth_yoy,2015-01-01,A,-4.705,
growth_yoy,2015-02-01,A,-6.954,
growth_yoy,2015-03-01,A,-11.215,
growth_yoy,2015-04-01,A,-9.892,
growth_yoy,2015-05-01,A,-8.141,
growth_yoy,2015-06-01,A,-3.402,
growth_yoy,2015-07-01,A,-3.459,
growth_yoy,2015-08-01,A,-2.235,
growth_yoy,2015-09-01,A,1.144,
growth_yoy,2015-10-01,A,4.255,
growth_yoy,2015-11-01,A,0.22,
growth_yoy,2015-12-01,A,1.76,
growth_yoy,2016-01-01,A,0.63,
growth_yoy,2016-02-01,A,4.211,
growth_yoy,2016-03-01,A,8.316,
growth_yoy,2016-04-01,A,15.0,
growth_yoy,2016-05-01,A,15.864,
growth_yoy,2016-06-01,A,11.953,
growth_yoy,2016-07-01,A,10.749,
growth_yoy,2016-08-01,A,23.314,
growth_yoy,2016-09-01,A,28.281,
growth_yoy,2016-10-01,A,16.864,
growth_yoy,2016-11-01,A,26.703,
growth_yoy,2016-12-01,A,34.486,
growth_yoy,2017-01-01,A,33.403,
growth_yoy,2017-02-01,A,29.293,
growth_yoy,2017-03-01,A,13.8,
growth_yoy,2017-04-01,A,3.97,
growth_yoy,2017-05-01,A,6.421,
growth_yoy,2017-06-01,A,4.957,
growth_yoy,2017-07-01,A,7.843,
growth_yoy,2017-08-01,A,3.244,
growth_yoy,2017-09-01,A,1.499,
growth_yoy,2017-10-01,A,4.32,
growth_yoy,2017-11-01,A,-1.821,
growth_yoy,2017-12-01,A,-13.826,
growth_yoy,2018-01-01,A,-13.85,
growth_yoy,2018-02-01,A,-16.172,
growth_yoy,2018-03-01,A,-11.016,
growth_yoy,2018-04-01,A,-6.818,
growth_yoy,2018-05-01,A,-9.583,
growth_yoy,2018-06-01,A,-10.082,
growth_yoy,2018-07-01,A,-11.455,
growth_yoy,2018-08-01,A,-13.196,
growth_yoy,2018-09-01,A,-16.421,
growth_yoy,2018-10-01,A,-17.621,
growth_yoy,2018-11-01,A,-22.703,
growth_yoy,2018-12-01,A,-17.631,
growth_yoy,2019-01-01,A,-13.987,
growth_yoy,2019-02-01,A,-11.556,
growth_yoy,2019-03-01,A,-14.203,
growth_yoy,2019-04-01,A,-11.902,
growth_yoy,2019-05-01,A,-12.758,
growth_yoy,2019-06-01,A,-9.192,
growth_yoy,2019-07-01,A,-6.468,
growth_yoy,2019-08-01,A,-0.931,
growth_yoy,2019-09-01,A,-1.143,
growth_yoy,2019-10-01,A,1.497,
growth_yoy,2019-11-01,A,19.886,
growth_yoy,2019-12-01,A,21.857,
growth_yoy,2020-01-01,A,17.951,
growth_yoy,2020-02-01,A,9.168,
growth_yoy,2020-03-01,A,13.423,
growth_yoy,2020-04-01,A,8.749,
growth_yoy,2020-05-01,A,5.512,
growth_yoy,2020-06-01,A,15.128,
growth_yoy,2020-07-01,A,14.599,
growth_yoy,2020-08-01,A,15.553,
growth_yoy,2020-09-01,A,19.348,
growth_yoy,2020-10-01,A,20.969,
growth_yoy,2020-11-01,A,21.544,
growth_yoy,2020-12-01,A,23.513,
growth_yoy,2021-01-01,A,22.56,
growth_yoy,2021-02-01,A,35.039,
growth_yoy,2021-03-01,A,41.124,
growth_yoy,2021-04-01,A,49.796,
growth_yoy,2021-05-01,A,60.021,
growth_yoy,2021-06-01,A,29.758,
growth_yoy,2021-07-01,A,31.513,
growth_yoy,2021-08-01,A,27.552,
growth_yoy,2021-09-01,A,24.758,
growth_yoy,2021-10-01,A,24.826,
growth_yoy,2021-11-01,A,19.059,
growth_yoy,2021-12-01,A,10.91,
growth_yoy,2022-01-01,A,12.491,
growth_yoy,2022-02-01,A,17.655,
growth_yoy,2022-03-01,A,24.878,
growth_yoy,2022-04-01,A,18.015,
growth_yoy,2022-05-01,A,16.722,
growth_yoy,2022-06-01,A,18.094,
growth_yoy,2022-07-01,A,-10.269,
growth_yoy,2022-08-01,A,-10.552,
growth_yoy,2022-09-01,A,-15.537,
growth_yoy,2022-10-01,A,-18.214,
growth_yoy,2022-11-01,A,-18.511,
growth_yoy,2022-12-01,A,-17.503,
growth_yoy,2023-01-01,A,-20.909,
growth_yoy,2023-02-01,A,-26.063,
growth_yoy,2023-03-01,A,-28.651,
growth_yoy,2023-04-01,A,-25.979,
growth_yoy,2023-05-01,A,-27.169,
growth_yoy,2023-06-01,A,-20.366,
growth_yoy,2023-07-01,A,3.571,
growth_yoy,2023-08-01,A,-0.95,
growth_yoy,2023-09-01,A,3.177,
growth_yoy,2023-10-01,A,3.754,
growth_yoy,2023-11-01,A,-0.404,
growth_yoy,2023-12-01,A,1.316,
growth_yoy,2024-01-01,A,3.202,
growth_yoy,2024-02-01,A,5.998,
growth_yoy,2024-03-01,A,5.49,
growth_yoy,2024-04-01,A,5.447,
growth_yoy,2024-05-01,A,1.254,
growth_yoy,2024-06-01,A,3.405,
growth_yoy,2024-07-01,A,3.448,
growth_yoy,2024-08-01,A,2.718,
growth_yoy,2024-09-01,A,5.835,
growth_yoy,2024-10-01,A,13.816,
growth_yoy,2024-11-01,A,21.834,
growth_yoy,2024-12-01,A,23.782,
growth_yoy,2025-01-01,A,16.547,
growth_yoy,2025-02-01,A,15.194,
growth_yoy,2025-03-01,A,9.888,
growth_yoy,2025-04-01,A,2.583,
growth_yoy,2025-05-01,A,1.78,
growth_yoy,2025-06-01,A,-0.306,
growth_yoy,2025-07-01,A,1.136,
growth_yoy,2025-08-01,A,7.315,
growth_yoy,2025-09-01,A,7.81,
growth_yoy,2025-10-01,A,2.673,
growth_yoy,2025-11-01,A,-9.727,
growth_yoy,2025-12-01,A,-12.131,
growth_yoy,2026-01-01,A,-8.259,
growth_yoy,2026-02-01,A,-8.681,
growth_yoy,2026-03-01,A,-5.616,
growth_yoy,2026-04-01,A,2.734,
growth_yoy,2026-05-01,A,8.897,
growth_yoy,2026-06-01,A,9.14,
growth_yoy,2026-07-01,A,7.191,
growth_mom,2010-02-01,A,0.647,
growth_mom,2010-03-01,A,3.001,
growth_mom,2010-04-01,A,-0.832,
growth_mom,2010-05-01,A,-1.259,
growth_mom,2010-06-01,A,0.319,
growth_mom,2010-07-01,A,-0.742,
growth_mom,2010-08-01,A,5.123,
growth_mom,2010-09-01,A,0.914,
growth_mom,2010-10-01,A,5.231,
growth_mom,2010-11-01,A,9.178,
growth_mom,2010-12-01,A,8.406,
growth_mom,2011-01-01,A,6.22,
growth_mom,2011-02-01,A,1.977,
growth_mom,2011-03-01,A,-8.277,
growth_mom,2011-04-01,A,-1.626,
growth_mom,2011-05-01,A,0.331,
growth_mom,2011-06-01,A,-0.659,
growth_mom,2011-07-01,A,-4.146,
growth_mom,2011-08-01,A,0.865,
growth_mom,2011-09-01,A,-0.429,
growth_mom,2011-10-01,A,-5.771,
growth_mom,2011-11-01,A,3.473,
growth_mom,2011-12-01,A,-0.088,
growth_mom,2012-01-01,A,2.122,
growth_mom,2012-02-01,A,-1.212,
growth_mom,2012-03-01,A,3.681,
growth_mom,2012-04-01,A,2.198,
growth_mom,2012-05-01,A,-5.045,
growth_mom,2012-06-01,A,-6.359,
growth_mom,2012-07-01,A,1.116,
growth_mom,2012-08-01,A,-5.336,
growth_mom,2012-09-01,A,-2.235,
growth_mom,2012-10-01,A,-9.841,
growth_mom,2012-11-01,A,-1.433,
growth_mom,2012-12-01,A,-2.349,
growth_mom,2013-01-01,A,4.926,
growth_mom,2013-02-01,A,3.93,
growth_mom,2013-03-01,A,-1.891,
growth_mom,2013-04-01,A,-1.82,
growth_mom,2013-05-01,A,0.0,
growth_mom,2013-06-01,A,2.944,
growth_mom,2013-07-01,A,-1.271,
growth_mom,2013-08-01,A,-0.215,
growth_mom,2013-09-01,A,0.86,
growth_mom,2013-10-01,A,-0.426,
growth_mom,2013-11-01,A,5.353,
growth_mom,2013-12-01,A,1.829,
growth_mom,2014-01-01,A,-0.299,
growth_mom,2014-02-01,A,2.202,
growth_mom,2014-03-01,A,4.799,
growth_mom,2014-04-01,A,-4.579,
growth_mom,2014-05-01,A,-2.547,
growth_mom,2014-06-01,A,-2.513,
growth_mom,2014-07-01,A,-1.649,
growth_mom,2014-08-01,A,-6.184,
growth_mom,2014-09-01,A,-2.346,
growth_mom,2014-10-01,A,2.174,
growth_mom,2014-11-01,A,1.68,
growth_mom,2014-12-01,A,0.11,
growth_mom,2015-01-01,A,4.73,
growth_mom,2015-02-01,A,-0.21,
growth_mom,2015-03-01,A,0.0,
growth_mom,2015-04-01,A,-3.158,
growth_mom,2015-05-01,A,-0.652,
growth_mom,2015-06-01,A,2.516,
growth_mom,2015-07-01,A,-1.708,
growth_mom,2015-08-01,A,-4.995,
growth_mom,2015-09-01,A,1.029,
growth_mom,2015-10-01,A,5.317,
growth_mom,2015-11-01,A,-2.256,
growth_mom,2015-12-01,A,1.648,
growth_mom,2016-01-01,A,3.568,
growth_mom,2016-02-01,A,3.34,
growth_mom,2016-03-01,A,3.939,
growth_mom,2016-04-01,A,2.818,
growth_mom,2016-05-01,A,0.095,
growth_mom,2016-06-01,A,-0.944,
growth_mom,2016-07-01,A,-2.765,
growth_mom,2016-08-01,A,5.784,
growth_mom,2016-09-01,A,5.097,
growth_mom,2016-10-01,A,-4.056,
growth_mom,2016-11-01,A,5.974,
growth_mom,2016-12-01,A,7.892,
growth_mom,2017-01-01,A,2.733,
growth_mom,2017-02-01,A,0.156,0.162
growth_mom,2017-03-01,A,-8.516,-8.576
growth_mom,2017-04-01,A,-6.063,-4.779
growth_mom,2017-05-01,A,2.455,3.996
growth_mom,2017-06-01,A,-2.307,-1.34
growth_mom,2017-07-01,A,-0.091,0.815
growth_mom,2017-08-01,A,1.273,4.313
growth_mom,2017-09-01,A,3.321,1.809
growth_mom,2017-10-01,A,-1.39,-0.254
growth_mom,2017-11-01,A,-0.264,-2.29
growth_mom,2017-12-01,A,-5.3,-6.944
growth_mom,2018-01-01,A,2.705,-0.933
growth_mom,2018-02-01,A,-2.543,-2.448
growth_mom,2018-03-01,A,-2.889,-2.799
growth_mom,2018-04-01,A,-1.631,-0.397
growth_mom,2018-05-01,A,-0.585,0.897
growth_mom,2018-06-01,A,-2.846,-1.779
growth_mom,2018-07-01,A,-1.616,-0.805
growth_mom,2018-08-01,A,-0.719,2.231
growth_mom,2018-09-01,A,-0.517,-2.083
growth_mom,2018-10-01,A,-2.807,-1.722
growth_mom,2018-11-01,A,-6.417,-8.247
growth_mom,2018-12-01,A,0.914,-0.899
growth_mom,2019-01-01,A,7.248,2.834
growth_mom,2019-02-01,A,0.211,0.221
growth_mom,2019-03-01,A,-5.796,-1.54
growth_mom,2019-04-01,A,1.007,0.894
growth_mom,2019-05-01,A,-1.55,-0.332
growth_mom,2019-06-01,A,1.125,2.556
growth_mom,2019-07-01,A,1.335,1.3
growth_mom,2019-08-01,A,5.159,3.209
growth_mom,2019-09-01,A,-0.731,-2.073
growth_mom,2019-10-01,A,-0.21,0.952
growth_mom,2019-11-01,A,10.537,10.377
growth_mom,2019-12-01,A,2.574,3.419
growth_mom,2020-01-01,A,3.81,-1.837
growth_mom,2020-02-01,A,-7.252,-7.203
growth_mom,2020-03-01,A,-2.124,2.52
growth_mom,2020-04-01,A,-3.156,-3.245
growth_mom,2020-05-01,A,-4.481,-3.455
growth_mom,2020-06-01,A,10.341,12.0
growth_mom,2020-07-01,A,0.87,0.752
growth_mom,2020-08-01,A,6.034,3.825
growth_mom,2020-09-01,A,2.529,1.078
growth_mom,2020-10-01,A,1.145,2.578
growth_mom,2020-11-01,A,11.063,10.832
growth_mom,2020-12-01,A,4.235,5.238
growth_mom,2021-01-01,A,3.01,-4.086
growth_mom,2021-02-01,A,2.191,4.957
growth_mom,2021-03-01,A,2.287,6.79
growth_mom,2021-04-01,A,2.795,4.008
growth_mom,2021-05-01,A,2.039,2.326
growth_mom,2021-06-01,A,-10.526,-10.325
growth_mom,2021-07-01,A,2.234,2.39
growth_mom,2021-08-01,A,2.84,0.212
growth_mom,2021-09-01,A,0.283,0.282
growth_mom,2021-10-01,A,1.201,3.096
growth_mom,2021-11-01,A,5.932,0.683
growth_mom,2021-12-01,A,-2.899,-2.305
growth_mom,2022-01-01,A,4.478,0.763
growth_mom,2022-02-01,A,6.883,9.848
growth_mom,2022-03-01,A,8.566,11.787
growth_mom,2022-04-01,A,-2.854,-1.851
growth_mom,2022-05-01,A,0.922,2.343
growth_mom,2022-06-01,A,-9.475,-9.157
growth_mom,2022-07-01,A,-22.32,-21.205
growth_mom,2022-08-01,A,2.516,-0.468
growth_mom,2022-09-01,A,-5.305,-4.545
growth_mom,2022-10-01,A,-2.007,-0.493
growth_mom,2022-11-01,A,5.546,-1.238
growth_mom,2022-12-01,A,-1.698,-1.337
growth_mom,2023-01-01,A,0.164,-1.721
growth_mom,2023-02-01,A,-0.082,1.157
growth_mom,2023-03-01,A,4.766,6.028
growth_mom,2023-04-01,A,0.784,0.088
growth_mom,2023-05-01,A,-0.7,3.515
growth_mom,2023-06-01,A,-1.019,-2.095
growth_mom,2023-07-01,A,1.029,5.414
growth_mom,2023-08-01,A,-1.959,-2.839
growth_mom,2023-09-01,A,-1.359,-0.343
growth_mom,2023-10-01,A,-1.459,-0.935
growth_mom,2023-11-01,A,1.316,-5.383
growth_mom,2023-12-01,A,0.0,0.646
growth_mom,2024-01-01,A,2.029,1.572
growth_mom,2024-02-01,A,2.625,1.377
growth_mom,2024-03-01,A,4.264,1.118
growth_mom,2024-04-01,A,0.743,0.395
growth_mom,2024-05-01,A,-4.649,-1.023
growth_mom,2024-06-01,A,1.084,2.703
growth_mom,2024-07-01,A,1.072,5.341
growth_mom,2024-08-01,A,-2.652,-0.735
growth_mom,2024-09-01,A,1.634,2.813
growth_mom,2024-10-01,A,5.972,5.904
growth_mom,2024-11-01,A,8.454,2.855
growth_mom,2024-12-01,A,1.599,2.115
growth_mom,2025-01-01,A,-3.934,-5.15
growth_mom,2025-02-01,A,1.433,-1.167
growth_mom,2025-03-01,A,-0.538,-4.481
growth_mom,2025-04-01,A,-5.954,-6.447
growth_mom,2025-05-01,A,-5.396,-1.008
growth_mom,2025-06-01,A,-0.989,-0.371
growth_mom,2025-07-01,A,2.535,5.541
growth_mom,2025-08-01,A,3.296,7.309
growth_mom,2025-09-01,A,2.103,3.851
growth_mom,2025-10-01,A,0.923,0.447
growth_mom,2025-11-01,A,-4.645,-8.754
growth_mom,2025-12-01,A,-1.107,0.005
growth_mom,2026-01-01,A,0.299,-2.985
growth_mom,2026-02-01,A,0.967,-1.273
growth_mom,2026-03-01,A,2.8,-0.303
growth_mom,2026-04-01,A,2.366,3.881
growth_mom,2026-05-01,A,0.28,4.835
growth_mom,2026-06-01,A,-0.768,0.559
growth_mom,2026-07-01,A,0.704,1.251
abs,2010-01-01,B,99.4,
abs,2010-02-01,B,97.8,
abs,2010-03-01,B,108.6,
abs,2010-04-01,B,107.7,
abs,2010-05-01,B,91.4,
abs,2010-06-01,B,97.6,
abs,2010-07-01,B,98.4,
abs,2010-08-01,B,97.0,
abs,2010-09-01,B,90.4,
abs,2010-10-01,B,105.7,
abs,2010-11-01,B,100.5,
abs,2010-12-01,B,105.5,
abs,2011-01-01,B,109.8,
abs,2011-02-01,B,107.8,
abs,2011-03-01,B,133.2,
abs,2011-04-01,B,138.7,
abs,2011-05-01,B,137.2,
abs,2011-06-01,B,139.6,
abs,2011-07-01,B,143.6,
abs,2011-08-01,B,144.5,
abs,2011-09-01,B,143.9,
abs,2011-10-01,B,146.8,
abs,2011-11-01,B,140.2,
abs,2011-12-01,B,148.1,
abs,2012-01-01,B,142.1,
abs,2012-02-01,B,149.9,
abs,2012-03-01,B,157.2,
abs,2012-04-01,B,152.5,
abs,2012-05-01,B,139.5,
abs,2012-06-01,B,129.6,
abs,2012-07-01,B,138.3,
abs,2012-08-01,B,148.1,
abs,2012-09-01,B,145.1,
abs,2012-10-01,B,138.7,
abs,2012-11-01,B,128.8,
abs,2012-12-01,B,122.8,
abs,2013-01-01,B,137.5,
abs,2013-02-01,B,145.2,
abs,2013-03-01,B,135.4,
abs,2013-04-01,B,133.8,
abs,2013-05-01,B,129.6,
abs,2013-06-01,B,136.2,
abs,2013-07-01,B,141.4,
abs,2013-08-01,B,145.3,
abs,2013-09-01,B,145.9,
abs,2013-10-01,B,145.0,
abs,2013-11-01,B,144.7,
abs,2013-12-01,B,147.5,
abs,2014-01-01,B,144.4,
abs,2014-02-01,B,152.0,
abs,2014-03-01,B,147.9,
abs,2014-04-01,B,144.9,
abs,2014-05-01,B,145.4,
abs,2014-06-01,B,143.6,
abs,2014-07-01,B,137.9,
abs,2014-08-01,B,131.0,
abs,2014-09-01,B,133.2,
abs,2014-10-01,B,122.1,
abs,2014-11-01,B,116.1,
abs,2014-12-01,B,98.7,
abs,2015-01-01,B,88.8,
abs,2015-02-01,B,96.5,
abs,2015-03-01,B,92.0,
abs,2015-04-01,B,98.2,
abs,2015-05-01,B,94.7,
abs,2015-06-01,B,81.0,
abs,2015-07-01,B,81.2,
abs,2015-08-01,B,77.4,
abs,2015-09-01,B,80.5,
abs,2015-10-01,B,83.8,
abs,2015-11-01,B,79.1,
abs,2015-12-01,B,80.5,
abs,2016-01-01,B,66.9,
abs,2016-02-01,B,69.7,
abs,2016-03-01,B,69.1,
abs,2016-04-01,B,69.1,
abs,2016-05-01,B,72.8,
abs,2016-06-01,B,73.2,
abs,2016-07-01,B,67.0,
abs,2016-08-01,B,72.2,
abs,2016-09-01,B,71.4,
abs,2016-10-01,B,78.7,
abs,2016-11-01,B,75.3,
abs,2016-12-01,B,89.8,
abs,2017-01-01,B,95.5,102.2
abs,2017-02-01,B,94.6,92.8
abs,2017-03-01,B,92.1,91.7
abs,2017-04-01,B,91.2,89.6
abs,2017-05-01,B,85.1,83.0
abs,2017-06-01,B,80.7,83.3
abs,2017-07-01,B,83.1,86.5
abs,2017-08-01,B,84.9,87.6
abs,2017-09-01,B,93.4,92.6
abs,2017-10-01,B,94.1,91.1
abs,2017-11-01,B,98.4,94.7
abs,2017-12-01,B,97.8,95.3
abs,2018-01-01,B,104.0,111.7
abs,2018-02-01,B,97.5,95.7
abs,2018-03-01,B,97.4,97.0
abs,2018-04-01,B,105.7,103.8
abs,2018-05-01,B,110.5,107.6
abs,2018-06-01,B,107.4,111.1
abs,2018-07-01,B,110.2,115.1
abs,2018-08-01,B,109.2,113.0
abs,2018-09-01,B,120.4,119.5
abs,2018-10-01,B,122.9,118.8
abs,2018-11-01,B,102.8,98.8
abs,2018-12-01,B,93.6,91.0
abs,2019-01-01,B,95.3,95.5
abs,2019-02-01,B,99.8,99.8
abs,2019-03-01,B,100.3,101.7
abs,2019-04-01,B,107.2,105.2
abs,2019-05-01,B,110.1,107.7
abs,2019-06-01,B,100.5,103.7
abs,2019-07-01,B,99.3,103.1
abs,2019-08-01,B,97.3,100.8
abs,2019-09-01,B,103.1,100.2
abs,2019-10-01,B,100.5,100.3
abs,2019-11-01,B,109.4,107.6
abs,2019-12-01,B,111.7,108.5
abs,2020-01-01,B,104.1,104.1
abs,2020-02-01,B,94.6,94.5
abs,2020-03-01,B,64.4,65.3
abs,2020-04-01,B,44.7,43.9
abs,2020-05-01,B,52.1,51.1
abs,2020-06-01,B,57.8,59.7
abs,2020-07-01,B,62.6,65.0
abs,2020-08-01,B,64.5,66.8
abs,2020-09-01,B,58.6,56.8
abs,2020-10-01,B,56.8,56.8
abs,2020-11-01,B,59.3,58.4
abs,2020-12-01,B,67.0,65.1
abs,2021-01-01,B,74.6,71.1
abs,2021-02-01,B,84.2,83.2
abs,2021-03-01,B,85.0,91.4
abs,2021-04-01,B,86.0,87.1
abs,2021-05-01,B,87.8,89.0
abs,2021-06-01,B,95.0,100.7
abs,2021-07-01,B,98.7,101.4
abs,2021-08-01,B,97.9,101.7
abs,2021-09-01,B,98.5,94.3
abs,2021-10-01,B,103.9,104.1
abs,2021-11-01,B,101.5,97.5
abs,2021-12-01,B,97.2,90.3
abs,2022-01-01,B,100.2,94.3
abs,2022-02-01,B,103.8,98.0
abs,2022-03-01,B,109.0,112.1
abs,2022-04-01,B,101.8,104.5
abs,2022-05-01,B,105.9,110.6
abs,2022-06-01,B,111.6,115.5
abs,2022-07-01,B,107.6,111.0
abs,2022-08-01,B,103.6,107.9
abs,2022-09-01,B,98.5,98.0
abs,2022-10-01,B,103.4,103.5
abs,2022-11-01,B,103.9,101.1
abs,2022-12-01,B,100.8,96.0
abs,2023-01-01,B,98.0,96.1
abs,2023-02-01,B,97.1,93.4
abs,2023-03-01,B,96.5,95.0
abs,2023-04-01,B,97.0,98.7
abs,2023-05-01,B,94.6,97.3
abs,2023-06-01,B,93.1,92.7
abs,2023-07-01,B,96.0,96.3
abs,2023-08-01,B,99.7,101.4
abs,2023-09-01,B,105.3,106.4
abs,2023-10-01,B,103.9,103.1
abs,2023-11-01,B,99.0,99.4
abs,2023-12-01,B,97.4,98.5
abs,2024-01-01,B,96.7,95.0
abs,2024-02-01,B,102.2,98.3
abs,2024-03-01,B,104.5,102.6
abs,2024-04-01,B,106.7,108.6
abs,2024-05-01,B,100.8,103.8
abs,2024-06-01,B,97.4,96.8
abs,2024-07-01,B,98.1,98.3
abs,2024-08-01,B,91.4,92.9
abs,2024-09-01,B,88.3,89.4
abs,2024-10-01,B,85.9,85.1
abs,2024-11-01,B,90.8,91.3
abs,2024-12-01,B,90.6,91.9
abs,2025-01-01,B,95.4,97.1
abs,2025-02-01,B,92.3,90.7
abs,2025-03-01,B,88.8,87.0
abs,2025-04-01,B,87.7,87.9
abs,2025-05-01,B,85.7,86.2
abs,2025-06-01,B,89.6,89.1
abs,2025-07-01,B,89.6,88.8
abs,2025-08-01,B,88.3,88.9
abs,2025-09-01,B,89.3,91.1
abs,2025-10-01,B,85.0,84.3
abs,2025-11-01,B,84.3,84.5
abs,2025-12-01,B,82.6,84.6
abs,2026-01-01,B,84.2,85.9
abs,2026-02-01,B,84.5,83.2
abs,2026-03-01,B,112.3,110.1
abs,2026-04-01,B,134.5,134.6
abs,2026-05-01,B,130.8,131.3
abs,2026-06-01,B,115.6,115.0
abs,2026-07-01,B,116.9,115.9
growth_yoy,2011-01-01,B,10.463,
growth_yoy,2011-02-01,B,10.225,
growth_yoy,2011-03-01,B,22.652,
growth_yoy,2011-04-01,B,28.784,
growth_yoy,2011-05-01,B,50.109,
growth_yoy,2011-06-01,B,43.033,
growth_yoy,2011-07-01,B,45.935,
growth_yoy,2011-08-01,B,48.969,
growth_yoy,2011-09-01,B,59.181,
growth_yoy,2011-10-01,B,38.884,
growth_yoy,2011-11-01,B,39.502,
growth_yoy,2011-12-01,B,40.379,
growth_yoy,2012-01-01,B,29.417,
growth_yoy,2012-02-01,B,39.054,
growth_yoy,2012-03-01,B,18.018,
growth_yoy,2012-04-01,B,9.95,
growth_yoy,2012-05-01,B,1.676,
growth_yoy,2012-06-01,B,-7.163,
growth_yoy,2012-07-01,B,-3.691,
growth_yoy,2012-08-01,B,2.491,
growth_yoy,2012-09-01,B,0.834,
growth_yoy,2012-10-01,B,-5.518,
growth_yoy,2012-11-01,B,-8.131,
growth_yoy,2012-12-01,B,-17.083,
growth_yoy,2013-01-01,B,-3.237,
growth_yoy,2013-02-01,B,-3.135,
growth_yoy,2013-03-01,B,-13.868,
growth_yoy,2013-04-01,B,-12.262,
growth_yoy,2013-05-01,B,-7.097,
growth_yoy,2013-06-01,B,5.093,
growth_yoy,2013-07-01,B,2.242,
growth_yoy,2013-08-01,B,-1.891,
growth_yoy,2013-09-01,B,0.551,
growth_yoy,2013-10-01,B,4.542,
growth_yoy,2013-11-01,B,12.345,
growth_yoy,2013-12-01,B,20.114,
growth_yoy,2014-01-01,B,5.018,
growth_yoy,2014-02-01,B,4.683,
growth_yoy,2014-03-01,B,9.232,
growth_yoy,2014-04-01,B,8.296,
growth_yoy,2014-05-01,B,12.191,
growth_yoy,2014-06-01,B,5.433,
growth_yoy,2014-07-01,B,-2.475,
growth_yoy,2014-08-01,B,-9.842,
growth_yoy,2014-09-01,B,-8.705,
growth_yoy,2014-10-01,B,-15.793,
growth_yoy,2014-11-01,B,-19.765,
growth_yoy,2014-12-01,B,-33.085,
growth_yoy,2015-01-01,B,-38.504,
growth_yoy,2015-02-01,B,-36.513,
growth_yoy,2015-03-01,B,-37.796,
growth_yoy,2015-04-01,B,-32.229,
growth_yoy,2015-05-01,B,-34.869,
growth_yoy,2015-06-01,B,-43.593,
growth_yoy,2015-07-01,B,-41.117,
growth_yoy,2015-08-01,B,-40.916,
growth_yoy,2015-09-01,B,-39.565,
growth_yoy,2015-10-01,B,-31.368,
growth_yoy,2015-11-01,B,-31.869,
growth_yoy,2015-12-01,B,-18.44,
growth_yoy,2016-01-01,B,-24.662,
growth_yoy,2016-02-01,B,-27.772,
growth_yoy,2016-03-01,B,-24.891,
growth_yoy,2016-04-01,B,-29.633,
growth_yoy,2016-05-01,B,-23.126,
growth_yoy,2016-06-01,B,-9.63,
growth_yoy,2016-07-01,B,-17.488,
growth_yoy,2016-08-01,B,-6.718,
growth_yoy,2016-09-01,B,-11.304,
growth_yoy,2016-10-01,B,-6.086,
growth_yoy,2016-11-01,B,-4.804,
growth_yoy,2016-12-01,B,11.553,
growth_yoy,2017-01-01,B,42.75,
growth_yoy,2017-02-01,B,35.725,
growth_yoy,2017-03-01,B,33.285,
growth_yoy,2017-04-01,B,31.983,
growth_yoy,2017-05-01,B,16.896,
growth_yoy,2017-06-01,B,10.246,
growth_yoy,2017-07-01,B,24.03,
growth_yoy,2017-08-01,B,17.59,
growth_yoy,2017-09-01,B,30.812,
growth_yoy,2017-10-01,B,19.568,
growth_yoy,2017-11-01,B,30.677,
growth_yoy,2017-12-01,B,8.909,
growth_yoy,2018-01-01,B,8.901,
growth_yoy,2018-02-01,B,3.066,
growth_yoy,2018-03-01,B,5.755,
growth_yoy,2018-04-01,B,15.899,
growth_yoy,2018-05-01,B,29.847,
growth_yoy,2018-06-01,B,33.086,
growth_yoy,2018-07-01,B,32.611,
growth_yoy,2018-08-01,B,28.622,
growth_yoy,2018-09-01,B,28.908,
growth_yoy,2018-10-01,B,30.606,
growth_yoy,2018-11-01,B,4.472,
growth_yoy,2018-12-01,B,-4.294,
growth_yoy,2019-01-01,B,-8.365,
growth_yoy,2019-02-01,B,2.359,
growth_yoy,2019-03-01,B,2.977,
growth_yoy,2019-04-01,B,1.419,
growth_yoy,2019-05-01,B,-0.362,
growth_yoy,2019-06-01,B,-6.425,
growth_yoy,2019-07-01,B,-9.891,
growth_yoy,2019-08-01,B,-10.897,
growth_yoy,2019-09-01,B,-14.369,
growth_yoy,2019-10-01,B,-18.226,
growth_yoy,2019-11-01,B,6.42,
growth_yoy,2019-12-01,B,19.338,
growth_yoy,2020-01-01,B,9.234,
growth_yoy,2020-02-01,B,-5.21,
growth_yoy,2020-03-01,B,-35.793,
growth_yoy,2020-04-01,B,-58.302,
growth_yoy,2020-05-01,B,-52.679,
growth_yoy,2020-06-01,B,-42.488,
growth_yoy,2020-07-01,B,-36.959,
growth_yoy,2020-08-01,B,-33.71,
growth_yoy,2020-09-01,B,-43.162,
growth_yoy,2020-10-01,B,-43.483,
growth_yoy,2020-11-01,B,-45.795,
growth_yoy,2020-12-01,B,-40.018,
growth_yoy,2021-01-01,B,-28.338,
growth_yoy,2021-02-01,B,-10.994,
growth_yoy,2021-03-01,B,31.988,
growth_yoy,2021-04-01,B,92.394,
growth_yoy,2021-05-01,B,68.522,
growth_yoy,2021-06-01,B,64.36,
growth_yoy,2021-07-01,B,57.668,
growth_yoy,2021-08-01,B,51.783,
growth_yoy,2021-09-01,B,68.089,
growth_yoy,2021-10-01,B,82.923,
growth_yoy,2021-11-01,B,71.164,
growth_yoy,2021-12-01,B,45.075,
growth_yoy,2022-01-01,B,34.316,
growth_yoy,2022-02-01,B,23.278,
growth_yoy,2022-03-01,B,28.235,
growth_yoy,2022-04-01,B,18.372,
growth_yoy,2022-05-01,B,20.615,
growth_yoy,2022-06-01,B,17.474,
growth_yoy,2022-07-01,B,9.017,
growth_yoy,2022-08-01,B,5.822,
growth_yoy,2022-09-01,B,0.0,
growth_yoy,2022-10-01,B,-0.481,
growth_yoy,2022-11-01,B,2.365,
growth_yoy,2022-12-01,B,3.704,
growth_yoy,2023-01-01,B,-2.196,
growth_yoy,2023-02-01,B,-6.455,
growth_yoy,2023-03-01,B,-11.468,
growth_yoy,2023-04-01,B,-4.715,
growth_yoy,2023-05-01,B,-10.67,
growth_yoy,2023-06-01,B,-16.577,
growth_yoy,2023-07-01,B,-10.781,
growth_yoy,2023-08-01,B,-3.764,
growth_yoy,2023-09-01,B,6.904,
growth_yoy,2023-10-01,B,0.484,
growth_yoy,2023-11-01,B,-4.716,
growth_yoy,2023-12-01,B,-3.373,
growth_yoy,2024-01-01,B,-1.327,
growth_yoy,2024-02-01,B,5.252,
growth_yoy,2024-03-01,B,8.29,
growth_yoy,2024-04-01,B,10.0,
growth_yoy,2024-05-01,B,6.554,
growth_yoy,2024-06-01,B,4.619,
growth_yoy,2024-07-01,B,2.187,
growth_yoy,2024-08-01,B,-8.325,
growth_yoy,2024-09-01,B,-16.144,
growth_yoy,2024-10-01,B,-17.324,
growth_yoy,2024-11-01,B,-8.283,
growth_yoy,2024-12-01,B,-6.982,
growth_yoy,2025-01-01,B,-1.344,
growth_yoy,2025-02-01,B,-9.687,
growth_yoy,2025-03-01,B,-15.024,
growth_yoy,2025-04-01,B,-17.807,
growth_yoy,2025-05-01,B,-14.98,
growth_yoy,2025-06-01,B,-8.008,
growth_yoy,2025-07-01,B,-8.665,
growth_yoy,2025-08-01,B,-3.392,
growth_yoy,2025-09-01,B,1.133,
growth_yoy,2025-10-01,B,-1.048,
growth_yoy,2025-11-01,B,-7.159,
growth_yoy,2025-12-01,B,-8.83,
growth_yoy,2026-01-01,B,-11.74,
growth_yoy,2026-02-01,B,-8.451,
growth_yoy,2026-03-01,B,26.464,
growth_yoy,2026-04-01,B,53.364,
growth_yoy,2026-05-01,B,52.625,
growth_yoy,2026-06-01,B,29.018,
growth_yoy,2026-07-01,B,30.469,
growth_mom,2010-02-01,B,-1.61,
growth_mom,2010-03-01,B,11.043,
growth_mom,2010-04-01,B,-0.829,
growth_mom,2010-05-01,B,-15.135,
growth_mom,2010-06-01,B,6.783,
growth_mom,2010-07-01,B,0.82,
growth_mom,2010-08-01,B,-1.423,
growth_mom,2010-09-01,B,-6.804,
growth_mom,2010-10-01,B,16.925,
growth_mom,2010-11-01,B,-4.92,
growth_mom,2010-12-01,B,4.975,
growth_mom,2011-01-01,B,4.076,
growth_mom,2011-02-01,B,-1.821,
growth_mom,2011-03-01,B,23.562,
growth_mom,2011-04-01,B,4.129,
growth_mom,2011-05-01,B,-1.081,
growth_mom,2011-06-01,B,1.749,
growth_mom,2011-07-01,B,2.865,
growth_mom,2011-08-01,B,0.627,
growth_mom,2011-09-01,B,-0.415,
growth_mom,2011-10-01,B,2.015,
growth_mom,2011-11-01,B,-4.496,
growth_mom,2011-12-01,B,5.635,
growth_mom,2012-01-01,B,-4.051,
growth_mom,2012-02-01,B,5.489,
growth_mom,2012-03-01,B,4.87,
growth_mom,2012-04-01,B,-2.99,
growth_mom,2012-05-01,B,-8.525,
growth_mom,2012-06-01,B,-7.097,
growth_mom,2012-07-01,B,6.713,
growth_mom,2012-08-01,B,7.086,
growth_mom,2012-09-01,B,-2.026,
growth_mom,2012-10-01,B,-4.411,
growth_mom,2012-11-01,B,-7.138,
growth_mom,2012-12-01,B,-4.658,
growth_mom,2013-01-01,B,11.971,
growth_mom,2013-02-01,B,5.6,
growth_mom,2013-03-01,B,-6.749,
growth_mom,2013-04-01,B,-1.182,
growth_mom,2013-05-01,B,-3.139,
growth_mom,2013-06-01,B,5.093,
growth_mom,2013-07-01,B,3.818,
growth_mom,2013-08-01,B,2.758,
growth_mom,2013-09-01,B,0.413,
growth_mom,2013-10-01,B,-0.617,
growth_mom,2013-11-01,B,-0.207,
growth_mom,2013-12-01,B,1.935,
growth_mom,2014-01-01,B,-2.102,
growth_mom,2014-02-01,B,5.263,
growth_mom,2014-03-01,B,-2.697,
growth_mom,2014-04-01,B,-2.028,
growth_mom,2014-05-01,B,0.345,
growth_mom,2014-06-01,B,-1.238,
growth_mom,2014-07-01,B,-3.969,
growth_mom,2014-08-01,B,-5.004,
growth_mom,2014-09-01,B,1.679,
growth_mom,2014-10-01,B,-8.333,
growth_mom,2014-11-01,B,-4.914,
growth_mom,2014-12-01,B,-14.987,
growth_mom,2015-01-01,B,-10.03,
growth_mom,2015-02-01,B,8.671,
growth_mom,2015-03-01,B,-4.663,
growth_mom,2015-04-01,B,6.739,
growth_mom,2015-05-01,B,-3.564,
growth_mom,2015-06-01,B,-14.467,
growth_mom,2015-07-01,B,0.247,
growth_mom,2015-08-01,B,-4.68,
growth_mom,2015-09-01,B,4.005,
growth_mom,2015-10-01,B,4.099,
growth_mom,2015-11-01,B,-5.609,
growth_mom,2015-12-01,B,1.77,
growth_mom,2016-01-01,B,-16.894,
growth_mom,2016-02-01,B,4.185,
growth_mom,2016-03-01,B,-0.861,
growth_mom,2016-04-01,B,0.0,
growth_mom,2016-05-01,B,5.355,
growth_mom,2016-06-01,B,0.549,
growth_mom,2016-07-01,B,-8.47,
growth_mom,2016-08-01,B,7.761,
growth_mom,2016-09-01,B,-1.108,
growth_mom,2016-10-01,B,10.224,
growth_mom,2016-11-01,B,-4.32,
growth_mom,2016-12-01,B,19.256,
growth_mom,2017-01-01,B,6.347,
growth_mom,2017-02-01,B,-0.942,-9.198
growth_mom,2017-03-01,B,-2.643,-1.185
growth_mom,2017-04-01,B,-0.977,-2.29
growth_mom,2017-05-01,B,-6.689,-7.366
growth_mom,2017-06-01,B,-5.17,0.361
growth_mom,2017-07-01,B,2.974,3.842
growth_mom,2017-08-01,B,2.166,1.272
growth_mom,2017-09-01,B,10.012,5.708
growth_mom,2017-10-01,B,0.749,-1.62
growth_mom,2017-11-01,B,4.57,3.952
growth_mom,2017-12-01,B,-0.61,0.634
growth_mom,2018-01-01,B,6.339,17.209
growth_mom,2018-02-01,B,-6.25,-14.324
growth_mom,2018-03-01,B,-0.103,1.358
growth_mom,2018-04-01,B,8.522,7.01
growth_mom,2018-05-01,B,4.541,3.661
growth_mom,2018-06-01,B,-2.805,3.253
growth_mom,2018-07-01,B,2.607,3.6
growth_mom,2018-08-01,B,-0.907,-1.825
growth_mom,2018-09-01,B,10.256,5.752
growth_mom,2018-10-01,B,2.076,-0.586
growth_mom,2018-11-01,B,-16.355,-16.835
growth_mom,2018-12-01,B,-8.949,-7.895
growth_mom,2019-01-01,B,1.816,4.945
growth_mom,2019-02-01,B,4.722,4.503
growth_mom,2019-03-01,B,0.501,1.904
growth_mom,2019-04-01,B,6.879,3.441
growth_mom,2019-05-01,B,2.705,2.376
growth_mom,2019-06-01,B,-8.719,-3.714
growth_mom,2019-07-01,B,-1.194,-0.579
growth_mom,2019-08-01,B,-2.014,-2.231
growth_mom,2019-09-01,B,5.961,-0.595
growth_mom,2019-10-01,B,-2.522,0.1
growth_mom,2019-11-01,B,8.856,7.278
growth_mom,2019-12-01,B,2.102,0.836
growth_mom,2020-01-01,B,-6.804,-4.055
growth_mom,2020-02-01,B,-9.126,-9.222
growth_mom,2020-03-01,B,-31.924,-30.899
growth_mom,2020-04-01,B,-30.59,-32.772
growth_mom,2020-05-01,B,16.555,16.401
growth_mom,2020-06-01,B,10.94,16.83
growth_mom,2020-07-01,B,8.304,8.878
growth_mom,2020-08-01,B,3.035,2.769
growth_mom,2020-09-01,B,-9.147,-14.97
growth_mom,2020-10-01,B,-3.072,0.0
growth_mom,2020-11-01,B,4.401,2.817
growth_mom,2020-12-01,B,12.985,11.473
growth_mom,2021-01-01,B,11.343,9.217
growth_mom,2021-02-01,B,12.869,17.018
growth_mom,2021-03-01,B,0.95,9.856
growth_mom,2021-04-01,B,1.176,-4.705
growth_mom,2021-05-01,B,2.093,2.181
growth_mom,2021-06-01,B,8.2,13.146
growth_mom,2021-07-01,B,3.895,0.695
growth_mom,2021-08-01,B,-0.811,0.296
growth_mom,2021-09-01,B,0.613,-7.276
growth_mom,2021-10-01,B,5.482,10.392
growth_mom,2021-11-01,B,-2.31,-6.34
growth_mom,2021-12-01,B,-4.236,-7.385
growth_mom,2022-01-01,B,3.086,4.43
growth_mom,2022-02-01,B,3.593,3.924
growth_mom,2022-03-01,B,5.01,14.388
growth_mom,2022-04-01,B,-6.606,-6.78
growth_mom,2022-05-01,B,4.028,5.837
growth_mom,2022-06-01,B,5.382,4.43
growth_mom,2022-07-01,B,-3.584,-3.896
growth_mom,2022-08-01,B,-3.717,-2.793
growth_mom,2022-09-01,B,-4.923,-9.175
growth_mom,2022-10-01,B,4.975,5.612
growth_mom,2022-11-01,B,0.484,-2.319
growth_mom,2022-12-01,B,-2.984,-5.045
growth_mom,2023-01-01,B,-2.778,0.104
growth_mom,2023-02-01,B,-0.918,-2.81
growth_mom,2023-03-01,B,-0.618,1.713
growth_mom,2023-04-01,B,0.518,3.895
growth_mom,2023-05-01,B,-2.474,-1.418
growth_mom,2023-06-01,B,-1.586,-4.728
growth_mom,2023-07-01,B,3.115,3.883
growth_mom,2023-08-01,B,3.854,5.296
growth_mom,2023-09-01,B,5.617,4.931
growth_mom,2023-10-01,B,-1.33,-3.102
growth_mom,2023-11-01,B,-4.716,-3.589
growth_mom,2023-12-01,B,-1.616,-0.905
growth_mom,2024-01-01,B,-0.719,-3.553
growth_mom,2024-02-01,B,5.688,3.474
growth_mom,2024-03-01,B,2.25,4.374
growth_mom,2024-04-01,B,2.105,5.848
growth_mom,2024-05-01,B,-5.53,-4.42
growth_mom,2024-06-01,B,-3.373,-6.744
growth_mom,2024-07-01,B,0.719,1.55
growth_mom,2024-08-01,B,-6.83,-5.493
growth_mom,2024-09-01,B,-3.392,-3.767
growth_mom,2024-10-01,B,-2.718,-4.81
growth_mom,2024-11-01,B,5.704,7.286
growth_mom,2024-12-01,B,-0.22,0.657
growth_mom,2025-01-01,B,5.298,5.658
growth_mom,2025-02-01,B,-3.249,-6.591
growth_mom,2025-03-01,B,-3.792,-4.079
growth_mom,2025-04-01,B,-1.239,1.034
growth_mom,2025-05-01,B,-2.281,-1.934
growth_mom,2025-06-01,B,4.551,3.364
growth_mom,2025-07-01,B,0.0,-0.337
growth_mom,2025-08-01,B,-1.451,0.113
growth_mom,2025-09-01,B,1.133,2.475
growth_mom,2025-10-01,B,-4.815,-7.464
growth_mom,2025-11-01,B,-0.824,0.237
growth_mom,2025-12-01,B,-2.017,0.118
growth_mom,2026-01-01,B,1.937,1.537
growth_mom,2026-02-01,B,0.356,-3.143
growth_mom,2026-03-01,B,32.899,32.332
growth_mom,2026-04-01,B,19.768,22.252
growth_mom,2026-05-01,B,-2.751,-2.452
growth_mom,2026-06-01,B,-11.621,-12.414
growth_mom,2026-07-01,B,1.125,0.783
abs,2010-01-01,C,98.8,
abs,2010-02-01,C,99.0,
abs,2010-03-01,C,99.2,
abs,2010-04-01,C,99.3,
abs,2010-05-01,C,99.8,
abs,2010-06-01,C,99.6,
abs,2010-07-01,C,98.9,
abs,2010-08-01,C,99.2,
abs,2010-09-01,C,99.8,
abs,2010-10-01,C,99.9,
abs,2010-11-01,C,102.2,
abs,2010-12-01,C,104.3,
abs,2011-01-01,C,106.0,
abs,2011-02-01,C,107.4,
abs,2011-03-01,C,108.4,
abs,2011-04-01,C,109.7,
abs,2011-05-01,C,110.0,
abs,2011-06-01,C,110.1,
abs,2011-07-01,C,109.8,
abs,2011-08-01,C,109.7,
abs,2011-09-01,C,109.3,
abs,2011-10-01,C,109.4,
abs,2011-11-01,C,108.8,
abs,2011-12-01,C,109.4,
abs,2012-01-01,C,109.9,
abs,2012-02-01,C,109.9,
abs,2012-03-01,C,110.2,
abs,2012-04-01,C,111.2,
abs,2012-05-01,C,111.3,
abs,2012-06-01,C,109.8,
abs,2012-07-01,C,109.9,
abs,2012-08-01,C,109.8,
abs,2012-09-01,C,107.8,
abs,2012-10-01,C,106.7,
abs,2012-11-01,C,106.1,
abs,2012-12-01,C,105.8,
abs,2013-01-01,C,105.9,
abs,2013-02-01,C,106.8,
abs,2013-03-01,C,106.4,
abs,2013-04-01,C,105.7,
abs,2013-05-01,C,105.3,
abs,2013-06-01,C,105.5,
abs,2013-07-01,C,105.6,
abs,2013-08-01,C,106.1,
abs,2013-09-01,C,106.6,
abs,2013-10-01,C,106.7,
abs,2013-11-01,C,107.3,
abs,2013-12-01,C,109.4,
abs,2014-01-01,C,109.3,
abs,2014-02-01,C,109.7,
abs,2014-03-01,C,110.2,
abs,2014-04-01,C,110.1,
abs,2014-05-01,C,109.1,
abs,2014-06-01,C,108.6,
abs,2014-07-01,C,108.9,
abs,2014-08-01,C,108.5,
abs,2014-09-01,C,108.2,
abs,2014-10-01,C,107.5,
abs,2014-11-01,C,107.6,
abs,2014-12-01,C,106.1,
abs,2015-01-01,C,106.4,
abs,2015-02-01,C,106.2,
abs,2015-03-01,C,105.7,
abs,2015-04-01,C,104.4,
abs,2015-05-01,C,103.0,
abs,2015-06-01,C,103.9,
abs,2015-07-01,C,104.1,
abs,2015-08-01,C,104.0,
abs,2015-09-01,C,105.2,
abs,2015-10-01,C,105.4,
abs,2015-11-01,C,105.1,
abs,2015-12-01,C,103.8,
abs,2016-01-01,C,103.4,
abs,2016-02-01,C,102.8,
abs,2016-03-01,C,102.7,
abs,2016-04-01,C,103.0,
abs,2016-05-01,C,101.7,
abs,2016-06-01,C,102.1,
abs,2016-07-01,C,102.0,
abs,2016-08-01,C,102.3,
abs,2016-09-01,C,104.0,
abs,2016-10-01,C,104.5,
abs,2016-11-01,C,105.7,
abs,2016-12-01,C,107.6,
abs,2017-01-01,C,109.2,
abs,2017-02-01,C,110.4,
abs,2017-03-01,C,109.6,
abs,2017-04-01,C,109.1,
abs,2017-05-01,C,109.4,
abs,2017-06-01,C,108.8,
abs,2017-07-01,C,108.0,
abs,2017-08-01,C,108.7,
abs,2017-09-01,C,108.9,
abs,2017-10-01,C,108.3,
abs,2017-11-01,C,108.7,
abs,2017-12-01,C,108.8,
abs,2018-01-01,C,108.4,
abs,2018-02-01,C,107.5,
abs,2018-03-01,C,107.1,
abs,2018-04-01,C,106.9,
abs,2018-05-01,C,106.7,
abs,2018-06-01,C,106.6,
abs,2018-07-01,C,106.7,
abs,2018-08-01,C,106.8,
abs,2018-09-01,C,107.1,
abs,2018-10-01,C,107.5,
abs,2018-11-01,C,106.7,
abs,2018-12-01,C,106.0,
abs,2019-01-01,C,105.9,
abs,2019-02-01,C,106.1,
abs,2019-03-01,C,106.2,
abs,2019-04-01,C,106.0,
abs,2019-05-01,C,106.1,
abs,2019-06-01,C,105.8,
abs,2019-07-01,C,105.7,
abs,2019-08-01,C,105.7,
abs,2019-09-01,C,106.0,
abs,2019-10-01,C,106.1,
abs,2019-11-01,C,105.9,
abs,2019-12-01,C,106.5,
abs,2020-01-01,C,106.9,
abs,2020-02-01,C,107.0,
abs,2020-03-01,C,106.8,
abs,2020-04-01,C,106.1,
abs,2020-05-01,C,105.3,
abs,2020-06-01,C,104.5,
abs,2020-07-01,C,104.3,
abs,2020-08-01,C,104.8,
abs,2020-09-01,C,104.6,
abs,2020-10-01,C,104.9,
abs,2020-11-01,C,105.8,
abs,2020-12-01,C,106.7,
abs,2021-01-01,C,108.1,
abs,2021-02-01,C,108.6,
abs,2021-03-01,C,109.2,
abs,2021-04-01,C,109.8,
abs,2021-05-01,C,110.6,
abs,2021-06-01,C,111.5,
abs,2021-07-01,C,111.7,
abs,2021-08-01,C,112.2,
abs,2021-09-01,C,112.7,
abs,2021-10-01,C,113.2,
abs,2021-11-01,C,114.7,
abs,2021-12-01,C,114.8,
abs,2022-01-01,C,115.7,
abs,2022-02-01,C,117.2,
abs,2022-03-01,C,118.9,
abs,2022-04-01,C,120.6,
abs,2022-05-01,C,121.8,
abs,2022-06-01,C,122.6,
abs,2022-07-01,C,122.8,
abs,2022-08-01,C,122.7,
abs,2022-09-01,C,121.8,
abs,2022-10-01,C,121.5,
abs,2022-11-01,C,121.8,
abs,2022-12-01,C,121.8,
abs,2023-01-01,C,120.9,
abs,2023-02-01,C,120.7,
abs,2023-03-01,C,120.6,
abs,2023-04-01,C,120.7,
abs,2023-05-01,C,120.4,
abs,2023-06-01,C,120.4,
abs,2023-07-01,C,120.2,
abs,2023-08-01,C,119.9,
abs,2023-09-01,C,120.8,
abs,2023-10-01,C,120.7,
abs,2023-11-01,C,120.1,
abs,2023-12-01,C,120.0,
abs,2024-01-01,C,119.8,
abs,2024-02-01,C,119.8,
abs,2024-03-01,C,121.3,
abs,2024-04-01,C,121.7,
abs,2024-05-01,C,121.6,
abs,2024-06-01,C,121.7,
abs,2024-07-01,C,121.3,
abs,2024-08-01,C,121.1,
abs,2024-09-01,C,119.0,
abs,2024-10-01,C,117.6,
abs,2024-11-01,C,117.9,
abs,2024-12-01,C,118.8,
abs,2025-01-01,C,119.1,
abs,2025-02-01,C,119.4,
abs,2025-03-01,C,119.1,
abs,2025-04-01,C,118.5,
abs,2025-05-01,C,117.9,
abs,2025-06-01,C,116.5,
abs,2025-07-01,C,116.4,
abs,2025-08-01,C,116.2,
abs,2025-09-01,C,116.5,
abs,2025-10-01,C,116.9,
abs,2025-11-01,C,117.2,
abs,2025-12-01,C,117.3,
abs,2026-01-01,C,117.1,
abs,2026-02-01,C,116.2,
abs,2026-03-01,C,118.2,
abs,2026-04-01,C,119.8,
abs,2026-05-01,C,122.0,
abs,2026-06-01,C,124.9,
abs,2026-07-01,C,125.9,
growth_yoy,2011-01-01,C,7.287,
growth_yoy,2011-02-01,C,8.485,
growth_yoy,2011-03-01,C,9.274,
growth_yoy,2011-04-01,C,10.473,
growth_yoy,2011-05-01,C,10.22,
growth_yoy,2011-06-01,C,10.542,
growth_yoy,2011-07-01,C,11.021,
growth_yoy,2011-08-01,C,10.585,
growth_yoy,2011-09-01,C,9.519,
growth_yoy,2011-10-01,C,9.51,
growth_yoy,2011-11-01,C,6.458,
growth_yoy,2011-12-01,C,4.89,
growth_yoy,2012-01-01,C,3.679,
growth_yoy,2012-02-01,C,2.328,
growth_yoy,2012-03-01,C,1.661,
growth_yoy,2012-04-01,C,1.367,
growth_yoy,2012-05-01,C,1.182,
growth_yoy,2012-06-01,C,-0.272,
growth_yoy,2012-07-01,C,0.091,
growth_yoy,2012-08-01,C,0.091,
growth_yoy,2012-09-01,C,-1.372,
growth_yoy,2012-10-01,C,-2.468,
growth_yoy,2012-11-01,C,-2.482,
growth_yoy,2012-12-01,C,-3.291,
growth_yoy,2013-01-01,C,-3.64,
growth_yoy,2013-02-01,C,-2.821,
growth_yoy,2013-03-01,C,-3.448,
growth_yoy,2013-04-01,C,-4.946,
growth_yoy,2013-05-01,C,-5.391,
growth_yoy,2013-06-01,C,-3.916,
growth_yoy,2013-07-01,C,-3.913,
growth_yoy,2013-08-01,C,-3.37,
growth_yoy,2013-09-01,C,-1.113,
growth_yoy,2013-10-01,C,0.0,
growth_yoy,2013-11-01,C,1.131,
growth_yoy,2013-12-01,C,3.403,
growth_yoy,2014-01-01,C,3.211,
growth_yoy,2014-02-01,C,2.715,
growth_yoy,2014-03-01,C,3.571,
growth_yoy,2014-04-01,C,4.163,
growth_yoy,2014-05-01,C,3.609,
growth_yoy,2014-06-01,C,2.938,
growth_yoy,2014-07-01,C,3.125,
growth_yoy,2014-08-01,C,2.262,
growth_yoy,2014-09-01,C,1.501,
growth_yoy,2014-10-01,C,0.75,
growth_yoy,2014-11-01,C,0.28,
growth_yoy,2014-12-01,C,-3.016,
growth_yoy,2015-01-01,C,-2.653,
growth_yoy,2015-02-01,C,-3.191,
growth_yoy,2015-03-01,C,-4.083,
growth_yoy,2015-04-01,C,-5.177,
growth_yoy,2015-05-01,C,-5.591,
growth_yoy,2015-06-01,C,-4.328,
growth_yoy,2015-07-01,C,-4.408,
growth_yoy,2015-08-01,C,-4.147,
growth_yoy,2015-09-01,C,-2.773,
growth_yoy,2015-10-01,C,-1.953,
growth_yoy,2015-11-01,C,-2.323,
growth_yoy,2015-12-01,C,-2.168,
growth_yoy,2016-01-01,C,-2.82,
growth_yoy,2016-02-01,C,-3.202,
growth_yoy,2016-03-01,C,-2.838,
growth_yoy,2016-04-01,C,-1.341,
growth_yoy,2016-05-01,C,-1.262,
growth_yoy,2016-06-01,C,-1.732,
growth_yoy,2016-07-01,C,-2.017,
growth_yoy,2016-08-01,C,-1.635,
growth_yoy,2016-09-01,C,-1.141,
growth_yoy,2016-10-01,C,-0.854,
growth_yoy,2016-11-01,C,0.571,
growth_yoy,2016-12-01,C,3.661,
growth_yoy,2017-01-01,C,5.609,
growth_yoy,2017-02-01,C,7.393,
growth_yoy,2017-03-01,C,6.719,
growth_yoy,2017-04-01,C,5.922,
growth_yoy,2017-05-01,C,7.571,
growth_yoy,2017-06-01,C,6.562,
growth_yoy,2017-07-01,C,5.882,
growth_yoy,2017-08-01,C,6.256,
growth_yoy,2017-09-01,C,4.712,
growth_yoy,2017-10-01,C,3.636,
growth_yoy,2017-11-01,C,2.838,
growth_yoy,2017-12-01,C,1.115,
growth_yoy,2018-01-01,C,-0.733,
growth_yoy,2018-02-01,C,-2.627,
growth_yoy,2018-03-01,C,-2.281,
growth_yoy,2018-04-01,C,-2.016,
growth_yoy,2018-05-01,C,-2.468,
growth_yoy,2018-06-01,C,-2.022,
growth_yoy,2018-07-01,C,-1.204,
growth_yoy,2018-08-01,C,-1.748,
growth_yoy,2018-09-01,C,-1.653,
growth_yoy,2018-10-01,C,-0.739,
growth_yoy,2018-11-01,C,-1.84,
growth_yoy,2018-12-01,C,-2.574,
growth_yoy,2019-01-01,C,-2.306,
growth_yoy,2019-02-01,C,-1.302,
growth_yoy,2019-03-01,C,-0.84,
growth_yoy,2019-04-01,C,-0.842,
growth_yoy,2019-05-01,C,-0.562,
growth_yoy,2019-06-01,C,-0.75,
growth_yoy,2019-07-01,C,-0.937,
growth_yoy,2019-08-01,C,-1.03,
growth_yoy,2019-09-01,C,-1.027,
growth_yoy,2019-10-01,C,-1.302,
growth_yoy,2019-11-01,C,-0.75,
growth_yoy,2019-12-01,C,0.472,
growth_yoy,2020-01-01,C,0.944,
growth_yoy,2020-02-01,C,0.848,
growth_yoy,2020-03-01,C,0.565,
growth_yoy,2020-04-01,C,0.094,
growth_yoy,2020-05-01,C,-0.754,
growth_yoy,2020-06-01,C,-1.229,
growth_yoy,2020-07-01,C,-1.325,
growth_yoy,2020-08-01,C,-0.851,
growth_yoy,2020-09-01,C,-1.321,
growth_yoy,2020-10-01,C,-1.131,
growth_yoy,2020-11-01,C,-0.094,
growth_yoy,2020-12-01,C,0.188,
growth_yoy,2021-01-01,C,1.123,
growth_yoy,2021-02-01,C,1.495,
growth_yoy,2021-03-01,C,2.247,
growth_yoy,2021-04-01,C,3.487,
growth_yoy,2021-05-01,C,5.033,
growth_yoy,2021-06-01,C,6.699,
growth_yoy,2021-07-01,C,7.095,
growth_yoy,2021-08-01,C,7.061,
growth_yoy,2021-09-01,C,7.744,
growth_yoy,2021-10-01,C,7.912,
growth_yoy,2021-11-01,C,8.412,
growth_yoy,2021-12-01,C,7.591,
growth_yoy,2022-01-01,C,7.031,
growth_yoy,2022-02-01,C,7.919,
growth_yoy,2022-03-01,C,8.883,
growth_yoy,2022-04-01,C,9.836,
growth_yoy,2022-05-01,C,10.127,
growth_yoy,2022-06-01,C,9.955,
growth_yoy,2022-07-01,C,9.937,
growth_yoy,2022-08-01,C,9.358,
growth_yoy,2022-09-01,C,8.075,
growth_yoy,2022-10-01,C,7.332,
growth_yoy,2022-11-01,C,6.19,
growth_yoy,2022-12-01,C,6.098,
growth_yoy,2023-01-01,C,4.494,
growth_yoy,2023-02-01,C,2.986,
growth_yoy,2023-03-01,C,1.43,
growth_yoy,2023-04-01,C,0.083,
growth_yoy,2023-05-01,C,-1.149,
growth_yoy,2023-06-01,C,-1.794,
growth_yoy,2023-07-01,C,-2.117,
growth_yoy,2023-08-01,C,-2.282,
growth_yoy,2023-09-01,C,-0.821,
growth_yoy,2023-10-01,C,-0.658,
growth_yoy,2023-11-01,C,-1.396,
growth_yoy,2023-12-01,C,-1.478,
growth_yoy,2024-01-01,C,-0.91,
growth_yoy,2024-02-01,C,-0.746,
growth_yoy,2024-03-01,C,0.58,
growth_yoy,2024-04-01,C,0.829,
growth_yoy,2024-05-01,C,0.997,
growth_yoy,2024-06-01,C,1.08,
growth_yoy,2024-07-01,C,0.915,
growth_yoy,2024-08-01,C,1.001,
growth_yoy,2024-09-01,C,-1.49,
growth_yoy,2024-10-01,C,-2.568,
growth_yoy,2024-11-01,C,-1.832,
growth_yoy,2024-12-01,C,-1.0,
growth_yoy,2025-01-01,C,-0.584,
growth_yoy,2025-02-01,C,-0.334,
growth_yoy,2025-03-01,C,-1.814,
growth_yoy,2025-04-01,C,-2.629,
growth_yoy,2025-05-01,C,-3.043,
growth_yoy,2025-06-01,C,-4.273,
growth_yoy,2025-07-01,C,-4.04,
growth_yoy,2025-08-01,C,-4.046,
growth_yoy,2025-09-01,C,-2.101,
growth_yoy,2025-10-01,C,-0.595,
growth_yoy,2025-11-01,C,-0.594,
growth_yoy,2025-12-01,C,-1.263,
growth_yoy,2026-01-01,C,-1.679,
growth_yoy,2026-02-01,C,-2.68,
growth_yoy,2026-03-01,C,-0.756,
growth_yoy,2026-04-01,C,1.097,
growth_yoy,2026-05-01,C,3.478,
growth_yoy,2026-06-01,C,7.21,
growth_yoy,2026-07-01,C,8.162,
growth_mom,2010-02-01,C,0.202,
growth_mom,2010-03-01,C,0.202,
growth_mom,2010-04-01,C,0.101,
growth_mom,2010-05-01,C,0.504,
growth_mom,2010-06-01,C,-0.2,
growth_mom,2010-07-01,C,-0.703,
growth_mom,2010-08-01,C,0.303,
growth_mom,2010-09-01,C,0.605,
growth_mom,2010-10-01,C,0.1,
growth_mom,2010-11-01,C,2.302,
growth_mom,2010-12-01,C,2.055,
growth_mom,2011-01-01,C,1.63,
growth_mom,2011-02-01,C,1.321,
growth_mom,2011-03-01,C,0.931,
growth_mom,2011-04-01,C,1.199,
growth_mom,2011-05-01,C,0.273,
growth_mom,2011-06-01,C,0.091,
growth_mom,2011-07-01,C,-0.272,
growth_mom,2011-08-01,C,-0.091,
growth_mom,2011-09-01,C,-0.365,
growth_mom,2011-10-01,C,0.091,
growth_mom,2011-11-01,C,-0.548,
growth_mom,2011-12-01,C,0.551,
growth_mom,2012-01-01,C,0.457,
growth_mom,2012-02-01,C,0.0,
growth_mom,2012-03-01,C,0.273,
growth_mom,2012-04-01,C,0.907,
growth_mom,2012-05-01,C,0.09,
growth_mom,2012-06-01,C,-1.348,
growth_mom,2012-07-01,C,0.091,
growth_mom,2012-08-01,C,-0.091,
growth_mom,2012-09-01,C,-1.821,
growth_mom,2012-10-01,C,-1.02,
growth_mom,2012-11-01,C,-0.562,
growth_mom,2012-12-01,C,-0.283,
growth_mom,2013-01-01,C,0.095,
growth_mom,2013-02-01,C,0.85,
growth_mom,2013-03-01,C,-0.375,
growth_mom,2013-04-01,C,-0.658,
growth_mom,2013-05-01,C,-0.378,
growth_mom,2013-06-01,C,0.19,
growth_mom,2013-07-01,C,0.095,
growth_mom,2013-08-01,C,0.473,
growth_mom,2013-09-01,C,0.471,
growth_mom,2013-10-01,C,0.094,
growth_mom,2013-11-01,C,0.562,
growth_mom,2013-12-01,C,1.957,
growth_mom,2014-01-01,C,-0.091,
growth_mom,2014-02-01,C,0.366,
growth_mom,2014-03-01,C,0.456,
growth_mom,2014-04-01,C,-0.091,
growth_mom,2014-05-01,C,-0.908,
growth_mom,2014-06-01,C,-0.458,
growth_mom,2014-07-01,C,0.276,
growth_mom,2014-08-01,C,-0.367,
growth_mom,2014-09-01,C,-0.276,
growth_mom,2014-10-01,C,-0.647,
growth_mom,2014-11-01,C,0.093,
growth_mom,2014-12-01,C,-1.394,
growth_mom,2015-01-01,C,0.283,
growth_mom,2015-02-01,C,-0.188,
growth_mom,2015-03-01,C,-0.471,
growth_mom,2015-04-01,C,-1.23,
growth_mom,2015-05-01,C,-1.341,
growth_mom,2015-06-01,C,0.874,
growth_mom,2015-07-01,C,0.192,
growth_mom,2015-08-01,C,-0.096,
growth_mom,2015-09-01,C,1.154,
growth_mom,2015-10-01,C,0.19,
growth_mom,2015-11-01,C,-0.285,
growth_mom,2015-12-01,C,-1.237,
growth_mom,2016-01-01,C,-0.385,
growth_mom,2016-02-01,C,-0.58,
growth_mom,2016-03-01,C,-0.097,
growth_mom,2016-04-01,C,0.292,
growth_mom,2016-05-01,C,-1.262,
growth_mom,2016-06-01,C,0.393,
growth_mom,2016-07-01,C,-0.098,
growth_mom,2016-08-01,C,0.294,
growth_mom,2016-09-01,C,1.662,
growth_mom,2016-10-01,C,0.481,
growth_mom,2016-11-01,C,1.148,
growth_mom,2016-12-01,C,1.798,
growth_mom,2017-01-01,C,1.487,
growth_mom,2017-02-01,C,1.099,
growth_mom,2017-03-01,C,-0.725,
growth_mom,2017-04-01,C,-0.456,
growth_mom,2017-05-01,C,0.275,
growth_mom,2017-06-01,C,-0.548,
growth_mom,2017-07-01,C,-0.735,
growth_mom,2017-08-01,C,0.648,
growth_mom,2017-09-01,C,0.184,
growth_mom,2017-10-01,C,-0.551,
growth_mom,2017-11-01,C,0.369,
growth_mom,2017-12-01,C,0.092,
growth_mom,2018-01-01,C,-0.368,
growth_mom,2018-02-01,C,-0.83,
growth_mom,2018-03-01,C,-0.372,
growth_mom,2018-04-01,C,-0.187,
growth_mom,2018-05-01,C,-0.187,
growth_mom,2018-06-01,C,-0.094,
growth_mom,2018-07-01,C,0.094,
growth_mom,2018-08-01,C,0.094,
growth_mom,2018-09-01,C,0.281,
growth_mom,2018-10-01,C,0.373,
growth_mom,2018-11-01,C,-0.744,
growth_mom,2018-12-01,C,-0.656,
growth_mom,2019-01-01,C,-0.094,
growth_mom,2019-02-01,C,0.189,
growth_mom,2019-03-01,C,0.094,
growth_mom,2019-04-01,C,-0.188,
growth_mom,2019-05-01,C,0.094,
growth_mom,2019-06-01,C,-0.283,
growth_mom,2019-07-01,C,-0.095,
growth_mom,2019-08-01,C,0.0,
growth_mom,2019-09-01,C,0.284,
growth_mom,2019-10-01,C,0.094,
growth_mom,2019-11-01,C,-0.189,
growth_mom,2019-12-01,C,0.567,
growth_mom,2020-01-01,C,0.376,
growth_mom,2020-02-01,C,0.094,
growth_mom,2020-03-01,C,-0.187,
growth_mom,2020-04-01,C,-0.655,
growth_mom,2020-05-01,C,-0.754,
growth_mom,2020-06-01,C,-0.76,
growth_mom,2020-07-01,C,-0.191,
growth_mom,2020-08-01,C,0.479,
growth_mom,2020-09-01,C,-0.191,
growth_mom,2020-10-01,C,0.287,
growth_mom,2020-11-01,C,0.858,
growth_mom,2020-12-01,C,0.851,
growth_mom,2021-01-01,C,1.312,
growth_mom,2021-02-01,C,0.463,
growth_mom,2021-03-01,C,0.552,
growth_mom,2021-04-01,C,0.549,
growth_mom,2021-05-01,C,0.729,
growth_mom,2021-06-01,C,0.814,
growth_mom,2021-07-01,C,0.179,
growth_mom,2021-08-01,C,0.448,
growth_mom,2021-09-01,C,0.446,
growth_mom,2021-10-01,C,0.444,
growth_mom,2021-11-01,C,1.325,
growth_mom,2021-12-01,C,0.087,
growth_mom,2022-01-01,C,0.784,
growth_mom,2022-02-01,C,1.296,
growth_mom,2022-03-01,C,1.451,
growth_mom,2022-04-01,C,1.43,
growth_mom,2022-05-01,C,0.995,
growth_mom,2022-06-01,C,0.657,
growth_mom,2022-07-01,C,0.163,
growth_mom,2022-08-01,C,-0.081,
growth_mom,2022-09-01,C,-0.733,
growth_mom,2022-10-01,C,-0.246,
growth_mom,2022-11-01,C,0.247,
growth_mom,2022-12-01,C,0.0,
growth_mom,2023-01-01,C,-0.739,
growth_mom,2023-02-01,C,-0.165,
growth_mom,2023-03-01,C,-0.083,
growth_mom,2023-04-01,C,0.083,
growth_mom,2023-05-01,C,-0.249,
growth_mom,2023-06-01,C,0.0,
growth_mom,2023-07-01,C,-0.166,
growth_mom,2023-08-01,C,-0.25,
growth_mom,2023-09-01,C,0.751,
growth_mom,2023-10-01,C,-0.083,
growth_mom,2023-11-01,C,-0.497,
growth_mom,2023-12-01,C,-0.083,
growth_mom,2024-01-01,C,-0.167,
growth_mom,2024-02-01,C,0.0,
growth_mom,2024-03-01,C,1.252,
growth_mom,2024-04-01,C,0.33,
growth_mom,2024-05-01,C,-0.082,
growth_mom,2024-06-01,C,0.082,
growth_mom,2024-07-01,C,-0.329,
growth_mom,2024-08-01,C,-0.165,
growth_mom,2024-09-01,C,-1.734,
growth_mom,2024-10-01,C,-1.176,
growth_mom,2024-11-01,C,0.255,
growth_mom,2024-12-01,C,0.763,
growth_mom,2025-01-01,C,0.253,
growth_mom,2025-02-01,C,0.252,
growth_mom,2025-03-01,C,-0.251,
growth_mom,2025-04-01,C,-0.504,
growth_mom,2025-05-01,C,-0.506,
growth_mom,2025-06-01,C,-1.187,
growth_mom,2025-07-01,C,-0.086,
growth_mom,2025-08-01,C,-0.172,
growth_mom,2025-09-01,C,0.258,
growth_mom,2025-10-01,C,0.343,
growth_mom,2025-11-01,C,0.257,
growth_mom,2025-12-01,C,0.085,
growth_mom,2026-01-01,C,-0.171,
growth_mom,2026-02-01,C,-0.769,
growth_mom,2026-03-01,C,1.721,
growth_mom,2026-04-01,C,1.354,
growth_mom,2026-05-01,C,1.836,
growth_mom,2026-06-01,C,2.377,
growth_mom,2026-07-01,C,0.801,
abs,2010-01-01,D,99.8,
abs,2010-02-01,D,99.4,
abs,2010-03-01,D,100.5,
abs,2010-04-01,D,99.7,
abs,2010-05-01,D,100.3,
abs,2010-06-01,D,99.8,
abs,2010-07-01,D,100.3,
abs,2010-08-01,D,99.6,
abs,2010-09-01,D,99.8,
abs,2010-10-01,D,100.1,
abs,2010-11-01,D,99.5,
abs,2010-12-01,D,101.2,
abs,2011-01-01,D,100.9,
abs,2011-02-01,D,99.8,
abs,2011-03-01,D,101.2,
abs,2011-04-01,D,100.6,
abs,2011-05-01,D,100.7,
abs,2011-06-01,D,101.3,
abs,2011-07-01,D,103.8,
abs,2011-08-01,D,106.1,
abs,2011-09-01,D,107.7,
abs,2011-10-01,D,107.2,
abs,2011-11-01,D,109.0,
abs,2011-12-01,D,107.9,
abs,2012-01-01,D,108.3,
abs,2012-02-01,D,107.4,
abs,2012-03-01,D,108.4,
abs,2012-04-01,D,106.2,
abs,2012-05-01,D,107.0,
abs,2012-06-01,D,107.2,
abs,2012-07-01,D,106.6,
abs,2012-08-01,D,107.0,
abs,2012-09-01,D,106.4,
abs,2012-10-01,D,107.2,
abs,2012-11-01,D,107.1,
abs,2012-12-01,D,107.9,
abs,2013-01-01,D,107.3,
abs,2013-02-01,D,107.5,
abs,2013-03-01,D,108.3,
abs,2013-04-01,D,107.4,
abs,2013-05-01,D,108.4,
abs,2013-06-01,D,108.6,
abs,2013-07-01,D,108.1,
abs,2013-08-01,D,107.5,
abs,2013-09-01,D,108.2,
abs,2013-10-01,D,108.2,
abs,2013-11-01,D,107.4,
abs,2013-12-01,D,107.4,
abs,2014-01-01,D,110.4,
abs,2014-02-01,D,119.8,
abs,2014-03-01,D,121.5,
abs,2014-04-01,D,120.6,
abs,2014-05-01,D,121.5,
abs,2014-06-01,D,121.5,
abs,2014-07-01,D,122.6,
abs,2014-08-01,D,123.3,
abs,2014-09-01,D,117.4,
abs,2014-10-01,D,117.0,
abs,2014-11-01,D,115.7,
abs,2014-12-01,D,116.5,
abs,2015-01-01,D,115.8,
abs,2015-02-01,D,116.1,
abs,2015-03-01,D,116.9,
abs,2015-04-01,D,114.3,
abs,2015-05-01,D,115.0,
abs,2015-06-01,D,114.6,
abs,2015-07-01,D,112.3,
abs,2015-08-01,D,111.9,
abs,2015-09-01,D,111.8,
abs,2015-10-01,D,111.9,
abs,2015-11-01,D,110.9,
abs,2015-12-01,D,110.8,
abs,2016-01-01,D,111.0,
abs,2016-02-01,D,111.2,
abs,2016-03-01,D,111.1,
abs,2016-04-01,D,109.9,
abs,2016-05-01,D,110.9,
abs,2016-06-01,D,113.3,
abs,2016-07-01,D,113.0,
abs,2016-08-01,D,113.4,
abs,2016-09-01,D,113.4,
abs,2016-10-01,D,114.3,
abs,2016-11-01,D,114.2,
abs,2016-12-01,D,114.7,
abs,2017-01-01,D,114.6,115.0
abs,2017-02-01,D,114.5,114.4
abs,2017-03-01,D,114.8,114.0
abs,2017-04-01,D,114.5,114.7
abs,2017-05-01,D,114.2,113.9
abs,2017-06-01,D,114.2,113.4
abs,2017-07-01,D,114.9,114.6
abs,2017-08-01,D,115.3,115.2
abs,2017-09-01,D,114.8,115.0
abs,2017-10-01,D,114.6,114.8
abs,2017-11-01,D,114.8,115.6
abs,2017-12-01,D,114.5,115.0
abs,2018-01-01,D,114.1,114.5
abs,2018-02-01,D,115.4,115.3
abs,2018-03-01,D,116.3,115.5
abs,2018-04-01,D,116.2,116.5
abs,2018-05-01,D,116.6,116.4
abs,2018-06-01,D,115.7,114.9
abs,2018-07-01,D,116.2,115.9
abs,2018-08-01,D,116.0,115.9
abs,2018-09-01,D,115.9,116.1
abs,2018-10-01,D,115.8,116.0
abs,2018-11-01,D,116.2,116.9
abs,2018-12-01,D,116.3,116.8
abs,2019-01-01,D,116.6,117.1
abs,2019-02-01,D,116.3,116.3
abs,2019-03-01,D,118.8,118.2
abs,2019-04-01,D,117.9,117.8
abs,2019-05-01,D,118.0,117.8
abs,2019-06-01,D,117.8,117.7
abs,2019-07-01,D,118.0,117.7
abs,2019-08-01,D,118.5,118.1
abs,2019-09-01,D,117.4,117.6
abs,2019-10-01,D,117.3,117.6
abs,2019-11-01,D,116.9,117.2
abs,2019-12-01,D,117.7,117.9
abs,2020-01-01,D,117.8,118.3
abs,2020-02-01,D,118.2,118.2
abs,2020-03-01,D,118.4,117.8
abs,2020-04-01,D,118.1,118.0
abs,2020-05-01,D,117.8,117.7
abs,2020-06-01,D,117.1,117.1
abs,2020-07-01,D,116.5,116.2
abs,2020-08-01,D,116.3,115.9
abs,2020-09-01,D,116.4,116.6
abs,2020-10-01,D,115.9,116.2
abs,2020-11-01,D,116.7,117.0
abs,2020-12-01,D,115.7,115.9
abs,2021-01-01,D,115.6,115.9
abs,2021-02-01,D,115.9,115.8
abs,2021-03-01,D,116.8,116.3
abs,2021-04-01,D,117.1,116.7
abs,2021-05-01,D,117.9,117.5
abs,2021-06-01,D,116.9,117.0
abs,2021-07-01,D,116.7,116.5
abs,2021-08-01,D,116.8,116.6
abs,2021-09-01,D,116.2,116.4
abs,2021-10-01,D,116.7,117.3
abs,2021-11-01,D,116.4,116.5
abs,2021-12-01,D,116.5,117.0
abs,2022-01-01,D,116.6,117.0
abs,2022-02-01,D,116.8,116.8
abs,2022-03-01,D,117.0,116.4
abs,2022-04-01,D,117.8,117.2
abs,2022-05-01,D,117.2,116.6
abs,2022-06-01,D,116.7,116.6
abs,2022-07-01,D,117.7,117.7
abs,2022-08-01,D,117.8,117.7
abs,2022-09-01,D,117.6,118.0
abs,2022-10-01,D,118.1,118.6
abs,2022-11-01,D,118.0,118.3
abs,2022-12-01,D,117.7,118.1
abs,2023-01-01,D,118.0,118.3
abs,2023-02-01,D,118.0,118.1
abs,2023-03-01,D,118.6,118.2
abs,2023-04-01,D,117.9,117.2
abs,2023-05-01,D,118.6,118.2
abs,2023-06-01,D,117.9,118.0
abs,2023-07-01,D,117.8,117.8
abs,2023-08-01,D,117.7,117.7
abs,2023-09-01,D,118.2,118.5
abs,2023-10-01,D,117.5,117.6
abs,2023-11-01,D,117.3,117.5
abs,2023-12-01,D,117.0,117.4
abs,2024-01-01,D,117.1,117.4
abs,2024-02-01,D,118.1,118.2
abs,2024-03-01,D,118.7,118.3
abs,2024-04-01,D,119.1,118.4
abs,2024-05-01,D,120.4,120.0
abs,2024-06-01,D,119.1,119.2
abs,2024-07-01,D,118.2,118.2
abs,2024-08-01,D,118.9,118.9
abs,2024-09-01,D,118.5,118.8
abs,2024-10-01,D,118.4,118.4
abs,2024-11-01,D,118.3,118.5
abs,2024-12-01,D,118.1,118.5
abs,2025-01-01,D,117.6,
abs,2025-02-01,D,117.8,
abs,2025-03-01,D,118.1,
abs,2025-04-01,D,118.4,
abs,2025-05-01,D,119.1,
abs,2025-06-01,D,118.9,
abs,2025-07-01,D,122.9,
abs,2025-08-01,D,123.8,
abs,2025-09-01,D,123.9,
abs,2025-10-01,D,123.5,
abs,2025-11-01,D,123.2,
abs,2025-12-01,D,122.9,
abs,2026-01-01,D,123.4,
abs,2026-02-01,D,123.3,
abs,2026-03-01,D,129.4,
abs,2026-04-01,D,130.9,
abs,2026-05-01,D,131.0,
abs,2026-06-01,D,131.0,
abs,2026-07-01,D,131.1,
growth_yoy,2011-01-01,D,1.102,
growth_yoy,2011-02-01,D,0.402,
growth_yoy,2011-03-01,D,0.697,
growth_yoy,2011-04-01,D,0.903,
growth_yoy,2011-05-01,D,0.399,
growth_yoy,2011-06-01,D,1.503,
growth_yoy,2011-07-01,D,3.49,
growth_yoy,2011-08-01,D,6.526,
growth_yoy,2011-09-01,D,7.916,
growth_yoy,2011-10-01,D,7.093,
growth_yoy,2011-11-01,D,9.548,
growth_yoy,2011-12-01,D,6.621,
growth_yoy,2012-01-01,D,7.334,
growth_yoy,2012-02-01,D,7.615,
growth_yoy,2012-03-01,D,7.115,
growth_yoy,2012-04-01,D,5.567,
growth_yoy,2012-05-01,D,6.256,
growth_yoy,2012-06-01,D,5.824,
growth_yoy,2012-07-01,D,2.697,
growth_yoy,2012-08-01,D,0.848,
growth_yoy,2012-09-01,D,-1.207,
growth_yoy,2012-10-01,D,0.0,
growth_yoy,2012-11-01,D,-1.743,
growth_yoy,2012-12-01,D,0.0,
growth_yoy,2013-01-01,D,-0.923,
growth_yoy,2013-02-01,D,0.093,
growth_yoy,2013-03-01,D,-0.092,
growth_yoy,2013-04-01,D,1.13,
growth_yoy,2013-05-01,D,1.308,
growth_yoy,2013-06-01,D,1.306,
growth_yoy,2013-07-01,D,1.407,
growth_yoy,2013-08-01,D,0.467,
growth_yoy,2013-09-01,D,1.692,
growth_yoy,2013-10-01,D,0.933,
growth_yoy,2013-11-01,D,0.28,
growth_yoy,2013-12-01,D,-0.463,
growth_yoy,2014-01-01,D,2.889,
growth_yoy,2014-02-01,D,11.442,
growth_yoy,2014-03-01,D,12.188,
growth_yoy,2014-04-01,D,12.291,
growth_yoy,2014-05-01,D,12.085,
growth_yoy,2014-06-01,D,11.878,
growth_yoy,2014-07-01,D,13.414,
growth_yoy,2014-08-01,D,14.698,
growth_yoy,2014-09-01,D,8.503,
growth_yoy,2014-10-01,D,8.133,
growth_yoy,2014-11-01,D,7.728,
growth_yoy,2014-12-01,D,8.473,
growth_yoy,2015-01-01,D,4.891,
growth_yoy,2015-02-01,D,-3.088,
growth_yoy,2015-03-01,D,-3.786,
growth_yoy,2015-04-01,D,-5.224,
growth_yoy,2015-05-01,D,-5.35,
growth_yoy,2015-06-01,D,-5.679,
growth_yoy,2015-07-01,D,-8.401,
growth_yoy,2015-08-01,D,-9.246,
growth_yoy,2015-09-01,D,-4.77,
growth_yoy,2015-10-01,D,-4.359,
growth_yoy,2015-11-01,D,-4.149,
growth_yoy,2015-12-01,D,-4.893,
growth_yoy,2016-01-01,D,-4.145,
growth_yoy,2016-02-01,D,-4.22,
growth_yoy,2016-03-01,D,-4.962,
growth_yoy,2016-04-01,D,-3.85,
growth_yoy,2016-05-01,D,-3.565,
growth_yoy,2016-06-01,D,-1.134,
growth_yoy,2016-07-01,D,0.623,
growth_yoy,2016-08-01,D,1.34,
growth_yoy,2016-09-01,D,1.431,
growth_yoy,2016-10-01,D,2.145,
growth_yoy,2016-11-01,D,2.976,
growth_yoy,2016-12-01,D,3.52,
growth_yoy,2017-01-01,D,3.243,
growth_yoy,2017-02-01,D,2.968,
growth_yoy,2017-03-01,D,3.33,
growth_yoy,2017-04-01,D,4.186,
growth_yoy,2017-05-01,D,2.976,
growth_yoy,2017-06-01,D,0.794,
growth_yoy,2017-07-01,D,1.681,
growth_yoy,2017-08-01,D,1.675,
growth_yoy,2017-09-01,D,1.235,
growth_yoy,2017-10-01,D,0.262,
growth_yoy,2017-11-01,D,0.525,
growth_yoy,2017-12-01,D,-0.174,
growth_yoy,2018-01-01,D,-0.436,
growth_yoy,2018-02-01,D,0.786,
growth_yoy,2018-03-01,D,1.307,
growth_yoy,2018-04-01,D,1.485,
growth_yoy,2018-05-01,D,2.102,
growth_yoy,2018-06-01,D,1.313,
growth_yoy,2018-07-01,D,1.131,
growth_yoy,2018-08-01,D,0.607,
growth_yoy,2018-09-01,D,0.958,
growth_yoy,2018-10-01,D,1.047,
growth_yoy,2018-11-01,D,1.22,
growth_yoy,2018-12-01,D,1.572,
growth_yoy,2019-01-01,D,2.191,
growth_yoy,2019-02-01,D,0.78,
growth_yoy,2019-03-01,D,2.15,
growth_yoy,2019-04-01,D,1.463,
growth_yoy,2019-05-01,D,1.201,
growth_yoy,2019-06-01,D,1.815,
growth_yoy,2019-07-01,D,1.549,
growth_yoy,2019-08-01,D,2.155,
growth_yoy,2019-09-01,D,1.294,
growth_yoy,2019-10-01,D,1.295,
growth_yoy,2019-11-01,D,0.602,
growth_yoy,2019-12-01,D,1.204,
growth_yoy,2020-01-01,D,1.029,
growth_yoy,2020-02-01,D,1.634,
growth_yoy,2020-03-01,D,-0.337,
growth_yoy,2020-04-01,D,0.17,
growth_yoy,2020-05-01,D,-0.169,
growth_yoy,2020-06-01,D,-0.594,
growth_yoy,2020-07-01,D,-1.271,
growth_yoy,2020-08-01,D,-1.857,
growth_yoy,2020-09-01,D,-0.852,
growth_yoy,2020-10-01,D,-1.194,
growth_yoy,2020-11-01,D,-0.171,
growth_yoy,2020-12-01,D,-1.699,
growth_yoy,2021-01-01,D,-1.868,
growth_yoy,2021-02-01,D,-1.946,
growth_yoy,2021-03-01,D,-1.351,
growth_yoy,2021-04-01,D,-0.847,
growth_yoy,2021-05-01,D,0.085,
growth_yoy,2021-06-01,D,-0.171,
growth_yoy,2021-07-01,D,0.172,
growth_yoy,2021-08-01,D,0.43,
growth_yoy,2021-09-01,D,-0.172,
growth_yoy,2021-10-01,D,0.69,
growth_yoy,2021-11-01,D,-0.257,
growth_yoy,2021-12-01,D,0.691,
growth_yoy,2022-01-01,D,0.865,
growth_yoy,2022-02-01,D,0.777,
growth_yoy,2022-03-01,D,0.171,
growth_yoy,2022-04-01,D,0.598,
growth_yoy,2022-05-01,D,-0.594,
growth_yoy,2022-06-01,D,-0.171,
growth_yoy,2022-07-01,D,0.857,
growth_yoy,2022-08-01,D,0.856,
growth_yoy,2022-09-01,D,1.205,
growth_yoy,2022-10-01,D,1.2,
growth_yoy,2022-11-01,D,1.375,
growth_yoy,2022-12-01,D,1.03,
growth_yoy,2023-01-01,D,1.201,
growth_yoy,2023-02-01,D,1.027,
growth_yoy,2023-03-01,D,1.368,
growth_yoy,2023-04-01,D,0.085,
growth_yoy,2023-05-01,D,1.195,
growth_yoy,2023-06-01,D,1.028,
growth_yoy,2023-07-01,D,0.085,
growth_yoy,2023-08-01,D,-0.085,
growth_yoy,2023-09-01,D,0.51,
growth_yoy,2023-10-01,D,-0.508,
growth_yoy,2023-11-01,D,-0.593,
growth_yoy,2023-12-01,D,-0.595,
growth_yoy,2024-01-01,D,-0.763,
growth_yoy,2024-02-01,D,0.085,
growth_yoy,2024-03-01,D,0.084,
growth_yoy,2024-04-01,D,1.018,
growth_yoy,2024-05-01,D,1.518,
growth_yoy,2024-06-01,D,1.018,
growth_yoy,2024-07-01,D,0.34,
growth_yoy,2024-08-01,D,1.02,
growth_yoy,2024-09-01,D,0.254,
growth_yoy,2024-10-01,D,0.766,
growth_yoy,2024-11-01,D,0.853,
growth_yoy,2024-12-01,D,0.94,
growth_yoy,2025-01-01,D,0.427,
growth_yoy,2025-02-01,D,-0.254,
growth_yoy,2025-03-01,D,-0.505,
growth_yoy,2025-04-01,D,-0.588,
growth_yoy,2025-05-01,D,-1.08,
growth_yoy,2025-06-01,D,-0.168,
growth_yoy,2025-07-01,D,3.976,
growth_yoy,2025-08-01,D,4.121,
growth_yoy,2025-09-01,D,4.557,
growth_yoy,2025-10-01,D,4.307,
growth_yoy,2025-11-01,D,4.142,
growth_yoy,2025-12-01,D,4.064,
growth_yoy,2026-01-01,D,4.932,
growth_yoy,2026-02-01,D,4.669,
growth_yoy,2026-03-01,D,9.568,
growth_yoy,2026-04-01,D,10.557,
growth_yoy,2026-05-01,D,9.992,
growth_yoy,2026-06-01,D,10.177,
growth_yoy,2026-07-01,D,6.672,
growth_mom,2010-02-01,D,-0.401,
growth_mom,2010-03-01,D,1.107,
growth_mom,2010-04-01,D,-0.796,
growth_mom,2010-05-01,D,0.602,
growth_mom,2010-06-01,D,-0.499,
growth_mom,2010-07-01,D,0.501,
growth_mom,2010-08-01,D,-0.698,
growth_mom,2010-09-01,D,0.201,
growth_mom,2010-10-01,D,0.301,
growth_mom,2010-11-01,D,-0.599,
growth_mom,2010-12-01,D,1.709,
growth_mom,2011-01-01,D,-0.296,
growth_mom,2011-02-01,D,-1.09,
growth_mom,2011-03-01,D,1.403,
growth_mom,2011-04-01,D,-0.593,
growth_mom,2011-05-01,D,0.099,
growth_mom,2011-06-01,D,0.596,
growth_mom,2011-07-01,D,2.468,
growth_mom,2011-08-01,D,2.216,
growth_mom,2011-09-01,D,1.508,
growth_mom,2011-10-01,D,-0.464,
growth_mom,2011-11-01,D,1.679,
growth_mom,2011-12-01,D,-1.009,
growth_mom,2012-01-01,D,0.371,
growth_mom,2012-02-01,D,-0.831,
growth_mom,2012-03-01,D,0.931,
growth_mom,2012-04-01,D,-2.03,
growth_mom,2012-05-01,D,0.753,
growth_mom,2012-06-01,D,0.187,
growth_mom,2012-07-01,D,-0.56,
growth_mom,2012-08-01,D,0.375,
growth_mom,2012-09-01,D,-0.561,
growth_mom,2012-10-01,D,0.752,
growth_mom,2012-11-01,D,-0.093,
growth_mom,2012-12-01,D,0.747,
growth_mom,2013-01-01,D,-0.556,
growth_mom,2013-02-01,D,0.186,
growth_mom,2013-03-01,D,0.744,
growth_mom,2013-04-01,D,-0.831,
growth_mom,2013-05-01,D,0.931,
growth_mom,2013-06-01,D,0.185,
growth_mom,2013-07-01,D,-0.46,
growth_mom,2013-08-01,D,-0.555,
growth_mom,2013-09-01,D,0.651,
growth_mom,2013-10-01,D,0.0,
growth_mom,2013-11-01,D,-0.739,
growth_mom,2013-12-01,D,0.0,
growth_mom,2014-01-01,D,2.793,
growth_mom,2014-02-01,D,8.514,
growth_mom,2014-03-01,D,1.419,
growth_mom,2014-04-01,D,-0.741,
growth_mom,2014-05-01,D,0.746,
growth_mom,2014-06-01,D,0.0,
growth_mom,2014-07-01,D,0.905,
growth_mom,2014-08-01,D,0.571,
growth_mom,2014-09-01,D,-4.785,
growth_mom,2014-10-01,D,-0.341,
growth_mom,2014-11-01,D,-1.111,
growth_mom,2014-12-01,D,0.691,
growth_mom,2015-01-01,D,-0.601,
growth_mom,2015-02-01,D,0.259,
growth_mom,2015-03-01,D,0.689,
growth_mom,2015-04-01,D,-2.224,
growth_mom,2015-05-01,D,0.612,
growth_mom,2015-06-01,D,-0.348,
growth_mom,2015-07-01,D,-2.007,
growth_mom,2015-08-01,D,-0.356,
growth_mom,2015-09-01,D,-0.089,
growth_mom,2015-10-01,D,0.089,
growth_mom,2015-11-01,D,-0.894,
growth_mom,2015-12-01,D,-0.09,
growth_mom,2016-01-01,D,0.181,
growth_mom,2016-02-01,D,0.18,
growth_mom,2016-03-01,D,-0.09,
growth_mom,2016-04-01,D,-1.08,
growth_mom,2016-05-01,D,0.91,
growth_mom,2016-06-01,D,2.164,
growth_mom,2016-07-01,D,-0.265,
growth_mom,2016-08-01,D,0.354,
growth_mom,2016-09-01,D,0.0,
growth_mom,2016-10-01,D,0.794,
growth_mom,2016-11-01,D,-0.087,
growth_mom,2016-12-01,D,0.438,
growth_mom,2017-01-01,D,-0.087,
growth_mom,2017-02-01,D,-0.087,-0.522
growth_mom,2017-03-01,D,0.262,-0.35
growth_mom,2017-04-01,D,-0.261,0.614
growth_mom,2017-05-01,D,-0.262,-0.697
growth_mom,2017-06-01,D,0.0,-0.439
growth_mom,2017-07-01,D,0.613,1.058
growth_mom,2017-08-01,D,0.348,0.524
growth_mom,2017-09-01,D,-0.434,-0.174
growth_mom,2017-10-01,D,-0.174,-0.174
growth_mom,2017-11-01,D,0.175,0.697
growth_mom,2017-12-01,D,-0.261,-0.519
growth_mom,2018-01-01,D,-0.349,-0.435
growth_mom,2018-02-01,D,1.139,0.699
growth_mom,2018-03-01,D,0.78,0.173
growth_mom,2018-04-01,D,-0.086,0.866
growth_mom,2018-05-01,D,0.344,-0.086
growth_mom,2018-06-01,D,-0.772,-1.289
growth_mom,2018-07-01,D,0.432,0.87
growth_mom,2018-08-01,D,-0.172,0.0
growth_mom,2018-09-01,D,-0.086,0.173
growth_mom,2018-10-01,D,-0.086,-0.086
growth_mom,2018-11-01,D,0.345,0.776
growth_mom,2018-12-01,D,0.086,-0.086
growth_mom,2019-01-01,D,0.258,0.257
growth_mom,2019-02-01,D,-0.257,-0.683
growth_mom,2019-03-01,D,2.15,1.634
growth_mom,2019-04-01,D,-0.758,-0.338
growth_mom,2019-05-01,D,0.085,0.0
growth_mom,2019-06-01,D,-0.169,-0.085
growth_mom,2019-07-01,D,0.17,0.0
growth_mom,2019-08-01,D,0.424,0.34
growth_mom,2019-09-01,D,-0.928,-0.423
growth_mom,2019-10-01,D,-0.085,0.0
growth_mom,2019-11-01,D,-0.341,-0.34
growth_mom,2019-12-01,D,0.684,0.597
growth_mom,2020-01-01,D,0.085,0.339
growth_mom,2020-02-01,D,0.34,-0.085
growth_mom,2020-03-01,D,0.169,-0.338
growth_mom,2020-04-01,D,-0.253,0.17
growth_mom,2020-05-01,D,-0.254,-0.254
growth_mom,2020-06-01,D,-0.594,-0.51
growth_mom,2020-07-01,D,-0.512,-0.769
growth_mom,2020-08-01,D,-0.172,-0.258
growth_mom,2020-09-01,D,0.086,0.604
growth_mom,2020-10-01,D,-0.43,-0.343
growth_mom,2020-11-01,D,0.69,0.688
growth_mom,2020-12-01,D,-0.857,-0.94
growth_mom,2021-01-01,D,-0.086,0.0
growth_mom,2021-02-01,D,0.26,-0.086
growth_mom,2021-03-01,D,0.777,0.432
growth_mom,2021-04-01,D,0.257,0.344
growth_mom,2021-05-01,D,0.683,0.686
growth_mom,2021-06-01,D,-0.848,-0.426
growth_mom,2021-07-01,D,-0.171,-0.427
growth_mom,2021-08-01,D,0.086,0.086
growth_mom,2021-09-01,D,-0.514,-0.172
growth_mom,2021-10-01,D,0.43,0.773
growth_mom,2021-11-01,D,-0.257,-0.682
growth_mom,2021-12-01,D,0.086,0.429
growth_mom,2022-01-01,D,0.086,0.0
growth_mom,2022-02-01,D,0.172,-0.171
growth_mom,2022-03-01,D,0.171,-0.342
growth_mom,2022-04-01,D,0.684,0.687
growth_mom,2022-05-01,D,-0.509,-0.512
growth_mom,2022-06-01,D,-0.427,0.0
growth_mom,2022-07-01,D,0.857,0.943
growth_mom,2022-08-01,D,0.085,0.0
growth_mom,2022-09-01,D,-0.17,0.255
growth_mom,2022-10-01,D,0.425,0.508
growth_mom,2022-11-01,D,-0.085,-0.253
growth_mom,2022-12-01,D,-0.254,-0.169
growth_mom,2023-01-01,D,0.255,0.169
growth_mom,2023-02-01,D,0.0,-0.169
growth_mom,2023-03-01,D,0.508,0.085
growth_mom,2023-04-01,D,-0.59,-0.846
growth_mom,2023-05-01,D,0.594,0.853
growth_mom,2023-06-01,D,-0.59,-0.169
growth_mom,2023-07-01,D,-0.085,-0.169
growth_mom,2023-08-01,D,-0.085,-0.085
growth_mom,2023-09-01,D,0.425,0.68
growth_mom,2023-10-01,D,-0.592,-0.759
growth_mom,2023-11-01,D,-0.17,-0.085
growth_mom,2023-12-01,D,-0.256,-0.085
growth_mom,2024-01-01,D,0.085,0.0
growth_mom,2024-02-01,D,0.854,0.681
growth_mom,2024-03-01,D,0.508,0.085
growth_mom,2024-04-01,D,0.337,0.085
growth_mom,2024-05-01,D,1.092,1.351
growth_mom,2024-06-01,D,-1.08,-0.667
growth_mom,2024-07-01,D,-0.756,-0.839
growth_mom,2024-08-01,D,0.592,0.592
growth_mom,2024-09-01,D,-0.336,-0.084
growth_mom,2024-10-01,D,-0.084,-0.337
growth_mom,2024-11-01,D,-0.084,0.084
growth_mom,2024-12-01,D,-0.169,0.0
growth_mom,2025-01-01,D,-0.423,
growth_mom,2025-02-01,D,0.17,
growth_mom,2025-03-01,D,0.255,
growth_mom,2025-04-01,D,0.254,
growth_mom,2025-05-01,D,0.591,
growth_mom,2025-06-01,D,-0.168,
growth_mom,2025-07-01,D,3.364,
growth_mom,2025-08-01,D,0.732,
growth_mom,2025-09-01,D,0.081,
growth_mom,2025-10-01,D,-0.323,
growth_mom,2025-11-01,D,-0.243,
growth_mom,2025-12-01,D,-0.244,
growth_mom,2026-01-01,D,0.407,
growth_mom,2026-02-01,D,-0.081,
growth_mom,2026-03-01,D,4.947,
growth_mom,2026-04-01,D,1.159,
growth_mom,2026-05-01,D,0.076,
growth_mom,2026-06-01,D,0.0,
growth_mom,2026-07-01,D,0.076,
abs,2010-01-01,E,99.2,
abs,2010-02-01,E,99.1,
abs,2010-03-01,E,99.2,
abs,2010-04-01,E,99.9,
abs,2010-05-01,E,101.5,
abs,2010-06-01,E,99.9,
abs,2010-07-01,E,99.6,
abs,2010-08-01,E,99.4,
abs,2010-09-01,E,99.5,
abs,2010-10-01,E,99.8,
abs,2010-11-01,E,101.0,
abs,2010-12-01,E,102.0,
abs,2011-01-01,E,102.8,
abs,2011-02-01,E,103.0,
abs,2011-03-01,E,104.3,
abs,2011-04-01,E,103.9,
abs,2011-05-01,E,104.3,
abs,2011-06-01,E,104.9,
abs,2011-07-01,E,105.1,
abs,2011-08-01,E,105.0,
abs,2011-09-01,E,103.9,
abs,2011-10-01,E,104.9,
abs,2011-11-01,E,104.2,
abs,2011-12-01,E,104.3,
abs,2012-01-01,E,103.5,
abs,2012-02-01,E,104.1,
abs,2012-03-01,E,104.1,
abs,2012-04-01,E,103.0,
abs,2012-05-01,E,103.5,
abs,2012-06-01,E,104.3,
abs,2012-07-01,E,105.2,
abs,2012-08-01,E,103.6,
abs,2012-09-01,E,104.4,
abs,2012-10-01,E,104.2,
abs,2012-11-01,E,104.5,
abs,2012-12-01,E,104.6,
abs,2013-01-01,E,105.6,
abs,2013-02-01,E,104.1,
abs,2013-03-01,E,104.7,
abs,2013-04-01,E,105.3,
abs,2013-05-01,E,104.2,
abs,2013-06-01,E,106.4,
abs,2013-07-01,E,108.0,
abs,2013-08-01,E,106.3,
abs,2013-09-01,E,107.9,
abs,2013-10-01,E,110.8,
abs,2013-11-01,E,108.3,
abs,2013-12-01,E,108.1,
abs,2014-01-01,E,106.6,
abs,2014-02-01,E,107.6,
abs,2014-03-01,E,107.7,
abs,2014-04-01,E,109.0,
abs,2014-05-01,E,107.1,
abs,2014-06-01,E,108.4,
abs,2014-07-01,E,106.8,
abs,2014-08-01,E,106.9,
abs,2014-09-01,E,107.5,
abs,2014-10-01,E,107.6,
abs,2014-11-01,E,108.3,
abs,2014-12-01,E,107.1,
abs,2015-01-01,E,107.4,
abs,2015-02-01,E,103.8,
abs,2015-03-01,E,107.8,
abs,2015-04-01,E,108.0,
abs,2015-05-01,E,109.1,
abs,2015-06-01,E,111.1,
abs,2015-07-01,E,110.6,
abs,2015-08-01,E,112.2,
abs,2015-09-01,E,112.1,
abs,2015-10-01,E,113.5,
abs,2015-11-01,E,113.8,
abs,2015-12-01,E,114.1,
abs,2016-01-01,E,113.0,
abs,2016-02-01,E,112.9,
abs,2016-03-01,E,112.8,
abs,2016-04-01,E,115.2,
abs,2016-05-01,E,114.2,
abs,2016-06-01,E,114.9,
abs,2016-07-01,E,113.8,
abs,2016-08-01,E,114.3,
abs,2016-09-01,E,114.8,
abs,2016-10-01,E,115.2,
abs,2016-11-01,E,114.2,
abs,2016-12-01,E,114.6,
abs,2017-01-01,E,113.0,
abs,2017-02-01,E,112.8,
abs,2017-03-01,E,113.9,
abs,2017-04-01,E,114.0,
abs,2017-05-01,E,114.5,
abs,2017-06-01,E,114.1,
abs,2017-07-01,E,114.3,
abs,2017-08-01,E,115.2,
abs,2017-09-01,E,114.3,
abs,2017-10-01,E,114.8,
abs,2017-11-01,E,114.4,
abs,2017-12-01,E,114.1,
abs,2018-01-01,E,114.1,
abs,2018-02-01,E,114.2,
abs,2018-03-01,E,114.0,
abs,2018-04-01,E,115.2,
abs,2018-05-01,E,114.6,
abs,2018-06-01,E,113.9,
abs,2018-07-01,E,114.6,
abs,2018-08-01,E,114.6,
abs,2018-09-01,E,114.8,
abs,2018-10-01,E,113.7,
abs,2018-11-01,E,114.3,
abs,2018-12-01,E,115.0,
abs,2019-01-01,E,113.0,
abs,2019-02-01,E,111.9,
abs,2019-03-01,E,112.1,
abs,2019-04-01,E,112.2,
abs,2019-05-01,E,112.0,
abs,2019-06-01,E,111.8,
abs,2019-07-01,E,111.4,
abs,2019-08-01,E,111.6,
abs,2019-09-01,E,111.6,
abs,2019-10-01,E,111.6,
abs,2019-11-01,E,111.7,
abs,2019-12-01,E,111.7,
abs,2020-01-01,E,111.7,
abs,2020-02-01,E,111.0,
abs,2020-03-01,E,111.8,
abs,2020-04-01,E,111.1,
abs,2020-05-01,E,110.8,
abs,2020-06-01,E,110.5,
abs,2020-07-01,E,110.7,
abs,2020-08-01,E,112.4,
abs,2020-09-01,E,112.7,
abs,2020-10-01,E,112.7,
abs,2020-11-01,E,112.7,
abs,2020-12-01,E,112.5,
abs,2021-01-01,E,112.3,
abs,2021-02-01,E,111.9,
abs,2021-03-01,E,111.7,
abs,2021-04-01,E,112.4,
abs,2021-05-01,E,112.5,
abs,2021-06-01,E,112.3,
abs,2021-07-01,E,112.1,
abs,2021-08-01,E,111.9,
abs,2021-09-01,E,111.8,
abs,2021-10-01,E,111.9,
abs,2021-11-01,E,112.9,
abs,2021-12-01,E,113.5,
abs,2022-01-01,E,113.7,114.1
abs,2022-02-01,E,113.5,113.5
abs,2022-03-01,E,113.6,113.0
abs,2022-04-01,E,113.8,113.2
abs,2022-05-01,E,113.9,113.4
abs,2022-06-01,E,114.7,114.6
abs,2022-07-01,E,114.4,114.4
abs,2022-08-01,E,115.3,115.2
abs,2022-09-01,E,116.6,117.0
abs,2022-10-01,E,117.4,117.9
abs,2022-11-01,E,117.6,117.9
abs,2022-12-01,E,117.8,118.2
abs,2023-01-01,E,118.0,117.6
abs,2023-02-01,E,117.7,117.8
abs,2023-03-01,E,117.4,117.8
abs,2023-04-01,E,117.4,117.6
abs,2023-05-01,E,117.3,117.7
abs,2023-06-01,E,118.4,118.5
abs,2023-07-01,E,118.0,118.5
abs,2023-08-01,E,118.2,118.4
abs,2023-09-01,E,117.7,117.5
abs,2023-10-01,E,118.6,118.1
abs,2023-11-01,E,118.8,118.3
abs,2023-12-01,E,118.3,117.8
abs,2024-01-01,E,118.7,118.3
abs,2024-02-01,E,121.9,122.0
abs,2024-03-01,E,124.4,124.8
abs,2024-04-01,E,125.8,126.1
abs,2024-05-01,E,127.5,128.0
abs,2024-06-01,E,127.6,127.7
abs,2024-07-01,E,128.6,129.2
abs,2024-08-01,E,127.6,127.9
abs,2024-09-01,E,126.9,126.7
abs,2024-10-01,E,126.8,126.3
abs,2024-11-01,E,126.6,126.0
abs,2024-12-01,E,126.2,125.7
abs,2025-01-01,E,127.7,127.4
abs,2025-02-01,E,125.4,125.9
abs,2025-03-01,E,125.3,125.6
abs,2025-04-01,E,126.9,126.8
abs,2025-05-01,E,127.2,127.0
abs,2025-06-01,E,127.4,127.2
abs,2025-07-01,E,128.5,128.2
abs,2025-08-01,E,132.0,131.9
abs,2025-09-01,E,138.4,138.5
abs,2025-10-01,E,140.5,140.2
abs,2025-11-01,E,139.4,139.5
abs,2025-12-01,E,139.9,139.9
abs,2026-01-01,E,140.7,140.3
abs,2026-02-01,E,140.3,140.9
abs,2026-03-01,E,139.4,139.8
abs,2026-04-01,E,140.6,140.4
abs,2026-05-01,E,141.5,141.3
abs,2026-06-01,E,143.6,143.3
abs,2026-07-01,E,141.6,141.2
growth_yoy,2011-01-01,E,3.629,
growth_yoy,2011-02-01,E,3.935,
growth_yoy,2011-03-01,E,5.141,
growth_yoy,2011-04-01,E,4.004,
growth_yoy,2011-05-01,E,2.759,
growth_yoy,2011-06-01,E,5.005,
growth_yoy,2011-07-01,E,5.522,
growth_yoy,2011-08-01,E,5.634,
growth_yoy,2011-09-01,E,4.422,
growth_yoy,2011-10-01,E,5.11,
growth_yoy,2011-11-01,E,3.168,
growth_yoy,2011-12-01,E,2.255,
growth_yoy,2012-01-01,E,0.681,
growth_yoy,2012-02-01,E,1.068,
growth_yoy,2012-03-01,E,-0.192,
growth_yoy,2012-04-01,E,-0.866,
growth_yoy,2012-05-01,E,-0.767,
growth_yoy,2012-06-01,E,-0.572,
growth_yoy,2012-07-01,E,0.095,
growth_yoy,2012-08-01,E,-1.333,
growth_yoy,2012-09-01,E,0.481,
growth_yoy,2012-10-01,E,-0.667,
growth_yoy,2012-11-01,E,0.288,
growth_yoy,2012-12-01,E,0.288,
growth_yoy,2013-01-01,E,2.029,
growth_yoy,2013-02-01,E,0.0,
growth_yoy,2013-03-01,E,0.576,
growth_yoy,2013-04-01,E,2.233,
growth_yoy,2013-05-01,E,0.676,
growth_yoy,2013-06-01,E,2.013,
growth_yoy,2013-07-01,E,2.662,
growth_yoy,2013-08-01,E,2.606,
growth_yoy,2013-09-01,E,3.352,
growth_yoy,2013-10-01,E,6.334,
growth_yoy,2013-11-01,E,3.636,
growth_yoy,2013-12-01,E,3.346,
growth_yoy,2014-01-01,E,0.947,
growth_yoy,2014-02-01,E,3.362,
growth_yoy,2014-03-01,E,2.865,
growth_yoy,2014-04-01,E,3.514,
growth_yoy,2014-05-01,E,2.783,
growth_yoy,2014-06-01,E,1.88,
growth_yoy,2014-07-01,E,-1.111,
growth_yoy,2014-08-01,E,0.564,
growth_yoy,2014-09-01,E,-0.371,
growth_yoy,2014-10-01,E,-2.888,
growth_yoy,2014-11-01,E,0.0,
growth_yoy,2014-12-01,E,-0.925,
growth_yoy,2015-01-01,E,0.75,
growth_yoy,2015-02-01,E,-3.532,
growth_yoy,2015-03-01,E,0.093,
growth_yoy,2015-04-01,E,-0.917,
growth_yoy,2015-05-01,E,1.867,
growth_yoy,2015-06-01,E,2.491,
growth_yoy,2015-07-01,E,3.558,
growth_yoy,2015-08-01,E,4.958,
growth_yoy,2015-09-01,E,4.279,
growth_yoy,2015-10-01,E,5.483,
growth_yoy,2015-11-01,E,5.078,
growth_yoy,2015-12-01,E,6.536,
growth_yoy,2016-01-01,E,5.214,
growth_yoy,2016-02-01,E,8.767,
growth_yoy,2016-03-01,E,4.638,
growth_yoy,2016-04-01,E,6.667,
growth_yoy,2016-05-01,E,4.675,
growth_yoy,2016-06-01,E,3.42,
growth_yoy,2016-07-01,E,2.893,
growth_yoy,2016-08-01,E,1.872,
growth_yoy,2016-09-01,E,2.409,
growth_yoy,2016-10-01,E,1.498,
growth_yoy,2016-11-01,E,0.351,
growth_yoy,2016-12-01,E,0.438,
growth_yoy,2017-01-01,E,0.0,
growth_yoy,2017-02-01,E,-0.089,
growth_yoy,2017-03-01,E,0.975,
growth_yoy,2017-04-01,E,-1.042,
growth_yoy,2017-05-01,E,0.263,
growth_yoy,2017-06-01,E,-0.696,
growth_yoy,2017-07-01,E,0.439,
growth_yoy,2017-08-01,E,0.787,
growth_yoy,2017-09-01,E,-0.436,
growth_yoy,2017-10-01,E,-0.347,
growth_yoy,2017-11-01,E,0.175,
growth_yoy,2017-12-01,E,-0.436,
growth_yoy,2018-01-01,E,0.973,
growth_yoy,2018-02-01,E,1.241,
growth_yoy,2018-03-01,E,0.088,
growth_yoy,2018-04-01,E,1.053,
growth_yoy,2018-05-01,E,0.087,
growth_yoy,2018-06-01,E,-0.175,
growth_yoy,2018-07-01,E,0.262,
growth_yoy,2018-08-01,E,-0.521,
growth_yoy,2018-09-01,E,0.437,
growth_yoy,2018-10-01,E,-0.958,
growth_yoy,2018-11-01,E,-0.087,
growth_yoy,2018-12-01,E,0.789,
growth_yoy,2019-01-01,E,-0.964,
growth_yoy,2019-02-01,E,-2.014,
growth_yoy,2019-03-01,E,-1.667,
growth_yoy,2019-04-01,E,-2.604,
growth_yoy,2019-05-01,E,-2.269,
growth_yoy,2019-06-01,E,-1.844,
growth_yoy,2019-07-01,E,-2.792,
growth_yoy,2019-08-01,E,-2.618,
growth_yoy,2019-09-01,E,-2.787,
growth_yoy,2019-10-01,E,-1.847,
growth_yoy,2019-11-01,E,-2.275,
growth_yoy,2019-12-01,E,-2.87,
growth_yoy,2020-01-01,E,-1.15,
growth_yoy,2020-02-01,E,-0.804,
growth_yoy,2020-03-01,E,-0.268,
growth_yoy,2020-04-01,E,-0.98,
growth_yoy,2020-05-01,E,-1.071,
growth_yoy,2020-06-01,E,-1.163,
growth_yoy,2020-07-01,E,-0.628,
growth_yoy,2020-08-01,E,0.717,
growth_yoy,2020-09-01,E,0.986,
growth_yoy,2020-10-01,E,0.986,
growth_yoy,2020-11-01,E,0.895,
growth_yoy,2020-12-01,E,0.716,
growth_yoy,2021-01-01,E,0.537,
growth_yoy,2021-02-01,E,0.811,
growth_yoy,2021-03-01,E,-0.089,
growth_yoy,2021-04-01,E,1.17,
growth_yoy,2021-05-01,E,1.534,
growth_yoy,2021-06-01,E,1.629,
growth_yoy,2021-07-01,E,1.265,
growth_yoy,2021-08-01,E,-0.445,
growth_yoy,2021-09-01,E,-0.799,
growth_yoy,2021-10-01,E,-0.71,
growth_yoy,2021-11-01,E,0.177,
growth_yoy,2021-12-01,E,0.889,
growth_yoy,2022-01-01,E,1.247,
growth_yoy,2022-02-01,E,1.43,
growth_yoy,2022-03-01,E,1.701,
growth_yoy,2022-04-01,E,1.246,
growth_yoy,2022-05-01,E,1.244,
growth_yoy,2022-06-01,E,2.137,
growth_yoy,2022-07-01,E,2.052,
growth_yoy,2022-08-01,E,3.038,
growth_yoy,2022-09-01,E,4.293,
growth_yoy,2022-10-01,E,4.915,
growth_yoy,2022-11-01,E,4.163,
growth_yoy,2022-12-01,E,3.789,
growth_yoy,2023-01-01,E,3.782,
growth_yoy,2023-02-01,E,3.7,
growth_yoy,2023-03-01,E,3.345,
growth_yoy,2023-04-01,E,3.163,
growth_yoy,2023-05-01,E,2.985,
growth_yoy,2023-06-01,E,3.226,
growth_yoy,2023-07-01,E,3.147,
growth_yoy,2023-08-01,E,2.515,
growth_yoy,2023-09-01,E,0.943,
growth_yoy,2023-10-01,E,1.022,
growth_yoy,2023-11-01,E,1.02,
growth_yoy,2023-12-01,E,0.424,
growth_yoy,2024-01-01,E,0.593,
growth_yoy,2024-02-01,E,3.568,
growth_yoy,2024-03-01,E,5.963,
growth_yoy,2024-04-01,E,7.155,
growth_yoy,2024-05-01,E,8.696,
growth_yoy,2024-06-01,E,7.77,
growth_yoy,2024-07-01,E,8.983,
growth_yoy,2024-08-01,E,7.953,
growth_yoy,2024-09-01,E,7.816,
growth_yoy,2024-10-01,E,6.914,
growth_yoy,2024-11-01,E,6.566,
growth_yoy,2024-12-01,E,6.678,
growth_yoy,2025-01-01,E,7.582,
growth_yoy,2025-02-01,E,2.871,
growth_yoy,2025-03-01,E,0.723,
growth_yoy,2025-04-01,E,0.874,
growth_yoy,2025-05-01,E,-0.235,
growth_yoy,2025-06-01,E,-0.157,
growth_yoy,2025-07-01,E,-0.078,
growth_yoy,2025-08-01,E,3.448,
growth_yoy,2025-09-01,E,9.062,
growth_yoy,2025-10-01,E,10.804,
growth_yoy,2025-11-01,E,10.111,
growth_yoy,2025-12-01,E,10.856,
growth_yoy,2026-01-01,E,10.18,
growth_yoy,2026-02-01,E,11.882,
growth_yoy,2026-03-01,E,11.253,
growth_yoy,2026-04-01,E,10.796,
growth_yoy,2026-05-01,E,11.242,
growth_yoy,2026-06-01,E,12.716,
growth_yoy,2026-07-01,E,10.195,
growth_mom,2010-02-01,E,-0.101,
growth_mom,2010-03-01,E,0.101,
growth_mom,2010-04-01,E,0.706,
growth_mom,2010-05-01,E,1.602,
growth_mom,2010-06-01,E,-1.576,
growth_mom,2010-07-01,E,-0.3,
growth_mom,2010-08-01,E,-0.201,
growth_mom,2010-09-01,E,0.101,
growth_mom,2010-10-01,E,0.302,
growth_mom,2010-11-01,E,1.202,
growth_mom,2010-12-01,E,0.99,
growth_mom,2011-01-01,E,0.784,
growth_mom,2011-02-01,E,0.195,
growth_mom,2011-03-01,E,1.262,
growth_mom,2011-04-01,E,-0.384,
growth_mom,2011-05-01,E,0.385,
growth_mom,2011-06-01,E,0.575,
growth_mom,2011-07-01,E,0.191,
growth_mom,2011-08-01,E,-0.095,
growth_mom,2011-09-01,E,-1.048,
growth_mom,2011-10-01,E,0.962,
growth_mom,2011-11-01,E,-0.667,
growth_mom,2011-12-01,E,0.096,
growth_mom,2012-01-01,E,-0.767,
growth_mom,2012-02-01,E,0.58,
growth_mom,2012-03-01,E,0.0,
growth_mom,2012-04-01,E,-1.057,
growth_mom,2012-05-01,E,0.485,
growth_mom,2012-06-01,E,0.773,
growth_mom,2012-07-01,E,0.863,
growth_mom,2012-08-01,E,-1.521,
growth_mom,2012-09-01,E,0.772,
growth_mom,2012-10-01,E,-0.192,
growth_mom,2012-11-01,E,0.288,
growth_mom,2012-12-01,E,0.096,
growth_mom,2013-01-01,E,0.956,
growth_mom,2013-02-01,E,-1.42,
growth_mom,2013-03-01,E,0.576,
growth_mom,2013-04-01,E,0.573,
growth_mom,2013-05-01,E,-1.045,
growth_mom,2013-06-01,E,2.111,
growth_mom,2013-07-01,E,1.504,
growth_mom,2013-08-01,E,-1.574,
growth_mom,2013-09-01,E,1.505,
growth_mom,2013-10-01,E,2.688,
growth_mom,2013-11-01,E,-2.256,
growth_mom,2013-12-01,E,-0.185,
growth_mom,2014-01-01,E,-1.388,
growth_mom,2014-02-01,E,0.938,
growth_mom,2014-03-01,E,0.093,
growth_mom,2014-04-01,E,1.207,
growth_mom,2014-05-01,E,-1.743,
growth_mom,2014-06-01,E,1.214,
growth_mom,2014-07-01,E,-1.476,
growth_mom,2014-08-01,E,0.094,
growth_mom,2014-09-01,E,0.561,
growth_mom,2014-10-01,E,0.093,
growth_mom,2014-11-01,E,0.651,
growth_mom,2014-12-01,E,-1.108,
growth_mom,2015-01-01,E,0.28,
growth_mom,2015-02-01,E,-3.352,
growth_mom,2015-03-01,E,3.854,
growth_mom,2015-04-01,E,0.186,
growth_mom,2015-05-01,E,1.019,
growth_mom,2015-06-01,E,1.833,
growth_mom,2015-07-01,E,-0.45,
growth_mom,2015-08-01,E,1.447,
growth_mom,2015-09-01,E,-0.089,
growth_mom,2015-10-01,E,1.249,
growth_mom,2015-11-01,E,0.264,
growth_mom,2015-12-01,E,0.264,
growth_mom,2016-01-01,E,-0.964,
growth_mom,2016-02-01,E,-0.088,
growth_mom,2016-03-01,E,-0.089,
growth_mom,2016-04-01,E,2.128,
growth_mom,2016-05-01,E,-0.868,
growth_mom,2016-06-01,E,0.613,
growth_mom,2016-07-01,E,-0.957,
growth_mom,2016-08-01,E,0.439,
growth_mom,2016-09-01,E,0.437,
growth_mom,2016-10-01,E,0.348,
growth_mom,2016-11-01,E,-0.868,
growth_mom,2016-12-01,E,0.35,
growth_mom,2017-01-01,E,-1.396,
growth_mom,2017-02-01,E,-0.177,
growth_mom,2017-03-01,E,0.975,
growth_mom,2017-04-01,E,0.088,
growth_mom,2017-05-01,E,0.439,
growth_mom,2017-06-01,E,-0.349,
growth_mom,2017-07-01,E,0.175,
growth_mom,2017-08-01,E,0.787,
growth_mom,2017-09-01,E,-0.781,
growth_mom,2017-10-01,E,0.437,
growth_mom,2017-11-01,E,-0.348,
growth_mom,2017-12-01,E,-0.262,
growth_mom,2018-01-01,E,0.0,
growth_mom,2018-02-01,E,0.088,
growth_mom,2018-03-01,E,-0.175,
growth_mom,2018-04-01,E,1.053,
growth_mom,2018-05-01,E,-0.521,
growth_mom,2018-06-01,E,-0.611,
growth_mom,2018-07-01,E,0.615,
growth_mom,2018-08-01,E,0.0,
growth_mom,2018-09-01,E,0.175,
growth_mom,2018-10-01,E,-0.958,
growth_mom,2018-11-01,E,0.528,
growth_mom,2018-12-01,E,0.612,
growth_mom,2019-01-01,E,-1.739,
growth_mom,2019-02-01,E,-0.973,
growth_mom,2019-03-01,E,0.179,
growth_mom,2019-04-01,E,0.089,
growth_mom,2019-05-01,E,-0.178,
growth_mom,2019-06-01,E,-0.179,
growth_mom,2019-07-01,E,-0.358,
growth_mom,2019-08-01,E,0.18,
growth_mom,2019-09-01,E,0.0,
growth_mom,2019-10-01,E,0.0,
growth_mom,2019-11-01,E,0.09,
growth_mom,2019-12-01,E,0.0,
growth_mom,2020-01-01,E,0.0,
growth_mom,2020-02-01,E,-0.627,
growth_mom,2020-03-01,E,0.721,
growth_mom,2020-04-01,E,-0.626,
growth_mom,2020-05-01,E,-0.27,
growth_mom,2020-06-01,E,-0.271,
growth_mom,2020-07-01,E,0.181,
growth_mom,2020-08-01,E,1.536,
growth_mom,2020-09-01,E,0.267,
growth_mom,2020-10-01,E,0.0,
growth_mom,2020-11-01,E,0.0,
growth_mom,2020-12-01,E,-0.177,
growth_mom,2021-01-01,E,-0.178,
growth_mom,2021-02-01,E,-0.356,
growth_mom,2021-03-01,E,-0.179,
growth_mom,2021-04-01,E,0.627,
growth_mom,2021-05-01,E,0.089,
growth_mom,2021-06-01,E,-0.178,
growth_mom,2021-07-01,E,-0.178,
growth_mom,2021-08-01,E,-0.178,
growth_mom,2021-09-01,E,-0.089,
growth_mom,2021-10-01,E,0.089,
growth_mom,2021-11-01,E,0.894,
growth_mom,2021-12-01,E,0.531,
growth_mom,2022-01-01,E,0.176,
growth_mom,2022-02-01,E,-0.176,-0.526
growth_mom,2022-03-01,E,0.088,-0.441
growth_mom,2022-04-01,E,0.176,0.177
growth_mom,2022-05-01,E,0.088,0.177
growth_mom,2022-06-01,E,0.702,1.058
growth_mom,2022-07-01,E,-0.262,-0.175
growth_mom,2022-08-01,E,0.787,0.699
growth_mom,2022-09-01,E,1.127,1.562
growth_mom,2022-10-01,E,0.686,0.769
growth_mom,2022-11-01,E,0.17,0.0
growth_mom,2022-12-01,E,0.17,0.254
growth_mom,2023-01-01,E,0.17,-0.508
growth_mom,2023-02-01,E,-0.254,0.17
growth_mom,2023-03-01,E,-0.255,0.0
growth_mom,2023-04-01,E,0.0,-0.17
growth_mom,2023-05-01,E,-0.085,0.085
growth_mom,2023-06-01,E,0.938,0.68
growth_mom,2023-07-01,E,-0.338,0.0
growth_mom,2023-08-01,E,0.169,-0.084
growth_mom,2023-09-01,E,-0.423,-0.76
growth_mom,2023-10-01,E,0.765,0.511
growth_mom,2023-11-01,E,0.169,0.169
growth_mom,2023-12-01,E,-0.421,-0.423
growth_mom,2024-01-01,E,0.338,0.424
growth_mom,2024-02-01,E,2.696,3.128
growth_mom,2024-03-01,E,2.051,2.295
growth_mom,2024-04-01,E,1.125,1.042
growth_mom,2024-05-01,E,1.351,1.507
growth_mom,2024-06-01,E,0.078,-0.234
growth_mom,2024-07-01,E,0.784,1.175
growth_mom,2024-08-01,E,-0.778,-1.006
growth_mom,2024-09-01,E,-0.549,-0.938
growth_mom,2024-10-01,E,-0.079,-0.316
growth_mom,2024-11-01,E,-0.158,-0.238
growth_mom,2024-12-01,E,-0.316,-0.238
growth_mom,2025-01-01,E,1.189,1.352
growth_mom,2025-02-01,E,-1.801,-1.177
growth_mom,2025-03-01,E,-0.08,-0.238
growth_mom,2025-04-01,E,1.277,0.955
growth_mom,2025-05-01,E,0.236,0.158
growth_mom,2025-06-01,E,0.157,0.157
growth_mom,2025-07-01,E,0.863,0.786
growth_mom,2025-08-01,E,2.724,2.886
growth_mom,2025-09-01,E,4.848,5.004
growth_mom,2025-10-01,E,1.517,1.227
growth_mom,2025-11-01,E,-0.783,-0.499
growth_mom,2025-12-01,E,0.359,0.287
growth_mom,2026-01-01,E,0.572,0.286
growth_mom,2026-02-01,E,-0.284,0.428
growth_mom,2026-03-01,E,-0.641,-0.781
growth_mom,2026-04-01,E,0.861,0.429
growth_mom,2026-05-01,E,0.64,0.641
growth_mom,2026-06-01,E,1.484,1.415
growth_mom,2026-07-01,E,-1.393,-1.465
