date,volume,value
2021-07-01,41752,114154038.04
2021-07-02,72684,158758632.4
2021-07-05,36453,210016916.77
2021-07-06,55588,287628609.89
2021-07-07,8082,181390900.37
2021-07-08,31955,162381507.6
2021-07-09,22758,214211100.24
2021-07-12,162325,330053938.11
2021-07-13,40058,243220862.56
2021-07-14,10292,127789071.41
2021-07-15,25528,154412201.66
2021-07-16,13969,123931884.95
2021-07-19,11685,198680032.84
2021-07-21,20022,169029158.99
2021-07-22,14699,105582252.99
2021-07-23,5154,137899147.63
2021-07-26,83016,180359929.28
2021-07-27,34808,240164733.55
2021-07-28,28506,159783567.63
2021-07-29,11662,145078494.77
2021-07-30,15015,123180209.22
2021-09-17,15401,112511455.81
2021-09-20,15632,194506207.78
2021-09-21,16177,351228581.98
2021-09-22,28178,168804351.7
2021-09-23,18399,152201590.47
2021-09-24,7194,152055607.28
2021-09-27,49220,214572603.92
2021-09-28,40694,280782212.1
2021-09-29,36759,198955661.33
2021-09-30,12826,178543731.03
2021-10-01,66696,149297066.82
2021-10-04,68548,233290083.98
2021-10-05,35299,270045073.51
2021-10-06,69475,290453578.02
2021-10-07,13812,161402852.19
2021-10-08,21566,184885246.4
2021-10-11,180915,265841883.52
2021-10-12,41015,380231610.15
2021-10-13,36134,224563030.96
2021-10-14,7421,146651735.66
2021-10-15,23632,229584676.81
2021-10-18,18987,211105153.29
2021-10-20,35698,192008521.43
2021-10-21,13458,237061211.06
2021-10-22,13144,131148261.39
2021-10-25,30767,174963407.07
2021-10-26,29186,260249472.65
2021-10-27,69460,256214105.16
2021-10-28,30473,161275661.35
2021-10-29,13507,171517089.94
2021-11-01,54323,265533198.55
2021-11-02,70319,383897265.71
2021-11-03,53361,246088075.8
2021-11-05,31100,169390824.98
2021-11-08,51286,221840332.71
2021-11-09,27206,381565854.08
2021-11-10,222773,311453269.51
2021-11-11,16679,281846214.93
2021-11-12,13830,239728550.67
2021-11-15,29708,223601175.05
2021-11-16,21470,297883968.75
2021-11-17,25308,181958200.69
2021-11-18,9213,136807093.31
2021-11-19,6037,120860639.89
2021-11-22,23251,158371135.45
2021-11-23,18748,275509952.77
2021-11-24,34899,161073683.58
2021-11-25,38599,195119702.23
2021-11-26,50825,243174654.84
2021-11-29,46558,254025624.69
2021-11-30,23305,332823637.2
2021-12-01,64759,207200970.52
2021-12-02,70665,242108305.81
2021-12-03,27471,153835729.96
2021-12-06,23618,207925493.77
2021-12-07,57070,337781803.1
2021-12-08,50963,255486580.65
2021-12-09,10798,220007129.7
2021-12-10,225143,383210849.66
2021-12-13,17413,249985503.45
2021-12-14,11604,296512796.55
2021-12-15,43330,244960246.53
2021-12-16,14183,144593392.75
2021-12-17,8102,146872483.53
2021-12-20,19329,224813021.38
2021-12-21,16072,226545655.23
2021-12-22,39452,181700936.95
2021-12-23,9974,157209681.67
2021-12-24,6898,165845491.95
2021-12-27,98688,215528190.1
2021-12-28,38528,245876339.81
2021-12-29,28001,249193741.57
2021-12-30,11228,209795950.42
2021-12-31,4689,220300389.33
2022-01-03,124034,401592490.84
2022-01-04,15172,311550919.03
2022-01-05,93098,271613022.5
2022-01-06,14165,228899360.85
2022-01-07,11054,261550245.08
2022-01-10,145311,279308458.1
2022-01-11,105060,445679433.03
2022-01-12,43754,243158090.95
2022-01-13,8791,253389747.8
2022-01-14,13048,160985946.6
2022-01-17,27336,219210204.1
2022-01-19,36804,333687606.78
2022-01-20,12531,209752280.17
2022-01-21,8047,210449162.13
2022-01-24,21227,175927381.64
2022-01-25,33265,269476215.0
2022-01-26,41838,186124290.86
2022-01-27,86215,334283131.2
2022-01-28,38943,229900819.84
2022-01-31,19708,245874718.81
2022-02-03,104842,241317244.1
2022-02-04,39883,196165494.59
2022-02-07,93822,288732744.77
2022-02-08,31590,381135551.47
2022-02-09,40065,452437094.74
2022-02-10,220635,231450620.34
2022-02-11,15265,227258927.05
2022-02-14,18884,280020943.67
2022-02-15,29862,301371135.21
2022-02-16,29130,232846214.85
2022-02-17,8941,154376934.15
2022-02-18,7066,144968168.62
2022-02-21,14244,220548890.07
2022-02-22,24888,233621218.34
2022-02-23,42840,195799095.92
2022-02-24,7463,193271675.53
2022-02-25,82938,165175251.08
2022-02-28,65736,311912496.55
2022-03-01,86686,306793909.22
2022-03-02,80991,222987972.29
2022-03-03,26506,235678406.06
2022-03-04,18136,177887405.88
2022-03-07,59718,217691424.46
2022-03-08,41079,440270493.05
2022-03-09,26060,381545390.27
2022-03-10,159129,193591504.35
2022-03-11,98699,343082459.66
2022-03-14,14043,221318501.05
2022-03-15,21769,228367194.46
2022-03-16,39132,212895689.64
2022-03-17,7746,127480838.12
2022-03-18,7478,149174325.68
2022-03-21,13010,166263853.52
2022-03-22,28379,210467646.27
2022-03-23,37870,183483056.46
2022-03-24,8511,189834660.05
2022-03-25,31351,143297088.19
2022-03-28,119437,235029344.15
2022-03-29,26833,324433335.93
2022-03-30,27189,194928568.83
2022-03-31,7501,150877612.73
2022-04-01,76514,225175826.86
2022-04-04,70471,251319180.15
2022-04-05,76560,353358758.25
2022-04-06,29909,248706359.9
2022-04-07,23860,219738768.72
2022-04-08,21721,485534946.4
2022-04-11,140938,428635691.68
2022-04-12,116052,447185358.18
2022-04-13,26553,232537810.21
2022-04-14,8430,306550670.05
2022-04-15,23229,180485835.82
2022-04-18,21526,177463609.29
2022-04-20,39954,302477406.26
2022-04-21,14092,235390114.61
2022-04-22,16228,218485808.68
2022-04-25,46431,193154439.16
2022-04-26,16273,355984454.17
2022-04-27,129998,285137732.62
2022-04-28,51298,231449435.54
2022-04-29,18500,185356147.16
2022-05-05,156126,360722046.47
2022-05-06,59111,389202708.34
2022-05-09,47809,323943664.62
2022-05-10,149061,519473003.41
2022-05-11,61803,426035287.41
2022-05-12,96791,283680758.61
2022-05-13,9093,285822663.41
2022-05-17,61185,350410454.61
2022-05-18,25434,278941259.17
2022-05-19,12804,187535302.6
2022-05-20,8743,196205535.67
2022-05-23,40614,196974192.86
2022-05-24,7311,248556673.09
2022-05-25,63276,203931855.21
2022-05-26,38878,239850055.81
2022-05-27,78920,230610764.9
2022-05-30,74924,246347597.75
2022-05-31,8001,358598014.49
2022-06-01,96680,202496689.57
2022-06-02,55852,210878121.71
2022-06-03,32265,169547083.28
2022-06-07,77888,326843344.27
2022-06-08,35045,521465544.28
2022-06-09,40356,260291199.02
2022-06-10,220760,257499901.26
2022-06-13,35684,205250431.95
2022-06-14,13556,406621835.97
2022-06-15,46090,277016846.38
2022-06-16,16036,164960699.03
2022-06-17,13114,141053096.47
2022-06-20,18982,147088490.69
2022-06-21,12245,265054566.92
2022-06-22,42327,170909343.69
2022-06-23,14227,186998562.65
2022-06-24,14024,208064956.38
2022-06-27,114227,253787623.67
2022-06-28,74561,315366190.69
2022-06-29,47347,289572878.1
2022-06-30,10431,207744100.63
2022-07-01,95451,162488602.3
2022-07-04,67442,247130614.75
2022-07-05,59502,514696060.23
2022-07-06,62701,252345816.93
2022-07-07,17339,281639234.2
2022-07-08,18659,306797949.93
2022-07-12,244486,323042322.72
2022-07-13,28229,371759528.26
2022-07-14,27829,280423363.66
2022-07-15,30279,208299250.67
2022-07-18,25513,202497245.28
2022-07-19,9866,291278129.59
2022-07-20,28633,205359879.87
2022-07-21,15548,158300048.31
2022-07-22,19981,143903724.61
2022-07-25,48991,202803643.57
2022-07-26,12526,253578064.58
2022-07-27,121215,306314428.85
2022-07-28,59661,223864533.29
2022-07-29,25133,219579760.11
2022-08-01,86942,370791465.55
2022-08-02,49600,337833069.22
2022-08-03,42136,304159716.83
2022-08-04,32030,201614604.49
2022-08-05,71250,151056034.61
2022-08-08,46587,217920951.78
2022-08-09,16876,314619282.37
2022-08-10,231863,301235124.06
2022-08-11,31686,282105866.66
2022-08-12,10462,155075183.62
2022-08-15,32285,260435785.2
2022-08-16,25892,308958768.97
2022-08-17,26992,186425050.34
2022-08-18,9740,145269056.59
2022-08-19,5673,135194109.91
2022-08-22,30699,161552521.98
2022-08-23,16922,296501418.96
2022-08-24,36095,211668584.02
2022-08-25,66459,184641268.07
2022-08-26,71749,168100289.83
2022-08-29,85727,279819571.83
2022-08-30,9607,479950827.41
2022-09-01,109658,330527658.43
2022-09-02,53549,335868493.93
2022-09-05,44741,273960069.91
2022-09-06,60140,354171306.04
2022-09-07,47531,202856361.84
2022-09-08,30804,208643499.06
2022-09-09,19302,196893360.77
2022-09-12,211463,276542066.43
2022-09-13,31503,312336998.34
2022-09-14,28288,374310303.91
2022-09-15,30155,218477675.32
2022-09-19,32654,232572258.27
2022-09-20,13988,343832921.52
2022-09-21,37207,224700381.32
2022-09-22,23561,183761765.36
2022-09-23,16218,176468223.46
2022-09-26,40654,280888953.43
2022-09-27,107911,324462480.8
2022-09-28,93210,299446860.15
2022-09-29,19654,193297873.08
2022-09-30,6615,339399499.06
2022-10-03,123465,249775883.87
2022-10-04,41917,402650763.53
2022-10-05,96715,271982517.38
2022-10-06,20008,214569473.07
2022-10-07,24654,205051788.9
2022-10-11,234592,360415040.21
2022-10-12,56522,400300983.14
2022-10-13,16008,291718187.49
2022-10-14,14767,217700853.06
2022-10-17,47699,237266957.71
2022-10-18,13579,293682762.44
2022-10-19,7565,178151386.98
2022-10-20,33358,186630186.12
2022-10-21,13112,156256089.36
2022-10-25,63295,297556546.93
2022-10-26,40073,432215207.69
2022-10-27,102277,237708710.62
2022-10-28,59418,238902475.54
2022-10-31,28983,394705975.89
2022-11-01,73225,323726796.97
2022-11-02,72877,316574410.43
2022-11-03,32321,184718318.15
2022-11-04,27092,223734150.46
2022-11-07,69587,220901820.37
2022-11-08,34228,271593933.35
2022-11-09,52332,326800128.48
2022-11-10,177133,278248109.62
2022-11-11,61821,193851122.52
2022-11-14,18965,254144104.71
2022-11-15,29188,329137017.35
2022-11-16,42616,236173002.04
2022-11-17,12045,219210950.14
2022-11-21,25169,249244722.16
2022-11-22,26015,354004520.85
2022-11-23,53121,245428555.79
2022-11-24,8615,180869958.39
2022-11-25,17440,207622656.29
2022-11-29,165769,403385861.31
2022-11-30,45464,546582168.97
2022-12-01,37187,246017200.79
2022-12-02,116000,301766454.83
2022-12-05,61609,243466154.6
2022-12-06,67829,382611680.04
2022-12-07,40088,259832886.91
2022-12-08,39244,213248992.07
2022-12-09,24843,234894339.62
2022-12-12,202974,277283680.04
2022-12-13,26007,348993253.32
2022-12-14,26928,280335596.47
2022-12-15,31284,230648642.62
2022-12-16,19935,163362591.79
2022-12-19,25243,202245557.48
2022-12-20,12151,341083495.7
2022-12-21,40361,246965611.42
2022-12-22,22481,172866993.38
2022-12-23,18291,208095749.44
2022-12-27,105834,310468320.66
2022-12-28,62748,415334512.76
2022-12-29,62204,445929960.54
2022-12-30,25274,208997369.35
2023-01-03,115127,286815832.47
2023-01-04,61536,445963454.89
2023-01-05,105096,347231923.37
2023-01-06,21398,185859157.45
2023-01-09,47325,295471795.54
2023-01-10,148211,393678601.43
2023-01-11,95883,304287662.02
2023-01-12,19253,246371495.72
2023-01-13,10140,214270124.89
2023-01-16,54532,298489227.35
2023-01-17,15981,309305843.81
2023-01-18,34229,222700792.48
2023-01-19,8548,237967044.06
2023-01-20,12526,169190606.19
2023-01-25,76304,239889347.01
2023-01-26,57799,379810239.42
2023-01-27,91455,253062545.73
2023-01-30,99807,352387380.75
2023-01-31,10186,410145750.44
2023-02-02,150284,357444542.48
2023-02-03,55842,282122605.35
2023-02-07,43031,379714865.71
2023-02-08,83194,474072823.77
2023-02-09,46136,277727863.42
2023-02-10,172116,286600528.81
2023-02-13,64629,326074901.73
2023-02-14,10807,354983925.0
2023-02-15,48325,347073456.29
2023-02-16,23565,218655656.64
2023-02-17,11468,142996098.68
2023-02-20,20948,174054662.72
2023-02-21,14692,287165948.62
2023-02-22,30409,253450352.01
2023-02-23,12398,199317589.96
2023-02-24,32167,208508138.46
2023-02-27,142527,287449285.92
2023-02-28,72371,365574754.11
2023-03-01,68690,485580580.61
2023-03-02,120416,284496377.77
2023-03-03,54191,207827246.65
2023-03-06,83092,235997886.23
2023-03-07,24996,432366508.77
2023-03-08,53168,250242514.96
2023-03-09,33469,277625757.59
2023-03-10,201192,230879450.75
2023-03-13,52646,269035085.55
2023-03-14,10111,386125468.26
2023-03-15,46576,280362168.0
2023-03-16,19566,154959306.2
2023-03-17,11168,140851308.83
2023-03-20,21281,221786904.47
2023-03-21,15893,266559801.75
2023-03-22,43176,276372822.48
2023-03-23,13951,174727291.5
2023-03-24,44522,165703518.73
2023-03-27,123377,210290893.38
2023-03-28,66049,335724842.77
2023-03-29,47563,307524603.55
2023-03-30,9811,798329215.22
2023-03-31,8118,276219273.26
2023-04-03,127733,258191347.72
2023-04-04,41950,379393635.91
2023-04-05,118228,398021508.77
2023-04-06,33250,192536791.18
2023-04-07,22591,199546262.71
2023-04-10,149885,232087311.52
2023-04-11,75260,306997756.95
2023-04-12,66381,365346605.75
2023-04-13,11816,370388450.49
2023-04-14,10435,189983594.89
2023-04-17,65610,245754544.72
2023-04-18,34625,317448090.67
2023-04-19,37550,268452712.56
2023-04-20,9825,225407922.41
2023-04-25,89325,299138213.73
2023-04-26,47441,408549514.1
2023-04-27,102819,335572671.7
2023-04-28,65902,214738289.07
2023-05-02,142697,375806741.25
2023-05-03,103769,426878540.85
2023-05-05,84870,573110107.32
2023-05-08,53027,289564424.42
2023-05-09,18809,423521736.6
2023-05-10,212303,356348627.52
2023-05-11,43266,254123105.19
2023-05-12,9564,235521730.42
2023-05-15,42994,303043960.52
2023-05-16,21254,341093114.91
2023-05-17,28020,240799476.27
2023-05-18,12237,190390270.15
2023-05-19,7743,150960787.29
2023-05-22,35532,235027452.23
2023-05-23,24447,311154365.95
2023-05-24,38595,230332427.46
2023-05-25,34313,200714103.0
2023-05-26,67535,223171805.99
2023-05-29,129974,277129971.55
2023-05-30,40817,359747279.81
2023-05-31,22545,445194996.91
2023-06-01,76194,187635570.84
2023-06-02,83260,230612800.84
2023-06-06,79051,298430624.17
2023-06-07,73989,492678889.41
2023-06-08,60614,291583415.46
2023-06-09,22875,262689500.4
2023-06-12,221617,274903277.12
2023-06-13,22256,338387377.53
2023-06-14,29902,340996217.7
2023-06-15,31664,245715718.09
2023-06-16,18408,176684709.31
2023-06-19,19432,196973119.64
2023-06-20,18433,308835119.06
2023-06-21,35225,290864496.78
2023-06-22,19542,164260482.2
2023-06-23,19541,174797472.44
2023-06-26,103273,237025702.54
2023-06-27,85023,379042455.15
2023-06-28,105617,340708061.34
2023-06-30,29029,372762614.91
2023-07-03,142664,513742127.78
2023-07-04,57306,424644477.28
2023-07-05,55948,297730404.16
2023-07-06,53723,214253222.9
2023-07-07,46534,230815650.9
2023-07-10,197096,294647064.65
2023-07-11,66386,427835355.85
2023-07-12,43148,333578019.16
2023-07-13,11655,234947990.52
2023-07-14,15226,220972049.23
2023-07-17,47410,249407647.18
2023-07-18,12311,270704743.03
2023-07-20,33671,331904494.6
2023-07-21,16973,233740806.32
2023-07-24,34710,224670456.66
2023-07-25,37439,378973019.72
2023-07-26,67967,286983805.89
2023-07-27,108750,233282112.23
2023-07-28,72597,224639992.73
2023-07-31,32460,324267918.71
2023-08-01,78519,409850529.38
2023-08-02,100783,293159232.95
2023-08-03,56226,263919628.12
2023-08-04,33854,225808748.3
2023-08-07,76349,242950656.33
2023-08-08,38783,331267148.35
2023-08-09,44600,310339354.6
2023-08-10,187950,295737341.97
2023-08-11,47841,190337076.07
2023-08-14,21220,263394277.49
2023-08-15,26185,342877418.98
2023-08-16,40617,289843048.33
2023-08-17,8543,199984265.65
2023-08-18,10932,211948477.52
2023-08-21,24086,176439435.58
2023-08-22,28764,305617329.4
2023-08-23,39879,292059608.7
2023-08-24,25564,152694027.01
2023-08-25,66845,161724530.68
2023-08-28,126751,267728717.37
2023-08-29,60092,393494309.86
2023-08-30,29048,286378751.56
2023-09-01,67376,226788323.66
2023-09-04,148776,458204325.8
2023-09-05,65449,544234254.16
2023-09-06,64352,246388430.71
2023-09-07,132584,313608916.96
2023-09-08,241522,338461650.76
2023-09-11,483727,448359350.6
2023-09-12,36973,372015876.07
2023-09-13,33241,300594382.55
2023-09-14,11301,257119947.35
2023-09-15,36543,220199623.58
2023-09-18,25873,207370786.12
2023-09-19,18335,244100704.64
2023-09-20,21068,252715994.83
2023-09-21,28534,196482734.3
2023-09-22,9576,154575431.16
2023-09-25,56019,201376057.11
2023-09-26,84094,346720153.17
2023-09-27,131235,403315883.64
2023-09-29,71028,270971038.24
2023-10-02,137559,461014361.17
2023-10-03,84704,406372732.41
2023-10-04,63645,346317991.76
2023-10-05,68151,230054484.26
2023-10-06,23951,213524567.66
2023-10-09,37709,224646049.5
2023-10-10,189919,417515875.51
2023-10-11,74980,279888006.96
2023-10-12,17441,212812049.76
2023-10-13,12607,194836513.71
2023-10-16,43033,277565775.9
2023-10-17,15485,361835487.41
2023-10-18,30559,250186395.69
2023-10-19,12065,116629038.63
2023-10-20,14294,181232160.95
2023-10-23,30302,170293551.39
2023-10-24,10742,303584144.21
2023-10-25,125783,310709703.37
2023-10-26,25272,202779192.88
2023-10-30,103598,253818341.52
2023-10-31,10798,367600087.53
2023-11-01,127251,249573505.32
2023-11-02,70405,260739729.55
2023-11-03,61919,233350402.56
2023-11-06,86574,207013176.84
2023-11-07,36965,419897109.61
2023-11-08,42722,320575229.19
2023-11-09,28499,223367475.02
2023-11-10,188252,268632434.02
2023-11-14,73152,353991189.97
2023-11-15,31441,406637792.44
2023-11-16,35757,225185068.58
2023-11-17,10877,197972851.23
2023-11-20,28208,200853180.47
2023-11-21,23671,270223746.35
2023-11-22,31589,258744070.49
2023-11-23,14506,178557532.83
2023-11-24,68306,174326464.78
2023-11-27,122718,238213017.91
2023-11-28,86457,525447100.28
2023-11-29,52401,282607846.53
2023-11-30,13907,272075470.33
2023-12-01,82177,195323108.72
2023-12-04,116364,246246717.51
2023-12-05,78209,385035766.09
2023-12-06,71364,234839433.19
2023-12-07,29957,269717381.04
2023-12-08,26864,266478519.66
2023-12-11,214041,281164319.54
2023-12-12,45447,303835590.85
2023-12-13,42967,339386047.79
2023-12-14,14219,219873647.74
2023-12-15,23302,215989564.08
2023-12-18,33756,206384485.02
2023-12-19,21727,266121521.51
2023-12-20,40075,259277572.24
2023-12-21,19925,214292849.03
2023-12-22,15556,198496481.1
2023-12-26,126412,364542741.76
2023-12-27,87541,476370506.23
2023-12-28,101377,295799683.07
2023-12-29,22425,246794631.3
2024-01-02,127768,328004857.06
2024-01-03,88123,467221365.61
2024-01-04,46566,214955017.29
2024-01-05,88125,336426101.18
2024-01-08,41634,242311275.83
2024-01-09,23947,388359785.39
2024-01-10,140111,298471983.16
2024-01-11,24681,317249824.33
2024-01-12,101100,218560277.19
2024-01-15,66603,291261486.27
2024-01-16,19504,285358362.1
2024-01-17,28137,211289518.49
2024-01-18,18507,251115989.9
2024-01-19,8340,164785333.8
2024-01-22,27204,186182400.49
2024-01-23,19584,273231615.23
2024-01-24,43553,238493659.32
2024-01-26,136063,244083441.0
2024-01-29,146686,371038523.89
2024-01-30,42272,380143053.22
2024-01-31,26583,484658883.58
2024-02-02,156739,362804496.55
2024-02-05,101698,366218499.78
2024-02-06,26264,368055959.88
2024-02-07,105524,344187882.18
2024-02-08,23144,338892434.31
2024-02-09,15987,259881064.57
2024-02-13,180206,250774173.55
2024-02-14,83390,315379556.35
2024-02-15,46476,351558374.29
2024-02-16,14833,218302417.05
2024-02-19,25505,200491041.8
2024-02-20,24543,262895771.2
2024-02-21,35805,281658038.13
2024-02-22,11461,233102002.95
2024-02-23,18961,205167460.72
2024-02-26,130841,233200034.7
2024-02-27,89674,419259844.38
2024-02-28,115534,341196082.74
2024-02-29,30689,419682223.27
2024-03-01,85225,245210198.83
2024-03-04,120998,334159937.92
2024-03-05,55897,360030709.33
2024-03-06,111795,464225878.7
2024-03-07,19826,233872775.44
2024-03-08,17330,266063091.37
2024-03-11,211220,326049675.82
2024-03-12,53953,361071260.13
2024-03-13,43662,335344933.65
2024-03-14,10677,276889911.92
2024-03-15,23629,213583228.46
2024-03-18,35120,244405825.98
2024-03-19,20985,264946441.4
2024-03-20,37598,296283089.61
2024-03-21,15496,239389814.5
2024-03-22,8921,166953014.52
2024-03-25,127726,226419573.37
2024-03-26,29814,336282505.12
2024-03-27,83807,577757052.04
2024-03-29,112890,536196878.79
2024-04-01,61784,438229410.51
2024-04-02,78160,396917986.81
2024-04-03,90195,318277990.86
2024-04-04,74214,459249263.54
2024-04-05,111030,286140148.26
2024-04-08,50689,338365272.7
2024-04-09,30669,414746560.81
2024-04-12,219289,546007848.94
2024-04-15,62876,343202305.54
2024-04-16,17905,346316290.14
2024-04-17,48440,287442890.67
2024-04-18,22203,216818934.45
2024-04-19,8615,208332946.06
2024-04-22,25569,194559414.59
2024-04-23,22402,288716225.63
2024-04-24,38092,258848080.63
2024-04-25,118697,259203580.94
2024-04-26,24097,246478605.42
2024-04-29,168277,402550388.94
2024-04-30,37902,411030977.5
2024-05-02,185806,359517653.05
2024-05-03,110729,351699435.64
2024-05-06,84718,273329476.6
2024-05-07,28330,362731113.3
2024-05-08,39359,385461730.19
2024-05-09,30877,285279474.11
2024-05-10,174285,302555211.0
2024-05-13,90438,221376272.64
2024-05-14,16548,392523105.46
2024-05-15,42945,317260172.16
2024-05-16,20718,232792179.17
2024-05-17,9495,174524683.07
2024-05-20,35743,205318101.42
2024-05-21,20824,287127376.19
2024-05-23,48019,278824872.15
2024-05-24,88216,272411275.86
2024-05-27,160379,244668975.39
2024-05-28,79257,401192171.91
2024-05-29,51611,470686959.47
2024-05-30,12920,275293807.65
2024-05-31,10708,214023247.72
2024-06-04,169747,280858979.95
2024-06-05,171019,567289005.15
2024-06-06,53641,303842172.16
2024-06-07,17557,262339512.26
2024-06-10,225071,391809157.85
2024-06-11,37332,382986028.76
2024-06-12,61194,271581119.32
2024-06-13,21355,195778394.24
2024-07-02,107280,473612592.98
2024-07-03,65186,370894696.15
2024-07-04,55642,272746394.15
2024-07-05,77774,263261709.33
2024-07-09,54484,344144427.85
2024-07-10,188016,479025280.24
2024-07-11,94385,317816782.22
2024-07-12,16386,243554383.33
2024-07-15,43174,318593637.99
2024-07-16,22542,338768106.14
2024-07-17,28036,259445021.9
2024-07-18,21039,204973879.8
2024-07-19,12404,179201860.55
2024-07-22,29272,238972552.32
2024-07-23,26737,291187250.3
2024-07-24,44857,320427551.15
2024-07-25,124382,275448590.8
2024-07-26,23921,177898702.97
2024-07-29,130296,498383532.31
2024-07-30,69604,348841921.79
2024-07-31,24015,378508779.47
2024-08-01,74235,156581912.28
2024-08-02,123699,321419150.92
2024-08-05,125247,358271610.9
2024-08-06,28641,294450637.25
2024-08-07,73310,348075070.96
2024-08-08,23377,304037490.27
2024-08-09,18725,223399616.03
2024-08-12,141501,262432783.32
2024-08-13,16262,355672436.61
2024-08-14,41348,337522941.12
2024-08-15,87606,260697258.68
2024-08-16,61205,264983516.34
2024-08-19,30782,192440440.7
2024-08-20,20605,275970945.43
2024-08-21,37509,276580675.67
2024-08-22,12731,191112943.64
2024-08-23,23815,131988605.25
2024-08-26,141886,236587607.34
2024-08-27,118514,332709063.48
2024-08-28,99455,262118981.85
2024-08-29,28090,249661298.13
2024-08-30,12430,413154403.98
2024-09-02,136585,294408994.36
2024-09-03,120753,288368748.56
2024-09-04,70782,402368258.77
2024-09-05,81924,241074827.25
2024-09-06,23213,219638147.12
2024-09-09,36754,301750975.61
2024-09-10,185282,390166092.81
2024-09-11,105689,330080846.17
2024-09-12,21074,299045962.65
2024-09-13,17220,199075019.26
2024-09-17,39710,152814367.76
2024-09-18,17959,265899603.45
2024-09-19,40237,369505307.53
2024-09-20,12348,267063016.49
2024-09-23,34016,224745579.01
2024-09-24,13220,258468005.66
2024-09-25,172205,333055224.89
2024-09-26,29047,266459843.62
2024-09-27,86490,253866915.92
2024-09-30,112314,501825019.35
2024-10-01,55356,250561691.39
2024-10-02,164855,474330185.85
2024-10-03,112571,266067119.06
2024-10-04,20237,247185592.86
2024-10-07,101804,315659304.02
2024-10-08,35253,346766210.06
2024-10-09,43204,323288158.43
2024-10-10,172969,335006876.64
2024-10-11,74402,252287435.26
2024-10-14,38873,239647782.79
2024-10-15,28795,312121831.32
2024-10-16,37507,285343929.44
2024-10-17,9718,242429377.21
2024-10-18,12716,193470129.02
2024-10-21,32202,196127009.2
2024-10-22,23916,309159888.41
2024-10-23,39005,249889948.82
2024-10-24,13177,212441212.32
2024-10-25,147645,180255460.98
2024-10-28,163586,322961561.77
2024-10-29,66396,514395606.73
2024-10-30,32753,334460129.11
2024-11-01,91942,205718364.81
2024-11-04,144194,422480957.26
2024-11-05,105144,378473277.3
2024-11-06,75717,370445872.42
2024-11-07,26418,265929801.58
2024-11-08,24740,206747412.4
2024-11-11,210617,289533500.37
2024-11-12,75397,357062008.11
2024-11-13,22984,383221682.38
2024-11-14,30065,261767405.45
2024-11-15,22995,253494876.86
2024-11-18,39693,255193258.42
2024-11-19,19589,278397446.16
2024-11-20,32789,228794038.6
2024-11-21,16017,214265830.24
2024-11-22,14549,220603051.61
2024-11-25,148271,232526622.81
2024-11-26,45357,307953933.69
2024-11-27,109990,368168762.81
2024-11-28,102915,414689064.52
2024-11-29,26794,290280339.15
2024-12-02,136514,320746927.46
2024-12-03,125695,356318700.03
2024-12-04,51868,411135486.51
2024-12-05,111833,202889245.62
2024-12-06,27127,228821535.29
2024-12-09,40482,309070284.26
2024-12-10,199292,448508364.26
2024-12-11,97129,280276615.95
2024-12-12,19860,262330284.18
2024-12-13,18245,318713585.37
2024-12-16,41857,340784424.37
2024-12-17,18901,325721950.9
2024-12-18,41028,306601375.79
2024-12-19,12298,242608187.55
2024-12-20,15534,234073883.02
2024-12-23,44372,220920647.27
2024-12-24,17103,337110143.81
2024-12-26,156328,346418053.62
2024-12-27,122921,493369684.69
2024-12-30,96905,337712863.36
2024-12-31,34442,470397016.58
2025-01-02,159705,252908541.64
2025-01-03,126495,424066060.51
2025-01-06,123213,381156185.9
2025-01-07,28289,345123977.41
2025-01-08,45384,267803635.92
2025-01-09,22939,249671953.64
2025-01-10,148043,297541610.21
2025-01-13,86676,291664311.85
2025-01-14,49507,307560533.19
2025-01-15,59976,419736208.7
2025-01-16,20215,279292998.66
2025-01-17,9749,170673506.91
2025-01-20,38633,285580037.45
2025-01-21,18837,292851588.94
2025-01-22,44387,357855601.29
2025-01-23,24235,213512962.41
2025-01-24,69568,252941746.18
2025-01-27,176159,365987725.26
2025-01-28,139364,611601564.39
2025-01-31,77604,344476508.36
2025-02-03,167703,329002423.61
2025-02-04,107535,397930740.46
2025-02-05,131064,396231942.07
2025-02-06,20463,214438879.69
2025-02-07,19771,263553698.58
2025-02-10,203722,330886256.18
2025-02-12,83606,457944589.05
2025-02-13,41862,361433142.92
2025-02-14,26027,275184075.16
2025-02-17,41203,327096921.51
2025-02-18,30112,401128815.11
2025-02-19,32171,243028332.42
2025-02-20,11993,214603091.57
2025-02-21,15961,241816411.05
2025-02-24,39019,226373168.71
2025-02-25,135472,344080598.83
2025-02-26,86142,418619601.98
2025-02-27,96701,251257558.63
2025-02-28,127352,295676911.01
2025-03-03,216826,500864382.2
2025-03-04,102365,466151428.23
2025-03-05,150786,570866323.78
2025-03-06,25721,220672392.21
2025-03-07,18692,241033834.47
2025-03-10,196868,305985118.39
2025-03-11,62282,451249415.06
2025-03-12,50283,311739412.32
2025-03-13,13439,245181984.1
2025-03-14,39983,196752784.66
2025-03-17,43514,333975540.3
2025-03-19,54909,366444515.67
2025-03-20,18305,312268488.94
2025-03-21,16786,235837999.5
2025-03-24,51544,271801146.01
2025-03-25,166237,427714148.76
2025-03-26,63685,335279221.09
2025-03-27,122473,311141546.66
2025-03-28,110566,285798848.71
2025-04-02,142400,395406525.17
2025-04-03,167219,538246144.62
2025-04-04,50449,347982303.83
2025-04-07,142354,367948643.69
2025-04-08,30868,353840843.61
2025-04-09,41581,482677523.35
2025-04-10,219690,331608979.55
2025-04-11,44618,259033956.64
2025-04-14,28221,417184621.8
2025-04-15,32602,659640858.23
2025-04-16,39283,309662656.03
2025-04-17,12383,161757651.6
2025-04-18,23688,221629962.05
2025-04-21,25061,219134621.32
2025-04-22,27281,311675688.96
2025-04-23,45907,303277839.33
2025-04-24,18821,218905855.22
2025-04-25,158997,237964151.84
2025-04-28,191956,331807689.72
2025-04-29,80116,408679064.16
2025-04-30,39954,391762069.02
2025-05-02,206960,290695167.87
2025-05-05,138468,393559502.99
2025-05-06,105215,455069164.94
2025-05-07,51815,475378544.26
2025-05-08,33414,238551944.04
2025-05-09,26714,308694376.62
2025-05-13,211211,495106515.14
2025-05-14,61840,487612056.49
2025-05-15,52088,372381405.79
2025-05-16,23600,281834252.15
2025-05-19,28003,270767389.69
2025-05-20,22198,319269629.72
2025-05-21,38192,272725780.69
2025-05-22,23233,228078340.81
2025-05-23,27594,270004143.1
2025-05-26,122900,333119041.06
2025-05-27,183525,433390784.58
2025-05-28,134536,394429125.14
2025-05-29,18929,238705888.4
2025-05-30,24746,318752968.55
2025-06-03,225064,379325967.97
2025-06-04,96755,636958901.24
2025-06-05,142936,304970854.94
2025-06-06,29053,248092967.6
2025-06-09,47276,325065440.02
2025-06-10,179261,437528919.92
2025-06-11,111676,369390340.71
2025-06-12,19992,323250375.39
2025-06-13,16003,226114072.24
2025-06-16,49695,373163948.38
2025-06-17,20045,364903065.01
2025-06-18,40284,230466588.43
2025-06-19,9655,246327590.15
2025-06-20,15305,269634045.66
2025-06-23,45518,373430476.25
2025-06-24,18797,397841395.9
2025-06-25,137855,327970347.52
2025-06-26,154885,379204452.83
2025-06-30,116882,488885184.68
2025-07-01,73807,402445619.99
2025-07-02,240180,562263308.71
2025-07-03,57786,327945711.9
2025-07-04,71348,256048611.43
2025-07-07,112222,284009597.78
2025-07-08,41719,393258048.59
2025-07-09,43798,402256391.24
2025-07-10,195328,311397468.81
2025-07-11,67607,300551462.04
2025-07-14,28964,260500039.35
2025-07-15,33573,493711091.43
2025-07-16,41054,353534759.35
2025-07-17,10583,256027685.88
2025-07-18,24560,213108430.92
2025-07-21,22726,225975531.33
2025-07-22,31243,423980022.12
2025-07-23,48318,369252946.87
2025-07-24,16494,280327879.75
2025-07-25,147687,285082267.47
2025-07-28,237090,402316799.93
2025-07-29,55868,508389019.59
2025-07-30,33090,372668850.6
2025-07-31,14570,294049631.46
2025-08-01,102146,243302268.82
2025-08-04,144056,389984674.84
2025-08-05,140831,519044858.07
2025-08-06,64480,304699635.29
2025-08-07,28613,264400257.66
2025-08-08,40480,302655064.07
2025-08-11,193261,381760404.16
2025-08-12,88637,500339601.78
2025-08-13,41444,382590066.53
2025-08-14,16010,240911207.44
2025-08-15,31914,345611320.42
2025-08-18,38923,341949463.66
2025-08-19,20917,265216253.8
2025-08-20,39347,432304899.68
2025-08-21,14493,236667866.15
2025-08-22,20405,275239585.54
2025-08-25,158350,339108328.67
2025-08-26,102067,422412674.5
2025-08-27,122309,395615674.61
2025-08-28,129387,323887748.09
2025-08-29,33138,291131593.21
2025-09-02,242723,449698335.32
2025-09-03,104341,563682437.01
2025-09-04,29194,450076459.95
2025-09-08,153577,410951344.38
2025-09-09,55646,560767680.04
2025-09-10,199457,416621716.0
2025-09-11,78304,383421798.42
2025-09-12,36647,274952567.43
2025-09-17,84999,513443321.39
2025-09-18,19018,369051854.04
2025-09-19,14081,375270573.14
2025-09-22,37225,286356311.62
2025-09-23,26075,443648322.1
2025-09-24,40332,423803605.64
2025-09-25,178537,287906593.18
2025-09-26,80213,326101587.01
2025-09-29,174153,400053576.47
2025-09-30,80495,586407464.07
2025-10-01,86876,357279637.71
2025-10-02,185340,418494454.99
2025-10-03,149461,337494827.88
2025-10-06,112449,470292913.91
2025-10-07,40679,400037346.58
2025-10-08,64530,362648208.11
2025-10-09,19519,328313743.31
2025-10-10,208805,353292148.63
2025-10-13,64826,400868376.65
2025-10-14,19559,405291332.01
2025-10-15,57917,433380084.01
2025-10-16,23234,289542927.42
2025-10-17,15884,223870116.27
2025-10-21,54184,405052676.48
2025-10-22,60669,524263441.09
2025-10-23,14396,275183179.32
2025-10-24,27113,269188507.0
2025-10-27,180440,408061749.47
2025-10-28,248020,443473599.43
2025-10-29,76416,349419340.01
2025-10-30,20879,262618086.89
2025-10-31,17653,313210586.76
2025-11-03,254110,420166631.12
2025-11-04,94048,544121987.73
2025-11-05,157807,406114807.12
2025-11-06,23047,276924211.55
2025-11-07,22794,307798578.36
2025-11-10,201349,418667023.61
2025-11-11,98515,410208534.74
2025-11-12,52681,414739595.08
2025-11-13,12114,296510265.0
2025-11-14,20746,234804481.84
2025-11-17,50025,364169574.72
2025-11-18,25501,445565282.58
2025-11-19,29987,377062690.14
2025-11-20,17582,187227164.06
2025-11-21,20213,292164097.39
2025-11-24,50738,326969843.23
2025-11-25,81969,431573912.42
2025-11-26,166326,346884633.09
2025-11-27,164841,382195725.63
2025-11-28,120987,304223487.81
2025-12-01,75544,414442831.28
2025-12-02,230390,512226407.15
2025-12-03,111880,410166250.15
2025-12-04,56163,276069249.68
2025-12-05,102860,310809349.68
2025-12-08,55224,338698835.38
2025-12-09,27204,375434251.33
2025-12-10,193361,464364045.83
2025-12-11,94752,272102884.87
2025-12-12,23552,296866935.23
2025-12-15,46079,456854787.72
2025-12-16,26597,418635465.37
2025-12-17,33497,450451130.8
2025-12-18,34048,241997183.04
2025-12-19,18383,206618421.43
2025-12-22,38569,348242482.64
2025-12-23,40332,380423460.04
2025-12-24,50521,420999918.11
2025-12-26,152391,384683522.5
2025-12-29,208288,386689361.92
2025-12-30,152551,517834671.64
2025-12-31,34680,529453592.52
2026-01-02,201272,354631474.43
2026-01-05,197625,446303236.52
2026-01-06,76389,442625595.59
2026-01-07,88575,467793646.08
2026-01-08,40101,270660983.26
2026-01-09,23322,255493492.98
2026-01-12,191190,352202581.1
2026-01-13,57974,421882407.7
2026-01-14,61273,462558231.5
2026-01-15,32421,273596463.29
2026-01-16,25202,251926070.22
2026-01-19,32123,345600988.55
2026-01-20,24824,375931960.5
2026-01-21,49770,375750554.8
2026-01-22,31853,237069652.3
2026-01-23,36505,238432952.6
2026-01-26,196343,396480595.29
2026-01-27,172015,469228532.97
2026-01-28,161914,293719517.4
2026-01-29,31062,385156821.76
2026-01-30,22288,403715204.3
2026-02-03,212678,417889536.52
2026-02-04,142351,407621448.01
2026-02-05,181852,607155527.53
2026-02-06,27907,339526445.9
2026-02-09,62754,394423668.79
2026-02-10,178795,479949447.12
2026-02-11,113335,508915442.42
2026-02-12,54571,270090593.01
2026-02-13,18767,316190204.22
2026-02-16,67293,453278988.12
2026-02-19,62075,399774368.44
2026-02-20,29460,416784427.0
2026-02-23,48262,377763271.28
2026-02-24,22407,415154039.65
2026-02-25,155342,465032028.27
2026-02-26,178123,328648105.8
2026-02-27,143008,323292706.39
2026-03-02,267519,498777263.5
2026-03-03,131347,531748324.62
2026-03-04,114532,441733304.66
2026-03-05,66438,289754099.79
2026-03-06,30244,284239918.52
2026-03-09,88732,438664320.17
2026-03-10,256051,524242905.44
2026-03-11,76710,444710885.71
2026-03-12,22035,446645673.14
2026-03-13,28619,222784439.95
2026-03-16,80934,403900159.94
2026-03-17,24448,462887317.61
2026-03-18,50931,420672425.37
2026-03-19,12250,255832089.06
2026-03-24,71607,432470637.81
2026-03-25,214088,586230657.71
2026-03-26,104975,322411175.4
2026-03-27,83563,329306122.0
2026-03-30,125691,508582184.3
2026-03-31,27405,302056290.57
2026-04-01,99832,231071276.21
2026-04-02,237410,515417208.93
2026-04-03,31165,278726273.34
2026-04-06,110767,180974244.52
2026-04-07,68940,418164095.65
2026-04-08,55712,482097609.39
2026-04-09,32702,246255228.58
2026-04-10,176262,312693151.69
2026-04-13,64253,286418690.38
2026-04-14,43177,660532013.75
2026-04-15,50394,507479508.43
2026-04-16,50215,265896984.05
2026-04-17,17417,233572822.95
2026-04-20,41482,339132747.48
2026-04-21,23426,427026629.77
2026-04-22,56765,411655822.15
2026-04-23,32220,234911553.09
2026-04-24,191628,246876455.14
2026-04-27,207756,412245842.14
2026-04-28,115306,494808834.24
2026-04-29,52607,401296177.73
2026-04-30,23720,331919261.61
2026-05-04,312200,578042571.81
2026-05-05,205054,650239302.74
2026-05-06,20367,253251010.59
2026-05-07,34087,407078561.3
2026-05-08,37685,363761246.06
2026-05-11,184043,406028140.62
2026-05-12,114364,611137670.32
2026-05-13,82315,526151731.01
2026-05-14,15380,346300544.06
2026-05-15,45199,287587096.43
2026-05-18,43256,377757736.4
2026-05-19,20348,455216780.07
2026-05-20,41745,382632999.05
2026-05-21,28159,257962017.2
2026-05-22,43769,339131476.89
2026-05-25,222715,389267496.06
2026-05-26,116679,578949850.01
2026-05-28,205474,555713254.54
2026-05-29,76044,464838608.21
2026-06-03,230622,554414913.96
2026-06-04,131034,653472345.04
2026-06-05,124701,449874786.42
2026-06-08,77965,468196021.49
2026-06-09,35216,547652149.23
2026-06-10,223737,483402487.17
2026-06-11,126291,358829077.85
2026-06-12,57785,292398933.3
2026-06-15,51972,451411031.5
2026-06-16,35280,418605286.07
2026-06-18,45147,453945515.56
2026-06-19,22240,259432539.95
2026-06-22,54876,381968815.22
2026-06-23,33695,468303541.79
2026-06-24,41650,450785149.94
2026-06-25,159635,199819623.42
2026-06-26,210585,332846646.72
2026-06-29,151306,389665953.28
2026-06-30,29653,644725097.4
2026-07-01,177808,395159171.36
2026-07-02,201652,429031560.57
2026-07-03,72457,379023914.99
2026-07-06,91201,326412789.01
2026-07-07,79989,411713857.24
2026-07-08,61217,455612378.57
2026-07-09,26715,287154399.94
2026-07-10,216491,284053837.09
2026-07-13,128680,345030669.08
2026-07-14,29185,484849889.05
2026-07-15,65940,501139576.82
2026-07-16,25953,249544953.39
2026-07-17,29352,203143481.76
2026-07-20,36992,296711754.09
2026-07-21,19713,418740933.55
2026-07-22,56150,365316349.01
2026-07-23,33682,264683481.13
2026-07-24,174037,206271941.06
2026-07-27,205956,306525848.6
2026-07-28,172957,617582235.51
2026-07-29,53585,335497543.67
2026-07-30,16784,301457369.71
2026-07-31,17659,370588731.29
2026-08-03,234504,311955524.48
2026-08-04,189224,671456103.69
2026-08-05,140164,439581902.3
2026-08-06,28704,295974796.96
2026-08-07,30663,247246239.21
2026-08-10,215240,362382074.94
2026-08-11,137308,584023202.93
2026-08-12,66029,408452576.7
2026-08-13,24059,274575702.82
2026-08-14,34260,244849414.43
2026-08-17,58726,345892482.86
2026-08-18,25200,514601785.09
2026-08-19,15302,372920935.18
2026-08-20,18002,197810578.39
2026-08-21,44377,237248364.33
2026-08-24,71435,351716928.06
2026-08-26,196508,488270760.9
2026-08-27,270355,692917536.71
2026-09-01,103629,381956616.93
